time,MSL_filtered_GIA_TPA_corrected_adjusted,chlor_a,sst_anomaly
1982-01-15,,,-0.22812633
1982-02-15,,,-0.25176266
1982-03-15,,,-0.63939565
1982-04-15,,,-0.82847565
1982-05-15,,,-1.3471369
1982-06-15,,,-0.6126541
1982-07-15,,,-0.7548428
1982-08-15,,,-1.3676598
1982-09-15,,,-1.008956
1982-10-15,,,-0.62887037
1982-11-15,,,-0.6465659
1982-12-15,,,-1.286453
1983-01-15,,,-1.2434199
1983-02-15,,,-1.307278
1983-03-15,,,-1.23066
1983-04-15,,,-1.2063545
1983-05-15,,,-1.0644214
1983-06-15,,,-1.5580952
1983-07-15,,,-0.6521346
1983-08-15,,,-1.5232941
1983-09-15,,,-1.210948
1983-10-15,,,-1.0692927
1983-11-15,,,-0.8669899
1983-12-15,,,-0.9860611
1984-01-15,,,-0.7556451
1984-02-15,,,-0.9068118
1984-03-15,,,-0.87274235
1984-04-15,,,-0.9934783
1984-05-15,,,-2.0011597
1984-06-15,,,-2.469822
1984-07-15,,,-2.068923
1984-08-15,,,-2.2251863
1984-09-15,,,-1.7898159
1984-10-15,,,-1.4870524
1984-11-15,,,-0.5479987
1984-12-15,,,-0.35070962
1985-01-15,,,-0.6662275
1985-02-15,,,-0.46393755
1985-03-15,,,-0.69436985
1985-04-15,,,-0.76218027
1985-05-15,,,-1.1413311
1985-06-15,,,-0.78708535
1985-07-15,,,-0.932097
1985-08-15,,,-1.1161029
1985-09-15,,,-0.79840916
1985-10-15,,,-0.4850916
1985-11-15,,,-0.6036622
1985-12-15,,,-0.30800557
1986-01-15,,,-0.19906712
1986-02-15,,,-0.4886032
1986-03-15,,,-0.4095139
1986-04-15,,,-0.45092162
1986-05-15,,,-0.26389003
1986-06-15,,,-1.0940533
1986-07-15,,,-1.1454694
1986-08-15,,,-0.7086968
1986-09-15,,,-0.3698283
1986-10-15,,,-0.32267
1986-11-15,,,-0.6352371
1986-12-15,,,-0.43833014
1987-01-15,,,-0.98779494
1987-02-15,,,-0.78087693
1987-03-15,,,-0.98880035
1987-04-15,,,-1.1831886
1987-05-15,,,-2.05868
1987-06-15,,,-1.9133308
1987-07-15,,,-0.9782973
1987-08-15,,,-1.1166549
1987-09-15,,,0.09466213
1987-10-15,,,-0.12624775
1987-11-15,,,-0.7061961
1987-12-15,,,-0.57745
1988-01-15,,,-0.07037752
1988-02-15,,,6.814039e-05
1988-03-15,,,-0.40866753
1988-04-15,,,-0.36732748
1988-05-15,,,-0.5661117
1988-06-15,,,-1.2098905
1988-07-15,,,-0.5531465
1988-08-15,,,-0.34698886
1988-09-15,,,-0.8737485
1988-10-15,,,-0.7323155
1988-11-15,,,-0.80317366
1988-12-15,,,-1.0596662
1989-01-15,,,-0.8001245
1989-02-15,,,-0.6748527
1989-03-15,,,-0.48315698
1989-04-15,,,-0.22985247
1989-05-15,,,-0.85522854
1989-06-15,,,-1.3935717
1989-07-15,,,-1.1131189
1989-08-15,,,-0.83893013
1989-09-15,,,-0.82003623
1989-10-15,,,-1.2667401
1989-11-15,,,-0.4584551
1989-12-15,,,-0.14607319
1990-01-15,,,0.0061240965
1990-02-15,,,0.092001125
1990-03-15,,,0.04188634
1990-04-15,,,-0.13205425
1990-05-15,,,0.17870535
1990-06-15,,,-1.0428786
1990-07-15,,,-0.7387067
1990-08-15,,,-0.86676973
1990-09-15,,,-0.8276939
1990-10-15,,,0.038592037
1990-11-15,,,0.28047863
1990-12-15,,,-0.08053232
1991-01-15,,,0.12287934
1991-02-15,,,-0.26500258
1991-03-15,,,-0.23462059
1991-04-15,,,-0.6320935
1991-05-15,,,-1.9752501
1991-06-15,,,-1.927773
1991-07-15,,,-1.4082153
1991-08-15,,,-0.9807282
1991-09-15,,,-0.29012412
1991-10-15,,,-0.31335187
1991-11-15,,,-0.6880691
1991-12-15,,,-0.89464974
1992-01-15,,,-0.881815
1992-02-15,,,-0.76747566
1992-03-15,,,-0.8979622
1992-04-15,,,-0.99038875
1992-05-15,,,-1.1079419
1992-06-15,,,-1.5892892
1992-07-15,,,-1.3152927
1992-08-15,,,-0.2075164
1992-09-15,,,-0.52893746
1992-10-15,,,-0.6165956
1992-11-15,,,-0.31024238
1992-12-15,,,-0.47168425
1993-01-01,-2.4406073,,
1993-01-02,-2.412209,,
1993-01-03,-2.3837445,,
1993-01-04,-2.3551977,,
1993-01-05,-2.326554,,
1993-01-06,-2.2977984,,
1993-01-07,-2.2689166,,
1993-01-08,-2.2398949,,
1993-01-09,-2.2107203,,
1993-01-10,-2.1813796,,
1993-01-11,-2.1518605,,
1993-01-12,-2.122151,,
1993-01-13,-2.0922396,,
1993-01-14,-2.0621157,,
1993-01-15,-2.0317683,,-0.56980157
1993-01-16,-2.001188,,
1993-01-17,-1.9703648,,
1993-01-18,-1.9392899,,
1993-01-19,-1.9079548,,
1993-01-20,-1.8763518,,
1993-01-21,-1.8444734,,
1993-01-22,-1.8123127,,
1993-01-23,-1.7798635,,
1993-01-24,-1.7471198,,
1993-01-25,-1.7140764,,
1993-01-26,-1.6807286,,
1993-01-27,-1.6470716,,
1993-01-28,-1.6131016,,
1993-01-29,-1.5788149,,
1993-01-30,-1.5442083,,
1993-01-31,-1.509279,,
1993-02-01,-1.4740248,,
1993-02-02,-1.4384435,,
1993-02-03,-1.4025337,,
1993-02-04,-1.3662938,,
1993-02-05,-1.329723,,
1993-02-06,-1.2928203,,
1993-02-07,-1.2555859,,
1993-02-08,-1.2180195,,
1993-02-09,-1.1801218,,
1993-02-10,-1.1418934,,
1993-02-11,-1.1033357,,
1993-02-12,-1.0644504,,
1993-02-13,-1.0252393,,
1993-02-14,-0.985705,,
1993-02-15,-0.94585025,,-0.59680223
1993-02-16,-0.9056783,,
1993-02-17,-0.86519283,,
1993-02-18,-0.82439804,,
1993-02-19,-0.7832985,,
1993-02-20,-0.7418993,,
1993-02-21,-0.7002061,,
1993-02-22,-0.6582251,,
1993-02-23,-0.6159632,,
1993-02-24,-0.5734279,,
1993-02-25,-0.53062737,,
1993-02-26,-0.48757035,,
1993-02-27,-0.4442662,,
1993-02-28,-0.40072492,,
1993-03-01,-0.3569571,,
1993-03-02,-0.31297398,,
1993-03-03,-0.26878732,,
1993-03-04,-0.2244095,,
1993-03-05,-0.17985347,,
1993-03-06,-0.1351328,,
1993-03-07,-0.09026168,,
1993-03-08,-0.045254864,,
1993-03-09,-0.00012766063,,
1993-03-10,0.045104045,,
1993-03-11,0.0904238,,
1993-03-12,0.13581459,,
1993-03-13,0.1812588,,
1993-03-14,0.22673826,,
1993-03-15,0.2722342,,-0.8517075
1993-03-16,0.3177272,,
1993-03-17,0.36319724,,
1993-03-18,0.40862367,,
1993-03-19,0.45398524,,
1993-03-20,0.49926016,,
1993-03-21,0.54442596,,
1993-03-22,0.5894597,,
1993-03-23,0.63433784,,
1993-03-24,0.6790363,,
1993-03-25,0.72353065,,
1993-03-26,0.767796,,
1993-03-27,0.8118069,,
1993-03-28,0.8555378,,
1993-03-29,0.8989625,,
1993-03-30,0.9420546,,
1993-03-31,0.9847875,,
1993-04-01,1.027134,,
1993-04-02,1.0690665,,
1993-04-03,1.1105576,,
1993-04-04,1.151579,,
1993-04-05,1.1921027,,
1993-04-06,1.2321,,
1993-04-07,1.2715423,,
1993-04-08,1.3104007,,
1993-04-09,1.3486459,,
1993-04-10,1.3862487,,
1993-04-11,1.4231801,,
1993-04-12,1.4594107,,
1993-04-13,1.4949114,,
1993-04-14,1.5296537,,
1993-04-15,1.5636088,,-0.68621457
1993-04-16,1.5967491,,
1993-04-17,1.6290472,,
1993-04-18,1.6604766,,
1993-04-19,1.6910117,,
1993-04-20,1.7206283,,
1993-04-21,1.749303,,
1993-04-22,1.7770138,,
1993-04-23,1.8037404,,
1993-04-24,1.8294635,,
1993-04-25,1.8541656,,
1993-04-26,1.8778305,,
1993-04-27,1.9004438,,
1993-04-28,1.9219924,,
1993-04-29,1.9424651,,
1993-04-30,1.961852,,
1993-05-01,1.9801447,,
1993-05-02,1.997337,,
1993-05-03,2.0134234,,
1993-05-04,2.0284007,,
1993-05-05,2.0422666,,
1993-05-06,2.0550208,,
1993-05-07,2.0666642,,
1993-05-08,2.0771997,,
1993-05-09,2.0866313,,
1993-05-10,2.094965,,
1993-05-11,2.1022086,,
1993-05-12,2.1083715,,
1993-05-13,2.1134653,,
1993-05-14,2.1175034,,
1993-05-15,2.1205013,,-0.44548175
1993-05-16,2.1224763,,
1993-05-17,2.1234486,,
1993-05-18,2.1234393,,
1993-05-19,2.1224725,,
1993-05-20,2.1205738,,
1993-05-21,2.1177707,,
1993-05-22,2.1140924,,
1993-05-23,2.1095703,,
1993-05-24,2.1042368,,
1993-05-25,2.0981264,,
1993-05-26,2.0912745,,
1993-05-27,2.0837178,,
1993-05-28,2.075494,,
1993-05-29,2.0666413,,
1993-05-30,2.057199,,
1993-05-31,2.0472066,,
1993-06-01,2.0367045,,
1993-06-02,2.025733,,
1993-06-03,2.0143325,,
1993-06-04,2.0025434,,
1993-06-05,1.9904065,,
1993-06-06,1.9779621,,
1993-06-07,1.9652508,,
1993-06-08,1.952313,,
1993-06-09,1.9391885,,
1993-06-10,1.9259171,,
1993-06-11,1.9125384,,
1993-06-12,1.8990912,,
1993-06-13,1.885614,,
1993-06-14,1.8721449,,
1993-06-15,1.8587211,,-0.21165407
1993-06-16,1.8453796,,
1993-06-17,1.8321567,,
1993-06-18,1.819088,,
1993-06-19,1.8062084,,
1993-06-20,1.7935519,,
1993-06-21,1.7811522,,
1993-06-22,1.7690417,,
1993-06-23,1.7572517,,
1993-06-24,1.7458133,,
1993-06-25,1.7347559,,
1993-06-26,1.7241081,,
1993-06-27,1.7138973,,
1993-06-28,1.70415,,
1993-06-29,1.6948909,,
1993-06-30,1.6861435,,
1993-07-01,1.6779302,,
1993-07-02,1.6702719,,
1993-07-03,1.6631871,,
1993-07-04,1.6566911,,
1993-07-05,1.6507959,,
1993-07-06,1.6455126,,
1993-07-07,1.6408509,,
1993-07-08,1.6368189,,
1993-07-09,1.6334232,,
1993-07-10,1.6306694,,
1993-07-11,1.6285616,,
1993-07-12,1.627103,,
1993-07-13,1.6262953,,
1993-07-14,1.6261395,,
1993-07-15,1.6266352,,-1.0814059
1993-07-16,1.627781,,
1993-07-17,1.6295749,,
1993-07-18,1.6320133,,
1993-07-19,1.635092,,
1993-07-20,1.6388057,,
1993-07-21,1.6431485,,
1993-07-22,1.6481133,,
1993-07-23,1.6536922,,
1993-07-24,1.6598773,,
1993-07-25,1.666659,,
1993-07-26,1.6740274,,
1993-07-27,1.6819718,,
1993-07-28,1.6904808,,
1993-07-29,1.6995422,,
1993-07-30,1.709143,,
1993-07-31,1.7192695,,
1993-08-01,1.729907,,
1993-08-02,1.7410406,,
1993-08-03,1.7526536,,
1993-08-04,1.764729,,
1993-08-05,1.7772485,,
1993-08-06,1.7901926,,
1993-08-07,1.8035406,,
1993-08-08,1.8172708,,
1993-08-09,1.8313602,,
1993-08-10,1.8457848,,
1993-08-11,1.8605193,,
1993-08-12,1.8755368,,
1993-08-13,1.8908094,,
1993-08-14,1.9063083,,
1993-08-15,1.9220033,,-0.6312645
1993-08-16,1.9378637,,
1993-08-17,1.9538578,,
1993-08-18,1.9699535,,
1993-08-19,1.9861182,,
1993-08-20,2.0023189,,
1993-08-21,2.0185225,,
1993-08-22,2.0346959,,
1993-08-23,2.0508058,,
1993-08-24,2.0668194,,
1993-08-25,2.0827043,,
1993-08-26,2.0984282,,
1993-08-27,2.11396,,
1993-08-28,2.1292691,,
1993-08-29,2.1443253,,
1993-08-30,2.1591,,
1993-08-31,2.1735656,,
1993-09-01,2.1876953,,
1993-09-02,2.201464,,
1993-09-03,2.2148478,,
1993-09-04,2.2278237,,
1993-09-05,2.2403703,,
1993-09-06,2.2524674,,
1993-09-07,2.2640958,,
1993-09-08,2.2752376,,
1993-09-09,2.2858758,,
1993-09-10,2.295995,,
1993-09-11,2.3055804,,
1993-09-12,2.314619,,
1993-09-13,2.3230987,,
1993-09-14,2.331008,,
1993-09-15,2.3383365,,-0.5527031
1993-09-16,2.345075,,
1993-09-17,2.3512146,,
1993-09-18,2.3567476,,
1993-09-19,2.3616667,,
1993-09-20,2.3659654,,
1993-09-21,2.3696382,,
1993-09-22,2.3726804,,
1993-09-23,2.3750877,,
1993-09-24,2.376857,,
1993-09-25,2.377986,,
1993-09-26,2.3784735,,
1993-09-27,2.3783193,,
1993-09-28,2.3775237,,
1993-09-29,2.3760889,,
1993-09-30,2.3740172,,
1993-10-01,2.371313,,
1993-10-02,2.3679807,,
1993-10-03,2.364026,,
1993-10-04,2.3594556,,
1993-10-05,2.3542771,,
1993-10-06,2.3484986,,
1993-10-07,2.3421297,,
1993-10-08,2.33518,,
1993-10-09,2.3276608,,
1993-10-10,2.3195832,,
1993-10-11,2.31096,,
1993-10-12,2.301804,,
1993-10-13,2.2921293,,
1993-10-14,2.28195,,
1993-10-15,2.2712812,,-0.5833898
1993-10-16,2.2601383,,
1993-10-17,2.2485368,,
1993-10-18,2.2364938,,
1993-10-19,2.2240255,,
1993-10-20,2.2111495,,
1993-10-21,2.1978827,,
1993-10-22,2.184243,,
1993-10-23,2.170248,,
1993-10-24,2.1559165,,
1993-10-25,2.1412663,,
1993-10-26,2.126316,,
1993-10-27,2.1110842,,
1993-10-28,2.0955894,,
1993-10-29,2.0798512,,
1993-10-30,2.0638878,,
1993-10-31,2.0477188,,
1993-11-01,2.0313635,,
1993-11-02,2.014841,,
1993-11-03,1.998171,,
1993-11-04,1.9813732,,
1993-11-05,1.9644669,,
1993-11-06,1.9474721,,
1993-11-07,1.930408,,
1993-11-08,1.9132941,,
1993-11-09,1.8961495,,
1993-11-10,1.8789929,,
1993-11-11,1.8618429,,
1993-11-12,1.8447174,,
1993-11-13,1.827634,,
1993-11-14,1.8106093,,
1993-11-15,1.7936599,,-0.28965306
1993-11-16,1.7768013,,
1993-11-17,1.7600484,,
1993-11-18,1.7434156,,
1993-11-19,1.7269162,,
1993-11-20,1.7105631,,
1993-11-21,1.6943684,,
1993-11-22,1.678343,,
1993-11-23,1.6624979,,
1993-11-24,1.6468424,,
1993-11-25,1.6313856,,
1993-11-26,1.616136,,
1993-11-27,1.6011009,,
1993-11-28,1.5862876,,
1993-11-29,1.5717022,,
1993-11-30,1.5573506,,
1993-12-01,1.5432379,,
1993-12-02,1.5293686,,
1993-12-03,1.515747,,
1993-12-04,1.5023763,,
1993-12-05,1.48926,,
1993-12-06,1.4764004,,
1993-12-07,1.4638,,
1993-12-08,1.4514605,,
1993-12-09,1.4393833,,
1993-12-10,1.4275696,,
1993-12-11,1.4160202,,
1993-12-12,1.4047353,,
1993-12-13,1.3937153,,
1993-12-14,1.3829597,,
1993-12-15,1.3724684,,-0.033914845
1993-12-16,1.3622403,,
1993-12-17,1.3522745,,
1993-12-18,1.3425701,,
1993-12-19,1.3331254,,
1993-12-20,1.3239391,,
1993-12-21,1.3150095,,
1993-12-22,1.3063345,,
1993-12-23,1.2979122,,
1993-12-24,1.2897404,,
1993-12-25,1.2818166,,
1993-12-26,1.2741385,,
1993-12-27,1.2667034,,
1993-12-28,1.2595086,,
1993-12-29,1.2525516,,
1993-12-30,1.2458293,,
1993-12-31,1.2393392,,
1994-01-01,1.2330779,,
1994-01-02,1.2270423,,
1994-01-03,1.2212292,,
1994-01-04,1.2156352,,
1994-01-05,1.2102568,,
1994-01-06,1.2050905,,
1994-01-07,1.2001325,,
1994-01-08,1.1953788,,
1994-01-09,1.1908255,,
1994-01-10,1.1864685,,
1994-01-11,1.1823039,,
1994-01-12,1.1783278,,
1994-01-13,1.1745362,,
1994-01-14,1.1709256,,
1994-01-15,1.1674923,,0.015197843
1994-01-16,1.1642332,,
1994-01-17,1.1611454,,
1994-01-18,1.1582265,,
1994-01-19,1.155474,,
1994-01-20,1.1528864,,
1994-01-21,1.1504622,,
1994-01-22,1.1482006,,
1994-01-23,1.1461011,,
1994-01-24,1.1441638,,
1994-01-25,1.1423894,,
1994-01-26,1.1407784,,
1994-01-27,1.1393323,,
1994-01-28,1.1380525,,
1994-01-29,1.1369408,,
1994-01-30,1.1359994,,
1994-01-31,1.1352305,,
1994-02-01,1.134637,,
1994-02-02,1.1342216,,
1994-02-03,1.133987,,
1994-02-04,1.1339365,,
1994-02-05,1.1340733,,
1994-02-06,1.1344005,,
1994-02-07,1.1349216,,
1994-02-08,1.1356401,,
1994-02-09,1.1365597,,
1994-02-10,1.1376837,,
1994-02-11,1.1390162,,
1994-02-12,1.1405606,,
1994-02-13,1.1423209,,
1994-02-14,1.1443007,,
1994-02-15,1.1465039,,-0.3176202
1994-02-16,1.1489344,,
1994-02-17,1.1515958,,
1994-02-18,1.1544924,,
1994-02-19,1.1576277,,
1994-02-20,1.1610059,,
1994-02-21,1.1646305,,
1994-02-22,1.1685055,,
1994-02-23,1.1726351,,
1994-02-24,1.1770229,,
1994-02-25,1.1816732,,
1994-02-26,1.1865895,,
1994-02-27,1.1917757,,
1994-02-28,1.1972355,,
1994-03-01,1.2029724,,
1994-03-02,1.2089896,,
1994-03-03,1.2152904,,
1994-03-04,1.2218775,,
1994-03-05,1.2287533,,
1994-03-06,1.2359207,,
1994-03-07,1.2433816,,
1994-03-08,1.251138,,
1994-03-09,1.2591914,,
1994-03-10,1.2675431,,
1994-03-11,1.2761941,,
1994-03-12,1.2851449,,
1994-03-13,1.2943958,,
1994-03-14,1.3039466,,
1994-03-15,1.3137968,,0.15353203
1994-03-16,1.3239452,,
1994-03-17,1.3343905,,
1994-03-18,1.345131,,
1994-03-19,1.3561641,,
1994-03-20,1.3674868,,
1994-03-21,1.3790959,,
1994-03-22,1.3909874,,
1994-03-23,1.4031565,,
1994-03-24,1.4155983,,
1994-03-25,1.4283068,,
1994-03-26,1.441276,,
1994-03-27,1.4544986,,
1994-03-28,1.4679673,,
1994-03-29,1.481674,,
1994-03-30,1.49561,,
1994-03-31,1.5097666,,
1994-04-01,1.5241343,,
1994-04-02,1.5387033,,
1994-04-03,1.553464,,
1994-04-04,1.5684063,,
1994-04-05,1.5835198,,
1994-04-06,1.5987945,,
1994-04-07,1.6142197,,
1994-04-08,1.6297853,,
1994-04-09,1.6454808,,
1994-04-10,1.6612958,,
1994-04-11,1.6772197,,
1994-04-12,1.693242,,
1994-04-13,1.7093517,,
1994-04-14,1.7255378,,
1994-04-15,1.741789,,-0.2295729
1994-04-16,1.7580934,,
1994-04-17,1.7744389,,
1994-04-18,1.7908127,,
1994-04-19,1.8072014,,
1994-04-20,1.8235906,,
1994-04-21,1.8399653,,
1994-04-22,1.8563097,,
1994-04-23,1.872607,,
1994-04-24,1.8888398,,
1994-04-25,1.9049901,,
1994-04-26,1.9210391,,
1994-04-27,1.9369678,,
1994-04-28,1.9527568,,
1994-04-29,1.9683862,,
1994-04-30,1.9838362,,
1994-05-01,1.9990867,,
1994-05-02,2.0141182,,
1994-05-03,2.0289104,,
1994-05-04,2.0434442,,
1994-05-05,2.0577002,,
1994-05-06,2.0716598,,
1994-05-07,2.0853047,,
1994-05-08,2.098617,,
1994-05-09,2.1115794,,
1994-05-10,2.1241753,,
1994-05-11,2.136388,,
1994-05-12,2.1482015,,
1994-05-13,2.1596003,,
1994-05-14,2.1705687,,
1994-05-15,2.1810915,,-0.27715597
1994-05-16,2.1911542,,
1994-05-17,2.200742,,
1994-05-18,2.2098403,,
1994-05-19,2.2184358,,
1994-05-20,2.226515,,
1994-05-21,2.2340653,,
1994-05-22,2.2410748,,
1994-05-23,2.2475324,,
1994-05-24,2.2534275,,
1994-05-25,2.258751,,
1994-05-26,2.2634947,,
1994-05-27,2.2676513,,
1994-05-28,2.271215,,
1994-05-29,2.2741814,,
1994-05-30,2.2765474,,
1994-05-31,2.2783115,,
1994-06-01,2.279473,,
1994-06-02,2.2800336,,
1994-06-03,2.2799957,,
1994-06-04,2.2793632,,
1994-06-05,2.2781417,,
1994-06-06,2.276338,,
1994-06-07,2.2739604,,
1994-06-08,2.2710178,,
1994-06-09,2.267521,,
1994-06-10,2.2634811,,
1994-06-11,2.2589116,,
1994-06-12,2.253826,,
1994-06-13,2.248239,,
1994-06-14,2.2421665,,
1994-06-15,2.2356253,,-0.8031197
1994-06-16,2.2286327,,
1994-06-17,2.2212064,,
1994-06-18,2.2133656,,
1994-06-19,2.2051291,,
1994-06-20,2.1965165,,
1994-06-21,2.1875477,,
1994-06-22,2.1782427,,
1994-06-23,2.1686223,,
1994-06-24,2.1587067,,
1994-06-25,2.148517,,
1994-06-26,2.1380734,,
1994-06-27,2.1273973,,
1994-06-28,2.1165097,,
1994-06-29,2.1054316,,
1994-06-30,2.094184,,
1994-07-01,2.082788,,
1994-07-02,2.0712657,,
1994-07-03,2.059638,,
1994-07-04,2.047927,,
1994-07-05,2.036154,,
1994-07-06,2.024342,,
1994-07-07,2.0125127,,
1994-07-08,2.0006886,,
1994-07-09,1.9888922,,
1994-07-10,1.977146,,
1994-07-11,1.9654727,,
1994-07-12,1.9538946,,
1994-07-13,1.9424338,,
1994-07-14,1.931112,,
1994-07-15,1.9199505,,-0.13321926
1994-07-16,1.9089701,,
1994-07-17,1.8981907,,
1994-07-18,1.8876315,,
1994-07-19,1.877311,,
1994-07-20,1.8672465,,
1994-07-21,1.8574541,,
1994-07-22,1.8479488,,
1994-07-23,1.8387443,,
1994-07-24,1.8298526,,
1994-07-25,1.8212849,,
1994-07-26,1.8130506,,
1994-07-27,1.8051584,,
1994-07-28,1.7976153,,
1994-07-29,1.7904276,,
1994-07-30,1.7836003,,
1994-07-31,1.7771376,,
1994-08-01,1.7710426,,
1994-08-02,1.7653174,,
1994-08-03,1.7599639,,
1994-08-04,1.7549827,,
1994-08-05,1.7503746,,
1994-08-06,1.7461393,,
1994-08-07,1.7422765,,
1994-08-08,1.7387853,,
1994-08-09,1.7356644,,
1994-08-10,1.7329118,,
1994-08-11,1.730526,,
1994-08-12,1.7285047,,
1994-08-13,1.7268454,,
1994-08-14,1.7255459,,
1994-08-15,1.7246029,,0.32425886
1994-08-16,1.7240133,,
1994-08-17,1.7237735,,
1994-08-18,1.7238795,,
1994-08-19,1.724327,,
1994-08-20,1.7251115,,
1994-08-21,1.7262281,,
1994-08-22,1.7276721,,
1994-08-23,1.7294381,,
1994-08-24,1.7315207,,
1994-08-25,1.733914,,
1994-08-26,1.7366123,,
1994-08-27,1.7396092,,
1994-08-28,1.7428985,,
1994-08-29,1.7464734,,
1994-08-30,1.750327,,
1994-08-31,1.7544519,,
1994-09-01,1.7588401,,
1994-09-02,1.7634829,,
1994-09-03,1.7683716,,
1994-09-04,1.7734962,,
1994-09-05,1.7788467,,
1994-09-06,1.7844125,,
1994-09-07,1.7901825,,
1994-09-08,1.7961451,,
1994-09-09,1.8022883,,
1994-09-10,1.8085997,,
1994-09-11,1.8150661,,
1994-09-12,1.8216742,,
1994-09-13,1.8284105,,
1994-09-14,1.8352613,,
1994-09-15,1.8422129,,0.31785786
1994-09-16,1.8492514,,
1994-09-17,1.8563632,,
1994-09-18,1.8635348,,
1994-09-19,1.8707528,,
1994-09-20,1.8780043,,
1994-09-21,1.8852767,,
1994-09-22,1.8925579,,
1994-09-23,1.8998365,,
1994-09-24,1.907102,,
1994-09-25,1.9143438,,
1994-09-26,1.9215525,,
1994-09-27,1.9287187,,
1994-09-28,1.9358338,,
1994-09-29,1.9428896,,
1994-09-30,1.9498783,,
1994-10-01,1.9567934,,
1994-10-02,1.9636283,,
1994-10-03,1.9703776,,
1994-10-04,1.977036,,
1994-10-05,1.9835995,,
1994-10-06,1.9900645,,
1994-10-07,1.9964277,,
1994-10-08,2.0026867,,
1994-10-09,2.0088403,,
1994-10-10,2.014887,,
1994-10-11,2.0208266,,
1994-10-12,2.0266588,,
1994-10-13,2.0323842,,
1994-10-14,2.0380032,,
1994-10-15,2.043517,,0.27584445
1994-10-16,2.0489273,,
1994-10-17,2.0542355,,
1994-10-18,2.059444,,
1994-10-19,2.0645547,,
1994-10-20,2.06957,,
1994-10-21,2.0744925,,
1994-10-22,2.0793245,,
1994-10-23,2.0840683,,
1994-10-24,2.0887263,,
1994-10-25,2.093301,,
1994-10-26,2.097795,,
1994-10-27,2.1022108,,
1994-10-28,2.1065502,,
1994-10-29,2.110816,,
1994-10-30,2.11501,,
1994-10-31,2.1191344,,
1994-11-01,2.123191,,
1994-11-02,2.1271815,,
1994-11-03,2.1311078,,
1994-11-04,2.1349714,,
1994-11-05,2.1387732,,
1994-11-06,2.1425145,,
1994-11-07,2.1461966,,
1994-11-08,2.14982,,
1994-11-09,2.1533856,,
1994-11-10,2.156894,,
1994-11-11,2.1603453,,
1994-11-12,2.16374,,
1994-11-13,2.167078,,
1994-11-14,2.17036,,
1994-11-15,2.1735857,,0.001350793
1994-11-16,2.1767545,,
1994-11-17,2.1798668,,
1994-11-18,2.1829221,,
1994-11-19,2.18592,,
1994-11-20,2.18886,,
1994-11-21,2.191742,,
1994-11-22,2.1945655,,
1994-11-23,2.19733,,
1994-11-24,2.2000349,,
1994-11-25,2.2026794,,
1994-11-26,2.2052627,,
1994-11-27,2.2077835,,
1994-11-28,2.2102404,,
1994-11-29,2.2126317,,
1994-11-30,2.214955,,
1994-12-01,2.2172084,,
1994-12-02,2.2193885,,
1994-12-03,2.2214918,,
1994-12-04,2.2235143,,
1994-12-05,2.2254517,,
1994-12-06,2.2272985,,
1994-12-07,2.2290492,,
1994-12-08,2.2306972,,
1994-12-09,2.232235,,
1994-12-10,2.2336552,,
1994-12-11,2.2349496,,
1994-12-12,2.2361093,,
1994-12-13,2.2371247,,
1994-12-14,2.237986,,
1994-12-15,2.2386835,,-0.28389925
1994-12-16,2.2392066,,
1994-12-17,2.2395449,,
1994-12-18,2.2396874,,
1994-12-19,2.2396235,,
1994-12-20,2.2393427,,
1994-12-21,2.2388334,,
1994-12-22,2.2380855,,
1994-12-23,2.237088,,
1994-12-24,2.2358303,,
1994-12-25,2.2343016,,
1994-12-26,2.2324915,,
1994-12-27,2.2303903,,
1994-12-28,2.2279878,,
1994-12-29,2.225274,,
1994-12-30,2.22224,,
1994-12-31,2.218876,,
1995-01-01,2.2151735,,
1995-01-02,2.2111237,,
1995-01-03,2.206719,,
1995-01-04,2.2019508,,
1995-01-05,2.1968124,,
1995-01-06,2.1912966,,
1995-01-07,2.1853971,,
1995-01-08,2.1791081,,
1995-01-09,2.1724243,,
1995-01-10,2.1653411,,
1995-01-11,2.1578543,,
1995-01-12,2.1499605,,
1995-01-13,2.1416569,,
1995-01-14,2.132941,,
1995-01-15,2.1238112,,-0.5821823
1995-01-16,2.1142666,,
1995-01-17,2.1043065,,
1995-01-18,2.0939307,,
1995-01-19,2.08314,,
1995-01-20,2.0719357,,
1995-01-21,2.0603194,,
1995-01-22,2.0482934,,
1995-01-23,2.0358608,,
1995-01-24,2.023025,,
1995-01-25,2.0097902,,
1995-01-26,1.9961611,,
1995-01-27,1.9821435,,
1995-01-28,1.9677438,,
1995-01-29,1.9529686,,
1995-01-30,1.9378262,,
1995-01-31,1.9223249,,
1995-02-01,1.9064742,,
1995-02-02,1.8902842,,
1995-02-03,1.8737658,,
1995-02-04,1.8569306,,
1995-02-05,1.8397913,,
1995-02-06,1.8223609,,
1995-02-07,1.8046534,,
1995-02-08,1.7866834,,
1995-02-09,1.7684665,,
1995-02-10,1.7500188,,
1995-02-11,1.7313572,,
1995-02-12,1.7124989,,
1995-02-13,1.6934619,,
1995-02-14,1.6742648,,
1995-02-15,1.6549264,,-0.1035341
1995-02-16,1.6354661,,
1995-02-17,1.6159035,,
1995-02-18,1.5962586,,
1995-02-19,1.5765519,,
1995-02-20,1.5568037,,
1995-02-21,1.537035,,
1995-02-22,1.5172669,,
1995-02-23,1.4975203,,
1995-02-24,1.4778167,,
1995-02-25,1.4581773,,
1995-02-26,1.4386235,,
1995-02-27,1.4191766,,
1995-02-28,1.3998579,,
1995-03-01,1.3806887,,
1995-03-02,1.3616899,,
1995-03-03,1.3428829,,
1995-03-04,1.3242884,,
1995-03-05,1.3059266,,
1995-03-06,1.2878181,,
1995-03-07,1.2699825,,
1995-03-08,1.2524396,,
1995-03-09,1.2352086,,
1995-03-10,1.2183083,,
1995-03-11,1.2017573,,
1995-03-12,1.1855736,,
1995-03-13,1.1697748,,
1995-03-14,1.1543782,,
1995-03-15,1.1394007,,-0.121838786
1995-03-16,1.124859,,
1995-03-17,1.1107693,,
1995-03-18,1.0971473,,
1995-03-19,1.084009,,
1995-03-20,1.0713695,,
1995-03-21,1.0592436,,
1995-03-22,1.0476456,,
1995-03-23,1.0365896,,
1995-03-24,1.0260894,,
1995-03-25,1.0161586,,
1995-03-26,1.0068098,,
1995-03-27,0.9980559,,
1995-03-28,0.9899088,,
1995-03-29,0.98238033,,
1995-03-30,0.9754814,,
1995-03-31,0.9692225,,
1995-04-01,0.9636136,,
1995-04-02,0.95866394,,
1995-04-03,0.95438206,,
1995-04-04,0.95077574,,
1995-04-05,0.9478522,,
1995-04-06,0.9456178,,
1995-04-07,0.9440784,,
1995-04-08,0.94323903,,
1995-04-09,0.9431041,,
1995-04-10,0.94367725,,
1995-04-11,0.94496155,,
1995-04-12,0.94695914,,
1995-04-13,0.9496716,,
1995-04-14,0.9530998,,
1995-04-15,0.9572438,,-0.5101178
1995-04-16,0.9621031,,
1995-04-17,0.9676764,,
1995-04-18,0.9739618,,
1995-04-19,0.9809567,,
1995-04-20,0.9886579,,
1995-04-21,0.9970615,,
1995-04-22,1.0061631,,
1995-04-23,1.0159574,,
1995-04-24,1.0264386,,
1995-04-25,1.0376002,,
1995-04-26,1.0494348,,
1995-04-27,1.0619344,,
1995-04-28,1.0750897,,
1995-04-29,1.0888911,,
1995-04-30,1.103328,,
1995-05-01,1.1183887,,
1995-05-02,1.1340609,,
1995-05-03,1.1503313,,
1995-05-04,1.1671857,,
1995-05-05,1.184609,,
1995-05-06,1.2025853,,
1995-05-07,1.2210976,,
1995-05-08,1.240128,,
1995-05-09,1.2596581,,
1995-05-10,1.2796682,,
1995-05-11,1.3001378,,
1995-05-12,1.3210459,,
1995-05-13,1.3423703,,
1995-05-14,1.3640882,,
1995-05-15,1.3861762,,-0.69383955
1995-05-16,1.4086099,,
1995-05-17,1.4313643,,
1995-05-18,1.4544135,,
1995-05-19,1.4777312,,
1995-05-20,1.5012902,,
1995-05-21,1.5250628,,
1995-05-22,1.5490206,,
1995-05-23,1.5731349,,
1995-05-24,1.5973763,,
1995-05-25,1.6217151,,
1995-05-26,1.6461213,,
1995-05-27,1.6705647,,
1995-05-28,1.6950146,,
1995-05-29,1.7194408,,
1995-05-30,1.7438126,,
1995-05-31,1.7680995,,
1995-06-01,1.7922719,,
1995-06-02,1.8163,,
1995-06-03,1.8401549,,
1995-06-04,1.8638077,,
1995-06-05,1.8872304,,
1995-06-06,1.9103957,,
1995-06-07,1.9332768,,
1995-06-08,1.955847,,
1995-06-09,1.9780809,,
1995-06-10,1.9999527,,
1995-06-11,2.0214372,,
1995-06-12,2.0425096,,
1995-06-13,2.0631459,,
1995-06-14,2.0833216,,
1995-06-15,2.1030133,,-0.453711
1995-06-16,2.1221979,,
1995-06-17,2.1408527,,
1995-06-18,2.1589553,,
1995-06-19,2.1764839,,
1995-06-20,2.1934175,,
1995-06-21,2.2097354,,
1995-06-22,2.2254171,,
1995-06-23,2.240444,,
1995-06-24,2.2547965,,
1995-06-25,2.2684567,,
1995-06-26,2.2814069,,
1995-06-27,2.2936301,,
1995-06-28,2.3051095,,
1995-06-29,2.3158295,,
1995-06-30,2.3257742,,
1995-07-01,2.3349295,,
1995-07-02,2.3432806,,
1995-07-03,2.3508143,,
1995-07-04,2.357517,,
1995-07-05,2.3633766,,
1995-07-06,2.3683813,,
1995-07-07,2.3725195,,
1995-07-08,2.3757815,,
1995-07-09,2.378158,,
1995-07-10,2.3796406,,
1995-07-11,2.3802223,,
1995-07-12,2.3798976,,
1995-07-13,2.378662,,
1995-07-14,2.3765135,,
1995-07-15,2.3734503,,-0.17191732
1995-07-16,2.3694737,,
1995-07-17,2.3645859,,
1995-07-18,2.358792,,
1995-07-19,2.3520982,,
1995-07-20,2.3445137,,
1995-07-21,2.3360486,,
1995-07-22,2.3267162,,
1995-07-23,2.3165307,,
1995-07-24,2.3055093,,
1995-07-25,2.2936707,,
1995-07-26,2.2810352,,
1995-07-27,2.2676249,,
1995-07-28,2.2534633,,
1995-07-29,2.2385752,,
1995-07-30,2.2229867,,
1995-07-31,2.2067256,,
1995-08-01,2.1898205,,
1995-08-02,2.172301,,
1995-08-03,2.1541984,,
1995-08-04,2.1355445,,
1995-08-05,2.1163728,,
1995-08-06,2.0967174,,
1995-08-07,2.0766132,,
1995-08-08,2.0560973,,
1995-08-09,2.0352073,,
1995-08-10,2.0139816,,
1995-08-11,1.9924601,,
1995-08-12,1.970684,,
1995-08-13,1.9486952,,
1995-08-14,1.9265368,,
1995-08-15,1.904253,,-0.061723
1995-08-16,1.8818889,,
1995-08-17,1.8594904,,
1995-08-18,1.8371041,,
1995-08-19,1.8147774,,
1995-08-20,1.7925581,,
1995-08-21,1.770494,,
1995-08-22,1.7486335,,
1995-08-23,1.7270253,,
1995-08-24,1.7057179,,
1995-08-25,1.6847601,,
1995-08-26,1.6642005,,
1995-08-27,1.6440881,,
1995-08-28,1.6244713,,
1995-08-29,1.6053983,,
1995-08-30,1.5869174,,
1995-08-31,1.5690767,,
1995-09-01,1.5519239,,
1995-09-02,1.5355067,,
1995-09-03,1.5198724,,
1995-09-04,1.5050683,,
1995-09-05,1.4911412,,
1995-09-06,1.4781375,,
1995-09-07,1.4661037,,
1995-09-08,1.4550854,,
1995-09-09,1.445128,,
1995-09-10,1.4362763,,
1995-09-11,1.4285744,,
1995-09-12,1.4220657,,
1995-09-13,1.4167924,,
1995-09-14,1.4127957,,
1995-09-15,1.4101152,,-0.7554871
1995-09-16,1.4087899,,
1995-09-17,1.4088569,,
1995-09-18,1.4103518,,
1995-09-19,1.4133089,,
1995-09-20,1.4177606,,
1995-09-21,1.4237376,,
1995-09-22,1.4312692,,
1995-09-23,1.4403822,,
1995-09-24,1.4511021,,
1995-09-25,1.4634522,,
1995-09-26,1.4774541,,
1995-09-27,1.4931276,,
1995-09-28,1.5104907,,
1995-09-29,1.5295591,,
1995-09-30,1.5503474,,
1995-10-01,1.5728676,,
1995-10-02,1.5971301,,
1995-10-03,1.6231433,,
1995-10-04,1.6509142,,
1995-10-05,1.6804477,,
1995-10-06,1.7117472,,
1995-10-07,1.7448139,,
1995-10-08,1.7796477,,
1995-10-09,1.8162465,,
1995-10-10,1.8546063,,
1995-10-11,1.8947214,,
1995-10-12,1.9365845,,
1995-10-13,1.9801865,,
1995-10-14,2.0255167,,
1995-10-15,2.072563,,-0.62780344
1995-10-16,2.1213112,,
1995-10-17,2.1717455,,
1995-10-18,2.2238486,,
1995-10-19,2.2776012,,
1995-10-20,2.332983,,
1995-10-21,2.3899715,,
1995-10-22,2.4485426,,
1995-10-23,2.5086708,,
1995-10-24,2.5703287,,
1995-10-25,2.6334867,,
1995-10-26,2.698114,,
1995-10-27,2.7641773,,
1995-10-28,2.8316412,,
1995-10-29,2.9004693,,
1995-10-30,2.9706218,,
1995-10-31,3.0420582,,
1995-11-01,3.114735,,
1995-11-02,3.1886067,,
1995-11-03,3.263626,,
1995-11-04,3.3397431,,
1995-11-05,3.4169059,,
1995-11-06,3.4950604,,
1995-11-07,3.5741508,,
1995-11-08,3.6541188,,
1995-11-09,3.7349052,,
1995-11-10,3.816448,,
1995-11-11,3.8986845,,
1995-11-12,3.9815497,,
1995-11-13,4.0649776,,
1995-11-14,4.1489005,,
1995-11-15,4.2332506,,-0.9339152
1995-11-16,4.317958,,
1995-11-17,4.4029527,,
1995-11-18,4.488164,,
1995-11-19,4.5735197,,
1995-11-20,4.6589494,,
1995-11-21,4.7443795,,
1995-11-22,4.829739,,
1995-11-23,4.9149547,,
1995-11-24,4.999955,,
1995-11-25,5.0846677,,
1995-11-26,5.169021,,
1995-11-27,5.252944,,
1995-11-28,5.336366,,
1995-11-29,5.419218,,
1995-11-30,5.5014296,,
1995-12-01,5.582933,,
1995-12-02,5.663661,,
1995-12-03,5.743548,,
1995-12-04,5.822529,,
1995-12-05,5.90054,,
1995-12-06,5.9775195,,
1995-12-07,6.0534067,,
1995-12-08,6.128143,,
1995-12-09,6.2016706,,
1995-12-10,6.2739344,,
1995-12-11,6.34488,,
1995-12-12,6.4144554,,
1995-12-13,6.4826107,,
1995-12-14,6.5492973,,
1995-12-15,6.614468,,-0.56889176
1995-12-16,6.6780787,,
1995-12-17,6.740086,,
1995-12-18,6.8004484,,
1995-12-19,6.859127,,
1995-12-20,6.9160833,,
1995-12-21,6.9712825,,
1995-12-22,7.0246897,,
1995-12-23,7.0762734,,
1995-12-24,7.126003,,
1995-12-25,7.173849,,
1995-12-26,7.219786,,
1995-12-27,7.2637887,,
1995-12-28,7.3058343,,
1995-12-29,7.3459015,,
1995-12-30,7.383971,,
1995-12-31,7.4200263,,
1996-01-01,7.454052,,
1996-01-02,7.486035,,
1996-01-03,7.5159645,,
1996-01-04,7.5438313,,
1996-01-05,7.5696287,,
1996-01-06,7.5933523,,
1996-01-07,7.614999,,
1996-01-08,7.6345677,,
1996-01-09,7.65206,,
1996-01-10,7.6674795,,
1996-01-11,7.680831,,
1996-01-12,7.692122,,
1996-01-13,7.7013607,,
1996-01-14,7.708559,,
1996-01-15,7.7137284,,-0.07056928
1996-01-16,7.716884,,
1996-01-17,7.718042,,
1996-01-18,7.71722,,
1996-01-19,7.7144384,,
1996-01-20,7.7097178,,
1996-01-21,7.703082,,
1996-01-22,7.6945558,,
1996-01-23,7.6841645,,
1996-01-24,7.671937,,
1996-01-25,7.6579022,,
1996-01-26,7.642091,,
1996-01-27,7.624535,,
1996-01-28,7.6052675,,
1996-01-29,7.5843234,,
1996-01-30,7.5617385,,
1996-01-31,7.5375485,,
1996-02-01,7.5117917,,
1996-02-02,7.484506,,
1996-02-03,7.4557314,,
1996-02-04,7.4255075,,
1996-02-05,7.3938756,,
1996-02-06,7.3608766,,
1996-02-07,7.3265524,,
1996-02-08,7.290946,,
1996-02-09,7.2540994,,
1996-02-10,7.2160563,,
1996-02-11,7.1768603,,
1996-02-12,7.1365542,,
1996-02-13,7.0951834,,
1996-02-14,7.0527916,,
1996-02-15,7.009423,,-0.14932531
1996-02-16,6.9651227,,
1996-02-17,6.919935,,
1996-02-18,6.873905,,
1996-02-19,6.8270783,,
1996-02-20,6.779499,,
1996-02-21,6.7312126,,
1996-02-22,6.6822634,,
1996-02-23,6.6326966,,
1996-02-24,6.582557,,
1996-02-25,6.531889,,
1996-02-26,6.4807377,,
1996-02-27,6.4291472,,
1996-02-28,6.377162,,
1996-02-29,6.3248253,,
1996-03-01,6.272182,,
1996-03-02,6.219274,,
1996-03-03,6.166145,,
1996-03-04,6.1128364,,
1996-03-05,6.05939,,
1996-03-06,6.0058465,,
1996-03-07,5.9522467,,
1996-03-08,5.898628,,
1996-03-09,5.845031,,
1996-03-10,5.79149,,
1996-03-11,5.738043,,
1996-03-12,5.684723,,
1996-03-13,5.6315646,,
1996-03-14,5.5785995,,
1996-03-15,5.5258574,,-0.53529304
1996-03-16,5.4733686,,
1996-03-17,5.4211597,,
1996-03-18,5.369257,,
1996-03-19,5.3176847,,
1996-03-20,5.266465,,
1996-03-21,5.2156196,,
1996-03-22,5.1651673,,
1996-03-23,5.115126,,
1996-03-24,5.0655117,,
1996-03-25,5.0163383,,
1996-03-26,4.96762,,
1996-03-27,4.9193664,,
1996-03-28,4.871589,,
1996-03-29,4.8242955,,
1996-03-30,4.7774935,,
1996-03-31,4.7311893,,
1996-04-01,4.6853876,,
1996-04-02,4.6400914,,
1996-04-03,4.595305,,
1996-04-04,4.5510287,,
1996-04-05,4.507263,,
1996-04-06,4.464009,,
1996-04-07,4.4212637,,
1996-04-08,4.379025,,
1996-04-09,4.33729,,
1996-04-10,4.296055,,
1996-04-11,4.2553144,,
1996-04-12,4.2150636,,
1996-04-13,4.1752963,,
1996-04-14,4.1360054,,
1996-04-15,4.097184,,-0.5915945
1996-04-16,4.058824,,
1996-04-17,4.0209174,,
1996-04-18,3.9834552,,
1996-04-19,3.9464283,,
1996-04-20,3.909828,,
1996-04-21,3.8736448,,
1996-04-22,3.837869,,
1996-04-23,3.8024912,,
1996-04-24,3.7675018,,
1996-04-25,3.7328916,,
1996-04-26,3.6986506,,
1996-04-27,3.6647704,,
1996-04-28,3.6312413,,
1996-04-29,3.598055,,
1996-04-30,3.5652025,,
1996-05-01,3.5326755,,
1996-05-02,3.5004659,,
1996-05-03,3.4685662,,
1996-05-04,3.4369686,,
1996-05-05,3.405666,,
1996-05-06,3.374652,,
1996-05-07,3.34392,,
1996-05-08,3.3134637,,
1996-05-09,3.2832778,,
1996-05-10,3.253356,,
1996-05-11,3.2236936,,
1996-05-12,3.1942854,,
1996-05-13,3.1651263,,
1996-05-14,3.1362119,,
1996-05-15,3.1075375,,-0.36845773
1996-05-16,3.0790992,,
1996-05-17,3.0508933,,
1996-05-18,3.0229158,,
1996-05-19,2.9951637,,
1996-05-20,2.9676332,,
1996-05-21,2.9403214,,
1996-05-22,2.9132257,,
1996-05-23,2.886343,,
1996-05-24,2.859671,,
1996-05-25,2.8332086,,
1996-05-26,2.806953,,
1996-05-27,2.7809033,,
1996-05-28,2.7550583,,
1996-05-29,2.729417,,
1996-05-30,2.7039793,,
1996-05-31,2.678744,,
1996-06-01,2.6537113,,
1996-06-02,2.6288812,,
1996-06-03,2.604254,,
1996-06-04,2.5798304,,
1996-06-05,2.5556111,,
1996-06-06,2.5315976,,
1996-06-07,2.5077915,,
1996-06-08,2.4841948,,
1996-06-09,2.4608104,,
1996-06-10,2.4376423,,
1996-06-11,2.4146948,,
1996-06-12,2.391973,,
1996-06-13,2.3694823,,
1996-06-14,2.3472288,,
1996-06-15,2.3252196,,-0.36738136
1996-06-16,2.3034623,,
1996-06-17,2.281964,,
1996-06-18,2.2607338,,
1996-06-19,2.2397802,,
1996-06-20,2.2191126,,
1996-06-21,2.1987405,,
1996-06-22,2.178674,,
1996-06-23,2.1589234,,
1996-06-24,2.139499,,
1996-06-25,2.1204119,,
1996-06-26,2.1016731,,
1996-06-27,2.0832944,,
1996-06-28,2.0652866,,
1996-06-29,2.0476623,,
1996-06-30,2.0304327,,
1996-07-01,2.01361,,
1996-07-02,1.9972063,,
1996-07-03,1.9812338,,
1996-07-04,1.9657048,,
1996-07-05,1.9506311,,
1996-07-06,1.9360245,,
1996-07-07,1.9218966,,
1996-07-08,1.9082584,,
1996-07-09,1.8951209,,
1996-07-10,1.8824941,,
1996-07-11,1.8703879,,
1996-07-12,1.8588113,,
1996-07-13,1.8477727,,
1996-07-14,1.8372805,,
1996-07-15,1.8273419,,-1.107518
1996-07-16,1.8179638,,
1996-07-17,1.8091528,,
1996-07-18,1.8009145,,
1996-07-19,1.7932547,,
1996-07-20,1.7861786,,
1996-07-21,1.7796912,,
1996-07-22,1.7737976,,
1996-07-23,1.7685027,,
1996-07-24,1.7638116,,
1996-07-25,1.7597296,,
1996-07-26,1.7562625,,
1996-07-27,1.7534167,,
1996-07-28,1.7511986,,
1996-07-29,1.7496158,,
1996-07-30,1.7486757,,
1996-07-31,1.7483866,,
1996-08-01,1.7487571,,
1996-08-02,1.7497959,,
1996-08-03,1.7515125,,
1996-08-04,1.7539166,,
1996-08-05,1.7570179,,
1996-08-06,1.7608268,,
1996-08-07,1.7653537,,
1996-08-08,1.7706094,,
1996-08-09,1.7766045,,
1996-08-10,1.7833496,,
1996-08-11,1.7908555,,
1996-08-12,1.7991326,,
1996-08-13,1.8081911,,
1996-08-14,1.8180408,,
1996-08-15,1.8286915,,-0.63555086
1996-08-16,1.8401525,,
1996-08-17,1.852433,,
1996-08-18,1.8655416,,
1996-08-19,1.8794868,,
1996-08-20,1.894277,,
1996-08-21,1.9099199,,
1996-08-22,1.9264233,,
1996-08-23,1.9437945,,
1996-08-24,1.9620405,,
1996-08-25,1.9811679,,
1996-08-26,2.001183,,
1996-08-27,2.0220916,,
1996-08-28,2.0438998,,
1996-08-29,2.0666125,,
1996-08-30,2.0902352,,
1996-08-31,2.1147728,,
1996-09-01,2.1402304,,
1996-09-02,2.1666126,,
1996-09-03,2.193924,,
1996-09-04,2.222169,,
1996-09-05,2.2513514,,
1996-09-06,2.2814755,,
1996-09-07,2.3125448,,
1996-09-08,2.344563,,
1996-09-09,2.3775327,,
1996-09-10,2.4114575,,
1996-09-11,2.4463394,,
1996-09-12,2.4821806,,
1996-09-13,2.518983,,
1996-09-14,2.5567482,,
1996-09-15,2.5954769,,-1.2148973
1996-09-16,2.6351702,,
1996-09-17,2.6758277,,
1996-09-18,2.7174494,,
1996-09-19,2.760034,,
1996-09-20,2.8035798,,
1996-09-21,2.8480847,,
1996-09-22,2.8935456,,
1996-09-23,2.9399583,,
1996-09-24,2.9873188,,
1996-09-25,3.0356207,,
1996-09-26,3.084858,,
1996-09-27,3.135023,,
1996-09-28,3.1861076,,
1996-09-29,3.238102,,
1996-09-30,3.2909956,,
1996-10-01,3.3447764,,
1996-10-02,3.3994317,,
1996-10-03,3.4549472,,
1996-10-04,3.511307,,
1996-10-05,3.5684948,,
1996-10-06,3.626492,,
1996-10-07,3.68528,,
1996-10-08,3.7448385,,
1996-10-09,3.8051453,,
1996-10-10,3.866178,,
1996-10-11,3.927912,,
1996-10-12,3.9903219,,
1996-10-13,4.053381,,
1996-10-14,4.1170607,,
1996-10-15,4.181332,,-1.4603727
1996-10-16,4.246165,,
1996-10-17,4.3115263,,
1996-10-18,4.377383,,
1996-10-19,4.4437013,,
1996-10-20,4.5104427,,
1996-10-21,4.577571,,
1996-10-22,4.6450458,,
1996-10-23,4.7128267,,
1996-10-24,4.780872,,
1996-10-25,4.8491373,,
1996-10-26,4.9175773,,
1996-10-27,4.9861455,,
1996-10-28,5.054794,,
1996-10-29,5.1234736,,
1996-10-30,5.1921344,,
1996-10-31,5.2607255,,
1996-11-01,5.3291945,,
1996-11-02,5.3974886,,
1996-11-03,5.465555,,
1996-11-04,5.533339,,
1996-11-05,5.6007857,,
1996-11-06,5.6678405,,
1996-11-07,5.734447,,
1996-11-08,5.80055,,
1996-11-09,5.8660927,,
1996-11-10,5.9310184,,
1996-11-11,5.9952703,,
1996-11-12,6.0587916,,
1996-11-13,6.121525,,
1996-11-14,6.183413,,
1996-11-15,6.2443986,,-0.9528745
1996-11-16,6.3044233,,
1996-11-17,6.3634295,,
1996-11-18,6.42136,,
1996-11-19,6.478156,,
1996-11-20,6.533761,,
1996-11-21,6.5881157,,
1996-11-22,6.641164,,
1996-11-23,6.692848,,
1996-11-24,6.7431116,,
1996-11-25,6.791898,,
1996-11-26,6.8391514,,
1996-11-27,6.884816,,
1996-11-28,6.9288383,,
1996-11-29,6.9711623,,
1996-11-30,7.011736,,
1996-12-01,7.0505066,,
1996-12-02,7.0874214,,
1996-12-03,7.122431,,
1996-12-04,7.155485,,
1996-12-05,7.1865354,,
1996-12-06,7.2155356,,
1996-12-07,7.24244,,
1996-12-08,7.267205,,
1996-12-09,7.2897887,,
1996-12-10,7.3101506,,
1996-12-11,7.3282514,,
1996-12-12,7.344055,,
1996-12-13,7.357527,,
1996-12-14,7.3686337,,
1996-12-15,7.3773446,,-0.41638938
1996-12-16,7.383632,,
1996-12-17,7.38747,,
1996-12-18,7.388834,,
1996-12-19,7.387705,,
1996-12-20,7.3840637,,
1996-12-21,7.377896,,
1996-12-22,7.3691883,,
1996-12-23,7.3579316,,
1996-12-24,7.344119,,
1996-12-25,7.3277473,,
1996-12-26,7.3088155,,
1996-12-27,7.287325,,
1996-12-28,7.263281,,
1996-12-29,7.2366915,,
1996-12-30,7.207567,,
1996-12-31,7.1759214,,
1997-01-01,7.141772,,
1997-01-02,7.105137,,
1997-01-03,7.0660396,,
1997-01-04,7.0245056,,
1997-01-05,6.980563,,
1997-01-06,6.934244,,
1997-01-07,6.885583,,
1997-01-08,6.834616,,
1997-01-09,6.7813845,,
1997-01-10,6.725931,,
1997-01-11,6.668302,,
1997-01-12,6.6085463,,
1997-01-13,6.5467143,,
1997-01-14,6.4828615,,
1997-01-15,6.417044,,0.04862059
1997-01-16,6.3493214,,
1997-01-17,6.279755,,
1997-01-18,6.2084093,,
1997-01-19,6.13535,,
1997-01-20,6.060646,,
1997-01-21,5.984367,,
1997-01-22,5.9065847,,
1997-01-23,5.827374,,
1997-01-24,5.74681,,
1997-01-25,5.6649694,,
1997-01-26,5.5819306,,
1997-01-27,5.4977736,,
1997-01-28,5.4125795,,
1997-01-29,5.3264303,,
1997-01-30,5.239409,,
1997-01-31,5.1515994,,
1997-02-01,5.063087,,
1997-02-02,4.973957,,
1997-02-03,4.884295,,
1997-02-04,4.7941885,,
1997-02-05,4.7037234,,
1997-02-06,4.6129885,,
1997-02-07,4.5220704,,
1997-02-08,4.431057,,
1997-02-09,4.3400364,,
1997-02-10,4.2490964,,
1997-02-11,4.1583242,,
1997-02-12,4.067807,,
1997-02-13,3.9776323,,
1997-02-14,3.887886,,
1997-02-15,3.7986543,,0.2466054
1997-02-16,3.710022,,
1997-02-17,3.6220737,,
1997-02-18,3.5348926,,
1997-02-19,3.4485607,,
1997-02-20,3.3631594,,
1997-02-21,3.2787683,,
1997-02-22,3.195465,,
1997-02-23,3.1133265,,
1997-02-24,3.0324268,,
1997-02-25,2.952839,,
1997-02-26,2.874633,,
1997-02-27,2.797878,,
1997-02-28,2.7226398,,
1997-03-01,2.6489825,,
1997-03-02,2.5769677,,
1997-03-03,2.5066543,,
1997-03-04,2.438099,,
1997-03-05,2.371356,,
1997-03-06,2.3064773,,
1997-03-07,2.2435117,,
1997-03-08,2.182506,,
1997-03-09,2.1235046,,
1997-03-10,2.0665488,,
1997-03-11,2.0116777,,
1997-03-12,1.9589282,,
1997-03-13,1.9083339,,
1997-03-14,1.8599262,,
1997-03-15,1.8137338,,0.18620019
1997-03-16,1.7697831,,
1997-03-17,1.7280978,,
1997-03-18,1.6886991,,
1997-03-19,1.6516054,,
1997-03-20,1.616833,,
1997-03-21,1.5843953,,
1997-03-22,1.5543034,,
1997-03-23,1.5265657,,
1997-03-24,1.5011878,,
1997-03-25,1.4781728,,
1997-03-26,1.4575207,,
1997-03-27,1.4392289,,
1997-03-28,1.423292,,
1997-03-29,1.4097017,,
1997-03-30,1.3984468,,
1997-03-31,1.3895133,,
1997-04-01,1.382884,,
1997-04-02,1.3785393,,
1997-04-03,1.3764563,,
1997-04-04,1.3766093,,
1997-04-05,1.37897,,
1997-04-06,1.383507,,
1997-04-07,1.3901864,,
1997-04-08,1.3989717,,
1997-04-09,1.4098235,,
1997-04-10,1.4227002,,
1997-04-11,1.4375573,,
1997-04-12,1.4543486,,
1997-04-13,1.4730252,,
1997-04-14,1.4935366,,
1997-04-15,1.51583,,-0.5373309
1997-04-16,1.5398511,,
1997-04-17,1.5655435,,
1997-04-18,1.5928494,,
1997-04-19,1.6217093,,
1997-04-20,1.652062,,
1997-04-21,1.6838449,,
1997-04-22,1.7169942,,
1997-04-23,1.7514442,,
1997-04-24,1.7871286,,
1997-04-25,1.8239793,,
1997-04-26,1.8619275,,
1997-04-27,1.9009033,,
1997-04-28,1.940836,,
1997-04-29,1.9816537,,
1997-04-30,2.0232842,,
1997-05-01,2.0656545,,
1997-05-02,2.1086912,,
1997-05-03,2.1523201,,
1997-05-04,2.1964672,,
1997-05-05,2.2410579,,
1997-05-06,2.2860177,,
1997-05-07,2.331272,,
1997-05-08,2.3767467,,
1997-05-09,2.4223676,,
1997-05-10,2.468062,,
1997-05-11,2.513757,,
1997-05-12,2.5593808,,
1997-05-13,2.604863,,
1997-05-14,2.6501338,,
1997-05-15,2.6951253,,-0.22701088
1997-05-16,2.7397707,,
1997-05-17,2.7840044,,
1997-05-18,2.8277628,,
1997-05-19,2.8709843,,
1997-05-20,2.913608,,
1997-05-21,2.9555764,,
1997-05-22,2.9968328,,
1997-05-23,3.0373228,,
1997-05-24,3.0769944,,
1997-05-25,3.115797,,
1997-05-26,3.1536827,,
1997-05-27,3.1906056,,
1997-05-28,3.2265217,,
1997-05-29,3.2613897,,
1997-05-30,3.2951696,,
1997-05-31,3.3278244,,
1997-06-01,3.3593187,,
1997-06-02,3.3896198,,
1997-06-03,3.4186969,,
1997-06-04,3.4465215,,
1997-06-05,3.4730673,,
1997-06-06,3.4983108,,
1997-06-07,3.5222306,,
1997-06-08,3.5448072,,
1997-06-09,3.5660243,,
1997-06-10,3.5858674,,
1997-06-11,3.6043248,,
1997-06-12,3.621387,,
1997-06-13,3.637047,,
1997-06-14,3.6513004,,
1997-06-15,3.6641452,,0.023839757
1997-06-16,3.6755817,,
1997-06-17,3.6856122,,
1997-06-18,3.6942422,,
1997-06-19,3.701479,,
1997-06-20,3.707332,,
1997-06-21,3.711813,,
1997-06-22,3.7149367,,
1997-06-23,3.7167192,,
1997-06-24,3.7171793,,
1997-06-25,3.7163382,,
1997-06-26,3.7142189,,
1997-06-27,3.7108471,,
1997-06-28,3.7062507,,
1997-06-29,3.7004595,,
1997-06-30,3.6935058,,
1997-07-01,3.6854239,,
1997-07-02,3.6762502,,
1997-07-03,3.666023,,
1997-07-04,3.6547825,,
1997-07-05,3.6425714,,
1997-07-06,3.6294336,,
1997-07-07,3.6154153,,
1997-07-08,3.6005645,,
1997-07-09,3.5849304,,
1997-07-10,3.568564,,
1997-07-11,3.5515175,,
1997-07-12,3.5338447,,
1997-07-13,3.5156002,,
1997-07-14,3.4968393,,
1997-07-15,3.4776187,,-0.8636821
1997-07-16,3.4579952,,
1997-07-17,3.4380262,,
1997-07-18,3.4177694,,
1997-07-19,3.3972828,,
1997-07-20,3.3766239,,
1997-07-21,3.3558507,,
1997-07-22,3.3350205,,
1997-07-23,3.31419,,
1997-07-24,3.2934153,,
1997-07-25,3.2727525,,
1997-07-26,3.2522562,,
1997-07-27,3.23198,,
1997-07-28,3.211977,,
1997-07-29,3.1922987,,
1997-07-30,3.1729956,,
1997-07-31,3.1541169,,
1997-08-01,3.1357105,,
1997-08-02,3.1178234,,
1997-08-03,3.1005003,,
1997-08-04,3.0837855,,
1997-08-05,3.067721,,
1997-08-06,3.052348,,
1997-08-07,3.0377052,,
1997-08-08,3.023831,,
1997-08-09,3.010762,,
1997-08-10,2.9985335,,
1997-08-11,2.9871798,,
1997-08-12,2.976734,,
1997-08-13,2.967228,,
1997-08-14,2.958693,,
1997-08-15,2.9511592,,-0.767948
1997-08-16,2.944656,,
1997-08-17,2.9392111,,
1997-08-18,2.9348521,,
1997-08-19,2.9316058,,
1997-08-20,2.929498,,
1997-08-21,2.928553,,
1997-08-22,2.9287949,,
1997-08-23,2.9302456,,
1997-08-24,2.9329267,,
1997-08-25,2.936858,,
1997-08-26,2.9420576,,
1997-08-27,2.9485424,,
1997-08-28,2.9563272,,
1997-08-29,2.9654248,,
1997-08-30,2.9758463,,
1997-08-31,2.9876,,
1997-09-01,3.0006933,0.053406797,
1997-09-02,3.0151305,,
1997-09-03,3.0309138,,
1997-09-04,3.0480442,,
1997-09-05,3.0665195,,
1997-09-06,3.086336,,
1997-09-07,3.1074877,,
1997-09-08,3.1299672,,
1997-09-09,3.1537642,,
1997-09-10,3.1788676,,
1997-09-11,3.2052639,,
1997-09-12,3.2329378,,
1997-09-13,3.261873,,
1997-09-14,3.2920516,,
1997-09-15,3.3234537,,-0.6196088
1997-09-16,3.3560588,,
1997-09-17,3.3898447,,
1997-09-18,3.424788,,
1997-09-19,3.4608643,,
1997-09-20,3.4980474,,
1997-09-21,3.53631,,
1997-09-22,3.575624,,
1997-09-23,3.6159594,,
1997-09-24,3.6572857,,
1997-09-25,3.6995702,,
1997-09-26,3.7427802,,
1997-09-27,3.786881,,
1997-09-28,3.8318372,,
1997-09-29,3.8776119,,
1997-09-30,3.9241674,,
1997-10-01,3.9714649,0.056052394,
1997-10-02,4.019464,,
1997-10-03,4.0681243,,
1997-10-04,4.1174035,,
1997-10-05,4.1672583,,
1997-10-06,4.217644,,
1997-10-07,4.268516,,
1997-10-08,4.3198276,,
1997-10-09,4.3715315,,
1997-10-10,4.4235797,,
1997-10-11,4.475924,,
1997-10-12,4.5285144,,
1997-10-13,4.5813017,,
1997-10-14,4.6342344,,
1997-10-15,4.6872625,,-0.23203817
1997-10-16,4.7403345,,
1997-10-17,4.793399,,
1997-10-18,4.846404,,
1997-10-19,4.8992996,,
1997-10-20,4.9520335,,
1997-10-21,5.0045557,,
1997-10-22,5.056816,,
1997-10-23,5.108765,,
1997-10-24,5.160353,,
1997-10-25,5.211533,,
1997-10-26,5.262257,,
1997-10-27,5.31248,,
1997-10-28,5.362157,,
1997-10-29,5.411244,,
1997-10-30,5.4596987,,
1997-10-31,5.5074787,,
1997-11-01,5.554544,0.0778316,
1997-11-02,5.6008544,,
1997-11-03,5.646372,,
1997-11-04,5.6910596,,
1997-11-05,5.7348804,,
1997-11-06,5.7778,,
1997-11-07,5.819784,,
1997-11-08,5.8608,,
1997-11-09,5.9008155,,
1997-11-10,5.9398007,,
1997-11-11,5.9777255,,
1997-11-12,6.014562,,
1997-11-13,6.050283,,
1997-11-14,6.084863,,
1997-11-15,6.1182775,,-0.4661237
1997-11-16,6.150503,,
1997-11-17,6.1815186,,
1997-11-18,6.211302,,
1997-11-19,6.2398343,,
1997-11-20,6.267097,,
1997-11-21,6.293073,,
1997-11-22,6.3177466,,
1997-11-23,6.341102,,
1997-11-24,6.3631253,,
1997-11-25,6.3838034,,
1997-11-26,6.4031243,,
1997-11-27,6.421078,,
1997-11-28,6.4376545,,
1997-11-29,6.452846,,
1997-11-30,6.4666452,,
1997-12-01,6.479047,0.11560899,
1997-12-02,6.4900465,,
1997-12-03,6.4996405,,
1997-12-04,6.507828,,
1997-12-05,6.5146084,,
1997-12-06,6.519982,,
1997-12-07,6.5239506,,
1997-12-08,6.526519,,
1997-12-09,6.527691,,
1997-12-10,6.5274744,,
1997-12-11,6.5258765,,
1997-12-12,6.522908,,
1997-12-13,6.5185804,,
1997-12-14,6.512906,,
1997-12-15,6.505901,,-0.26852834
1997-12-16,6.4975805,,
1997-12-17,6.4879622,,
1997-12-18,6.4770665,,
1997-12-19,6.4649124,,
1997-12-20,6.4515214,,
1997-12-21,6.4369173,,
1997-12-22,6.421123,,
1997-12-23,6.404164,,
1997-12-24,6.3860655,,
1997-12-25,6.366854,,
1997-12-26,6.3465586,,
1997-12-27,6.3252068,,
1997-12-28,6.302828,,
1997-12-29,6.2794514,,
1997-12-30,6.2551084,,
1997-12-31,6.2298293,,
1998-01-01,6.203645,0.12050937,
1998-01-02,6.176589,,
1998-01-03,6.1486917,,
1998-01-04,6.119986,,
1998-01-05,6.0905046,,
1998-01-06,6.0602803,,
1998-01-07,6.029346,,
1998-01-08,5.997735,,
1998-01-09,5.965481,,
1998-01-10,5.9326167,,
1998-01-11,5.8991756,,
1998-01-12,5.865192,,
1998-01-13,5.8306985,,
1998-01-14,5.7957287,,
1998-01-15,5.7603164,,0.10190604
1998-01-16,5.724495,,
1998-01-17,5.6882977,,
1998-01-18,5.6517577,,
1998-01-19,5.6149077,,
1998-01-20,5.5777807,,
1998-01-21,5.5404096,,
1998-01-22,5.502826,,
1998-01-23,5.465063,,
1998-01-24,5.4271526,,
1998-01-25,5.389126,,
1998-01-26,5.351014,,
1998-01-27,5.3128486,,
1998-01-28,5.2746596,,
1998-01-29,5.236478,,
1998-01-30,5.1983323,,
1998-01-31,5.1602535,,
1998-02-01,5.1222696,0.113974266,
1998-02-02,5.08441,,
1998-02-03,5.046703,,
1998-02-04,5.0091753,,
1998-02-05,4.9718547,,
1998-02-06,4.9347677,,
1998-02-07,4.8979397,,
1998-02-08,4.8613963,,
1998-02-09,4.825162,,
1998-02-10,4.78926,,
1998-02-11,4.753714,,
1998-02-12,4.7185464,,
1998-02-13,4.6837783,,
1998-02-14,4.6494303,,
1998-02-15,4.6155224,,0.24042451
1998-02-16,4.582073,,
1998-02-17,4.5491014,,
1998-02-18,4.516624,,
1998-02-19,4.484658,,
1998-02-20,4.4532175,,
1998-02-21,4.4223185,,
1998-02-22,4.3919744,,
1998-02-23,4.3621984,,
1998-02-24,4.333003,,
1998-02-25,4.3043995,,
1998-02-26,4.2763987,,
1998-02-27,4.2490106,,
1998-02-28,4.222244,,
1998-03-01,4.1961074,0.09945272,
1998-03-02,4.170609,,
1998-03-03,4.1457553,,
1998-03-04,4.121553,,
1998-03-05,4.098007,,
1998-03-06,4.0751233,,
1998-03-07,4.0529056,,
1998-03-08,4.0313573,,
1998-03-09,4.0104814,,
1998-03-10,3.9902804,,
1998-03-11,3.9707556,,
1998-03-12,3.9519079,,
1998-03-13,3.9337375,,
1998-03-14,3.916244,,
1998-03-15,3.8994262,,0.06246801
1998-03-16,3.883282,,
1998-03-17,3.867809,,
1998-03-18,3.853004,,
1998-03-19,3.8388627,,
1998-03-20,3.8253808,,
1998-03-21,3.8125532,,
1998-03-22,3.8003738,,
1998-03-23,3.788836,,
1998-03-24,3.777933,,
1998-03-25,3.7676568,,
1998-03-26,3.758,,
1998-03-27,3.748953,,
1998-03-28,3.7405074,,
1998-03-29,3.7326534,,
1998-03-30,3.725381,,
1998-03-31,3.7186794,,
1998-04-01,3.7125375,0.07292001,
1998-04-02,3.7069442,,
1998-04-03,3.7018871,,
1998-04-04,3.6973538,,
1998-04-05,3.693331,,
1998-04-06,3.6898057,,
1998-04-07,3.6867645,,
1998-04-08,3.6841931,,
1998-04-09,3.682078,,
1998-04-10,3.6804044,,
1998-04-11,3.6791587,,
1998-04-12,3.6783264,,
1998-04-13,3.6778939,,
1998-04-14,3.6778474,,
1998-04-15,3.678173,,-0.042759567
1998-04-16,3.678858,,
1998-04-17,3.6798887,,
1998-04-18,3.6812527,,
1998-04-19,3.6829374,,
1998-04-20,3.684931,,
1998-04-21,3.6872215,,
1998-04-22,3.6897979,,
1998-04-23,3.6926496,,
1998-04-24,3.695766,,
1998-04-25,3.699137,,
1998-04-26,3.7027533,,
1998-04-27,3.7066054,,
1998-04-28,3.7106843,,
1998-04-29,3.7149816,,
1998-04-30,3.719489,,
1998-05-01,3.7241986,0.061651018,
1998-05-02,3.7291026,,
1998-05-03,3.7341933,,
1998-05-04,3.7394636,,
1998-05-05,3.7449067,,
1998-05-06,3.7505152,,
1998-05-07,3.756283,,
1998-05-08,3.7622037,,
1998-05-09,3.7682712,,
1998-05-10,3.7744792,,
1998-05-11,3.7808218,,
1998-05-12,3.7872932,,
1998-05-13,3.7938879,,
1998-05-14,3.8005993,,
1998-05-15,3.8074224,,-0.40904826
1998-05-16,3.814351,,
1998-05-17,3.8213792,,
1998-05-18,3.8285015,,
1998-05-19,3.8357112,,
1998-05-20,3.8430033,,
1998-05-21,3.8503716,,
1998-05-22,3.85781,,
1998-05-23,3.865313,,
1998-05-24,3.8728747,,
1998-05-25,3.8804893,,
1998-05-26,3.8881516,,
1998-05-27,3.8958557,,
1998-05-28,3.9035962,,
1998-05-29,3.911368,,
1998-05-30,3.9191663,,
1998-05-31,3.9269862,,
1998-06-01,3.9348233,0.04890375,
1998-06-02,3.9426734,,
1998-06-03,3.9505327,,
1998-06-04,3.958397,,
1998-06-05,3.9662628,,
1998-06-06,3.9741273,,
1998-06-07,3.9819868,,
1998-06-08,3.9898384,,
1998-06-09,3.9976795,,
1998-06-10,4.005507,,
1998-06-11,4.013319,,
1998-06-12,4.0211134,,
1998-06-13,4.028888,,
1998-06-14,4.036642,,
1998-06-15,4.044374,,-0.20635064
1998-06-16,4.0520844,,
1998-06-17,4.059773,,
1998-06-18,4.0674396,,
1998-06-19,4.075086,,
1998-06-20,4.082713,,
1998-06-21,4.0903225,,
1998-06-22,4.0979156,,
1998-06-23,4.1054955,,
1998-06-24,4.1130633,,
1998-06-25,4.1206217,,
1998-06-26,4.1281724,,
1998-06-27,4.1357183,,
1998-06-28,4.14326,,
1998-06-29,4.1507998,,
1998-06-30,4.158338,,
1998-07-01,4.165875,0.043851405,
1998-07-02,4.1734114,,
1998-07-03,4.1809464,,
1998-07-04,4.188478,,
1998-07-05,4.1960053,,
1998-07-06,4.2035255,,
1998-07-07,4.2110357,,
1998-07-08,4.2185326,,
1998-07-09,4.2260113,,
1998-07-10,4.233468,,
1998-07-11,4.2408977,,
1998-07-12,4.248295,,
1998-07-13,4.2556534,,
1998-07-14,4.2629685,,
1998-07-15,4.270233,,-0.28111133
1998-07-16,4.2774425,,
1998-07-17,4.2845902,,
1998-07-18,4.2916718,,
1998-07-19,4.298681,,
1998-07-20,4.3056135,,
1998-07-21,4.3124657,,
1998-07-22,4.319233,,
1998-07-23,4.325913,,
1998-07-24,4.3325024,,
1998-07-25,4.3389997,,
1998-07-26,4.345403,,
1998-07-27,4.351712,,
1998-07-28,4.357926,,
1998-07-29,4.364044,,
1998-07-30,4.370068,,
1998-07-31,4.3759975,,
1998-08-01,4.3818345,0.04591523,
1998-08-02,4.3875794,,
1998-08-03,4.3932343,,
1998-08-04,4.398801,,
1998-08-05,4.404279,,
1998-08-06,4.409672,,
1998-08-07,4.4149785,,
1998-08-08,4.4202,,
1998-08-09,4.4253354,,
1998-08-10,4.4303837,,
1998-08-11,4.4353423,,
1998-08-12,4.440209,,
1998-08-13,4.444979,,
1998-08-14,4.4496474,,
1998-08-15,4.454209,,0.07422394
1998-08-16,4.458656,,
1998-08-17,4.4629803,,
1998-08-18,4.467174,,
1998-08-19,4.471226,,
1998-08-20,4.475127,,
1998-08-21,4.478865,,
1998-08-22,4.482427,,
1998-08-23,4.4858017,,
1998-08-24,4.4889755,,
1998-08-25,4.4919353,,
1998-08-26,4.4946675,,
1998-08-27,4.49716,,
1998-08-28,4.4993987,,
1998-08-29,4.501372,,
1998-08-30,4.5030665,,
1998-08-31,4.5044713,,
1998-09-01,4.5055737,0.044533223,
1998-09-02,4.506363,,
1998-09-03,4.5068274,,
1998-09-04,4.506955,,
1998-09-05,4.506736,,
1998-09-06,4.5061574,,
1998-09-07,4.50521,,
1998-09-08,4.503881,,
1998-09-09,4.50216,,
1998-09-10,4.5000343,,
1998-09-11,4.4974933,,
1998-09-12,4.4945245,,
1998-09-13,4.4911156,,
1998-09-14,4.4872546,,
1998-09-15,4.482929,,-0.31367767
1998-09-16,4.4781265,,
1998-09-17,4.4728336,,
1998-09-18,4.4670377,,
1998-09-19,4.460725,,
1998-09-20,4.453883,,
1998-09-21,4.4464993,,
1998-09-22,4.4385605,,
1998-09-23,4.430054,,
1998-09-24,4.4209685,,
1998-09-25,4.4112916,,
1998-09-26,4.401013,,
1998-09-27,4.3901215,,
1998-09-28,4.3786073,,
1998-09-29,4.3664613,,
1998-09-30,4.353675,,
1998-10-01,4.340241,0.05443832,
1998-10-02,4.3261523,,
1998-10-03,4.3114038,,
1998-10-04,4.29599,,
1998-10-05,4.2799077,,
1998-10-06,4.2631545,,
1998-10-07,4.245729,,
1998-10-08,4.227631,,
1998-10-09,4.2088633,,
1998-10-10,4.189427,,
1998-10-11,4.169327,,
1998-10-12,4.148567,,
1998-10-13,4.1271544,,
1998-10-14,4.1050963,,
1998-10-15,4.082401,,-0.3625533
1998-10-16,4.0590773,,
1998-10-17,4.035136,,
1998-10-18,4.0105896,,
1998-10-19,3.985449,,
1998-10-20,3.9597282,,
1998-10-21,3.9334412,,
1998-10-22,3.9066024,,
1998-10-23,3.8792274,,
1998-10-24,3.8513324,,
1998-10-25,3.822934,,
1998-10-26,3.7940488,,
1998-10-27,3.7646945,,
1998-10-28,3.7348888,,
1998-10-29,3.7046497,,
1998-10-30,3.6739962,,
1998-10-31,3.6429474,,
1998-11-01,3.6115232,0.06553571,
1998-11-02,3.5797436,,
1998-11-03,3.5476296,,
1998-11-04,3.5152028,,
1998-11-05,3.4824853,,
1998-11-06,3.4495,,
1998-11-07,3.4162705,,
1998-11-08,3.3828213,,
1998-11-09,3.3491776,,
1998-11-10,3.3153648,,
1998-11-11,3.2814095,,
1998-11-12,3.2473388,,
1998-11-13,3.2131798,,
1998-11-14,3.178961,,
1998-11-15,3.1447105,,-0.23731269
1998-11-16,3.1104572,,
1998-11-17,3.0762305,,
1998-11-18,3.0420594,,
1998-11-19,3.007974,,
1998-11-20,2.9740036,,
1998-11-21,2.9401784,,
1998-11-22,2.9065287,,
1998-11-23,2.8730843,,
1998-11-24,2.8398762,,
1998-11-25,2.8069344,,
1998-11-26,2.7742898,,
1998-11-27,2.7419734,,
1998-11-28,2.7100155,,
1998-11-29,2.678447,,
1998-11-30,2.647299,,
1998-12-01,2.616603,0.11596314,
1998-12-02,2.5863895,,
1998-12-03,2.5566905,,
1998-12-04,2.527537,,
1998-12-05,2.4989605,,
1998-12-06,2.4709923,,
1998-12-07,2.4436636,,
1998-12-08,2.417005,,
1998-12-09,2.3910475,,
1998-12-10,2.3658202,,
1998-12-11,2.3413532,,
1998-12-12,2.317675,,
1998-12-13,2.2948139,,
1998-12-14,2.2727966,,
1998-12-15,2.2516499,,-0.4886483
1998-12-16,2.231399,,
1998-12-17,2.2120688,,
1998-12-18,2.193683,,
1998-12-19,2.1762643,,
1998-12-20,2.1598346,,
1998-12-21,2.1444151,,
1998-12-22,2.1300254,,
1998-12-23,2.116685,,
1998-12-24,2.1044118,,
1998-12-25,2.093223,,
1998-12-26,2.0831356,,
1998-12-27,2.0741649,,
1998-12-28,2.066326,,
1998-12-29,2.0596328,,
1998-12-30,2.0540986,,
1998-12-31,2.0497358,,
1999-01-01,2.0465555,0.1285174,
1999-01-02,2.0445683,,
1999-01-03,2.0437832,,
1999-01-04,2.0442083,,
1999-01-05,2.0458508,,
1999-01-06,2.0487163,,
1999-01-07,2.0528092,,
1999-01-08,2.0581324,,
1999-01-09,2.0646877,,
1999-01-10,2.0724752,,
1999-01-11,2.0814931,,
1999-01-12,2.0917387,,
1999-01-13,2.1032078,,
1999-01-14,2.115894,,
1999-01-15,2.1297905,,-0.20795126
1999-01-16,2.1448882,,
1999-01-17,2.1611764,,
1999-01-18,2.1786442,,
1999-01-19,2.1972783,,
1999-01-20,2.2170646,,
1999-01-21,2.2379875,,
1999-01-22,2.2600303,,
1999-01-23,2.2831752,,
1999-01-24,2.3074028,,
1999-01-25,2.3326926,,
1999-01-26,2.3590229,,
1999-01-27,2.386371,,
1999-01-28,2.4147122,,
1999-01-29,2.4440215,,
1999-01-30,2.4742723,,
1999-01-31,2.5054367,,
1999-02-01,2.5374851,0.121917725,
1999-02-02,2.5703876,,
1999-02-03,2.6041121,,
1999-02-04,2.6386256,,
1999-02-05,2.673894,,
1999-02-06,2.7098815,,
1999-02-07,2.7465518,,
1999-02-08,2.783867,,
1999-02-09,2.8217878,,
1999-02-10,2.8602753,,
1999-02-11,2.899288,,
1999-02-12,2.9387846,,
1999-02-13,2.9787223,,
1999-02-14,3.0190585,,
1999-02-15,3.059749,,-0.25152057
1999-02-16,3.100749,,
1999-02-17,3.1420138,,
1999-02-18,3.1834981,,
1999-02-19,3.225156,,
1999-02-20,3.2669418,,
1999-02-21,3.3088093,,
1999-02-22,3.3507123,,
1999-02-23,3.392605,,
1999-02-24,3.434441,,
1999-02-25,3.4761748,,
1999-02-26,3.5177605,,
1999-02-27,3.559153,,
1999-02-28,3.6003077,,
1999-03-01,3.6411796,0.11741349,
1999-03-02,3.681725,,
1999-03-03,3.7219007,,
1999-03-04,3.7616634,,
1999-03-05,3.8009715,,
1999-03-06,3.8397832,,
1999-03-07,3.878058,,
1999-03-08,3.9157562,,
1999-03-09,3.9528394,,
1999-03-10,3.989269,,
1999-03-11,4.0250087,,
1999-03-12,4.0600224,,
1999-03-13,4.094275,,
1999-03-14,4.1277337,,
1999-03-15,4.160366,,-0.1960961
1999-03-16,4.1921406,,
1999-03-17,4.223027,,
1999-03-18,4.252998,,
1999-03-19,4.2820244,,
1999-03-20,4.310081,,
1999-03-21,4.337143,,
1999-03-22,4.3631854,,
1999-03-23,4.388187,,
1999-03-24,4.412126,,
1999-03-25,4.4349833,,
1999-03-26,4.45674,,
1999-03-27,4.4773793,,
1999-03-28,4.4968867,,
1999-03-29,4.515247,,
1999-03-30,4.5324492,,
1999-03-31,4.5484824,,
1999-04-01,4.563338,0.07452423,
1999-04-02,4.5770087,,
1999-04-03,4.58949,,
1999-04-04,4.600779,,
1999-04-05,4.6108747,,
1999-04-06,4.619778,,
1999-04-07,4.6274924,,
1999-04-08,4.634022,,
1999-04-09,4.6393747,,
1999-04-10,4.6435585,,
1999-04-11,4.6465836,,
1999-04-12,4.648462,,
1999-04-13,4.6492076,,
1999-04-14,4.648835,,
1999-04-15,4.6473603,,-0.22211713
1999-04-16,4.644801,,
1999-04-17,4.641176,,
1999-04-18,4.6365056,,
1999-04-19,4.630809,,
1999-04-20,4.6241083,,
1999-04-21,4.6164265,,
1999-04-22,4.607786,,
1999-04-23,4.598212,,
1999-04-24,4.587727,,
1999-04-25,4.576357,,
1999-04-26,4.564128,,
1999-04-27,4.5510664,,
1999-04-28,4.537199,,
1999-04-29,4.5225544,,
1999-04-30,4.50716,,
1999-05-01,4.4910464,0.059606448,
1999-05-02,4.4742436,,
1999-05-03,4.4567833,,
1999-05-04,4.4386973,,
1999-05-05,4.420019,,
1999-05-06,4.400783,,
1999-05-07,4.3810234,,
1999-05-08,4.360776,,
1999-05-09,4.340077,,
1999-05-10,4.3189626,,
1999-05-11,4.297471,,
1999-05-12,4.275639,,
1999-05-13,4.2535057,,
1999-05-14,4.231108,,
1999-05-15,4.2084856,,0.33287698
1999-05-16,4.1856756,,
1999-05-17,4.1627173,,
1999-05-18,4.139648,,
1999-05-19,4.1165056,,
1999-05-20,4.0933275,,
1999-05-21,4.070151,,
1999-05-22,4.047012,,
1999-05-23,4.023947,,
1999-05-24,4.0009904,,
1999-05-25,3.9781785,,
1999-05-26,3.9555457,,
1999-05-27,3.9331264,,
1999-05-28,3.9109547,,
1999-05-29,3.889064,,
1999-05-30,3.8674874,,
1999-05-31,3.8462572,,
1999-06-01,3.8254058,0.05300641,
1999-06-02,3.804964,,
1999-06-03,3.7849631,,
1999-06-04,3.7654328,,
1999-06-05,3.7464027,,
1999-06-06,3.7279007,,
1999-06-07,3.7099543,,
1999-06-08,3.69259,,
1999-06-09,3.6758325,,
1999-06-10,3.659706,,
1999-06-11,3.644233,,
1999-06-12,3.6294336,,
1999-06-13,3.6153271,,
1999-06-14,3.6019304,,
1999-06-15,3.589259,,0.29449588
1999-06-16,3.5773265,,
1999-06-17,3.5661454,,
1999-06-18,3.5557253,,
1999-06-19,3.5460756,,
1999-06-20,3.5372033,,
1999-06-21,3.529114,,
1999-06-22,3.5218124,,
1999-06-23,3.5153012,,
1999-06-24,3.509582,,
1999-06-25,3.5046558,,
1999-06-26,3.500522,,
1999-06-27,3.4971786,,
1999-06-28,3.494623,,
1999-06-29,3.4928513,,
1999-06-30,3.491859,,
1999-07-01,3.49164,0.050302986,
1999-07-02,3.4921882,,
1999-07-03,3.4934957,,
1999-07-04,3.4955542,,
1999-07-05,3.498354,,
1999-07-06,3.5018842,,
1999-07-07,3.5061338,,
1999-07-08,3.5110896,,
1999-07-09,3.516738,,
1999-07-10,3.5230641,,
1999-07-11,3.5300527,,
1999-07-12,3.5376866,,
1999-07-13,3.5459485,,
1999-07-14,3.5548193,,
1999-07-15,3.5642798,,-0.19269624
1999-07-16,3.5743086,,
1999-07-17,3.5848846,,
1999-07-18,3.5959845,,
1999-07-19,3.6075842,,
1999-07-20,3.619659,,
1999-07-21,3.6321824,,
1999-07-22,3.6451268,,
1999-07-23,3.6584642,,
1999-07-24,3.6721647,,
1999-07-25,3.6861975,,
1999-07-26,3.7005317,,
1999-07-27,3.715135,,
1999-07-28,3.7299743,,
1999-07-29,3.745016,,
1999-07-30,3.7602262,,
1999-07-31,3.77557,,
1999-08-01,3.7910123,0.04730195,
1999-08-02,3.806518,,
1999-08-03,3.822052,,
1999-08-04,3.8375783,,
1999-08-05,3.8530624,,
1999-08-06,3.868469,,
1999-08-07,3.8837636,,
1999-08-08,3.8989117,,
1999-08-09,3.9138799,,
1999-08-10,3.9286346,,
1999-08-11,3.9431438,,
1999-08-12,3.957375,,
1999-08-13,3.9712973,,
1999-08-14,3.9848795,,
1999-08-15,3.9980915,,0.14658783
1999-08-16,4.0109034,,
1999-08-17,4.0232863,,
1999-08-18,4.0352116,,
1999-08-19,4.0466504,,
1999-08-20,4.057575,,
1999-08-21,4.067959,,
1999-08-22,4.0777745,,
1999-08-23,4.086996,,
1999-08-24,4.095598,,
1999-08-25,4.103556,,
1999-08-26,4.110845,,
1999-08-27,4.1174417,,
1999-08-28,4.1233225,,
1999-08-29,4.128466,,
1999-08-30,4.1328506,,
1999-08-31,4.136455,,
1999-09-01,4.1392612,0.04868165,
1999-09-02,4.1412506,,
1999-09-03,4.142406,,
1999-09-04,4.142712,,
1999-09-05,4.1421547,,
1999-09-06,4.140722,,
1999-09-07,4.1384015,,
1999-09-08,4.1351843,,
1999-09-09,4.131062,,
1999-09-10,4.126028,,
1999-09-11,4.120077,,
1999-09-12,4.1132054,,
1999-09-13,4.10541,,
1999-09-14,4.0966907,,
1999-09-15,4.087047,,0.5301224
1999-09-16,4.0764804,,
1999-09-17,4.064994,,
1999-09-18,4.052592,,
1999-09-19,4.0392795,,
1999-09-20,4.025064,,
1999-09-21,4.009953,,
1999-09-22,3.9939556,,
1999-09-23,3.977082,,
1999-09-24,3.9593434,,
1999-09-25,3.940752,,
1999-09-26,3.9213214,,
1999-09-27,3.9010653,,
1999-09-28,3.8799996,,
1999-09-29,3.8581402,,
1999-09-30,3.8355043,,
1999-10-01,3.812109,0.05338912,
1999-10-02,3.7879727,,
1999-10-03,3.763114,,
1999-10-04,3.7375522,,
1999-10-05,3.7113068,,
1999-10-06,3.684398,,
1999-10-07,3.656846,,
1999-10-08,3.6286716,,
1999-10-09,3.5998955,,
1999-10-10,3.5705385,,
1999-10-11,3.5406218,,
1999-10-12,3.5101666,,
1999-10-13,3.4791949,,
1999-10-14,3.4477282,,
1999-10-15,3.4157887,,0.5341026
1999-10-16,3.3833995,,
1999-10-17,3.3505833,,
1999-10-18,3.3173635,,
1999-10-19,3.2837641,,
1999-10-20,3.2498093,,
1999-10-21,3.215524,,
1999-10-22,3.180934,,
1999-10-23,3.1460652,,
1999-10-24,3.1109447,,
1999-10-25,3.0756001,,
1999-10-26,3.0400598,,
1999-10-27,3.0043523,,
1999-10-28,2.968508,,
1999-10-29,2.932557,,
1999-10-30,2.8965306,,
1999-10-31,2.860461,,
1999-11-01,2.8243804,0.08253831,
1999-11-02,2.7883222,,
1999-11-03,2.7523196,,
1999-11-04,2.7164068,,
1999-11-05,2.6806178,,
1999-11-06,2.6449876,,
1999-11-07,2.6095505,,
1999-11-08,2.5743415,,
1999-11-09,2.5393958,,
1999-11-10,2.5047486,,
1999-11-11,2.4704351,,
1999-11-12,2.4364905,,
1999-11-13,2.4029503,,
1999-11-14,2.3698494,,
1999-11-15,2.3372238,,0.3500204
1999-11-16,2.3051083,,
1999-11-17,2.2735384,,
1999-11-18,2.2425494,,
1999-11-19,2.2121758,,
1999-11-20,2.1824534,,
1999-11-21,2.1534162,,
1999-11-22,2.1250992,,
1999-11-23,2.0975366,,
1999-11-24,2.0707622,,
1999-11-25,2.0448098,,
1999-11-26,2.019713,,
1999-11-27,1.9955039,,
1999-11-28,1.9722152,,
1999-11-29,1.9498786,,
1999-11-30,1.9285252,,
1999-12-01,1.9081855,0.1136137,
1999-12-02,1.8888892,,
1999-12-03,1.8706652,,
1999-12-04,1.8535417,,
1999-12-05,1.8375462,,
1999-12-06,1.8227054,,
1999-12-07,1.809045,,
1999-12-08,1.7965899,,
1999-12-09,1.7853639,,
1999-12-10,1.7753904,,
1999-12-11,1.7666914,,
1999-12-12,1.7592881,,
1999-12-13,1.7532007,,
1999-12-14,1.7484483,,
1999-12-15,1.745049,,-0.09656227
1999-12-16,1.74302,,
1999-12-17,1.7423772,,
1999-12-18,1.7431357,,
1999-12-19,1.7453092,,
1999-12-20,1.7489105,,
1999-12-21,1.7539513,,
1999-12-22,1.7604418,,
1999-12-23,1.7683909,,
1999-12-24,1.7778065,,
1999-12-25,1.788695,,
1999-12-26,1.8010614,,
1999-12-27,1.8149092,,
1999-12-28,1.8302407,,
1999-12-29,1.8470565,,
1999-12-30,1.8653557,,
1999-12-31,1.885136,,
2000-01-01,1.9063936,0.13225316,
2000-01-02,1.929123,,
2000-01-03,1.9533176,,
2000-01-04,1.9789686,,
2000-01-05,2.006066,,
2000-01-06,2.0345986,,
2000-01-07,2.064553,,
2000-01-08,2.0959144,,
2000-01-09,2.1286666,,
2000-01-10,2.1627927,,
2000-01-11,2.1982734,,
2000-01-12,2.2350888,,
2000-01-13,2.273217,,
2000-01-14,2.3126354,,
2000-01-15,2.3533196,,-0.33926415
2000-01-16,2.3952444,,
2000-01-17,2.4383829,,
2000-01-18,2.482707,,
2000-01-19,2.5281875,,
2000-01-20,2.5747938,,
2000-01-21,2.6224942,,
2000-01-22,2.6712558,,
2000-01-23,2.7210445,,
2000-01-24,2.7718253,,
2000-01-25,2.8235621,,
2000-01-26,2.876218,,
2000-01-27,2.9297545,,
2000-01-28,2.984133,,
2000-01-29,3.039313,,
2000-01-30,3.095254,,
2000-01-31,3.151914,,
2000-02-01,3.2092502,0.123989895,
2000-02-02,3.2672195,,
2000-02-03,3.3257782,,
2000-02-04,3.3848815,,
2000-02-05,3.4444845,,
2000-02-06,3.5045414,,
2000-02-07,3.5650065,,
2000-02-08,3.6258328,,
2000-02-09,3.686973,,
2000-02-10,3.74838,,
2000-02-11,3.8100054,,
2000-02-12,3.8718007,,
2000-02-13,3.933717,,
2000-02-14,3.9957051,,
2000-02-15,4.057715,,-0.20598148
2000-02-16,4.119697,,
2000-02-17,4.1816,,
2000-02-18,4.243374,,
2000-02-19,4.3049664,,
2000-02-20,4.3663263,,
2000-02-21,4.427402,,
2000-02-22,4.4881415,,
2000-02-23,4.5484924,,
2000-02-24,4.6084023,,
2000-02-25,4.667819,,
2000-02-26,4.7266903,,
2000-02-27,4.784964,,
2000-02-28,4.842588,,
2000-02-29,4.8995113,,
2000-03-01,4.955682,0.10755994,
2000-03-02,5.0110493,,
2000-03-03,5.0655637,,
2000-03-04,5.119175,,
2000-03-05,5.171834,,
2000-03-06,5.2234926,,
2000-03-07,5.274104,,
2000-03-08,5.323621,,
2000-03-09,5.371998,,
2000-03-10,5.419191,,
2000-03-11,5.4651556,,
2000-03-12,5.5098505,,
2000-03-13,5.5532336,,
2000-03-14,5.5952654,,
2000-03-15,5.635907,,-0.31735918
2000-03-16,5.6751213,,
2000-03-17,5.7128716,,
2000-03-18,5.749124,,
2000-03-19,5.783845,,
2000-03-20,5.8170033,,
2000-03-21,5.8485694,,
2000-03-22,5.8785143,,
2000-03-23,5.9068117,,
2000-03-24,5.933437,,
2000-03-25,5.9583664,,
2000-03-26,5.9815793,,
2000-03-27,6.0030556,,
2000-03-28,6.0227776,,
2000-03-29,6.0407286,,
2000-03-30,6.0568953,,
2000-03-31,6.0712643,,
2000-04-01,6.0838246,0.0822113,
2000-04-02,6.0945673,,
2000-04-03,6.103485,,
2000-04-04,6.110572,,
2000-04-05,6.1158223,,
2000-04-06,6.1192346,,
2000-04-07,6.1208067,,
2000-04-08,6.1205387,,
2000-04-09,6.118432,,
2000-04-10,6.1144896,,
2000-04-11,6.1087155,,
2000-04-12,6.101116,,
2000-04-13,6.0916986,,
2000-04-14,6.0804725,,
2000-04-15,6.067448,,-0.22436018
2000-04-16,6.052638,,
2000-04-17,6.0360565,,
2000-04-18,6.01772,,
2000-04-19,5.9976473,,
2000-04-20,5.975858,,
2000-04-21,5.9523754,,
2000-04-22,5.9272246,,
2000-04-23,5.900432,,
2000-04-24,5.872028,,
2000-04-25,5.8420434,,
2000-04-26,5.810512,,
2000-04-27,5.777469,,
2000-04-28,5.7429514,,
2000-04-29,5.7069974,,
2000-04-30,5.669647,,
2000-05-01,5.6309404,0.05970958,
2000-05-02,5.59092,,
2000-05-03,5.549628,,
2000-05-04,5.507107,,
2000-05-05,5.463401,,
2000-05-06,5.4185534,,
2000-05-07,5.372609,,
2000-05-08,5.3256116,,
2000-05-09,5.2776055,,
2000-05-10,5.228635,,
2000-05-11,5.1787443,,
2000-05-12,5.1279783,,
2000-05-13,5.0763807,,
2000-05-14,5.023997,,
2000-05-15,4.97087,,0.50297326
2000-05-16,4.9170456,,
2000-05-17,4.8625674,,
2000-05-18,4.807481,,
2000-05-19,4.7518296,,
2000-05-20,4.6956587,,
2000-05-21,4.6390123,,
2000-05-22,4.581934,,
2000-05-23,4.5244675,,
2000-05-24,4.466655,,
2000-05-25,4.408539,,
2000-05-26,4.3501606,,
2000-05-27,4.2915606,,
2000-05-28,4.232779,,
2000-05-29,4.173855,,
2000-05-30,4.1148257,,
2000-05-31,4.0557294,,
2000-06-01,3.9966028,0.049402244,
2000-06-02,3.9374814,,
2000-06-03,3.878401,,
2000-06-04,3.8193958,,
2000-06-05,3.7605007,,
2000-06-06,3.7017493,,
2000-06-07,3.6431754,,
2000-06-08,3.5848124,,
2000-06-09,3.5266943,,
2000-06-10,3.4688544,,
2000-06-11,3.4113266,,
2000-06-12,3.3541446,,
2000-06-13,3.297342,,
2000-06-14,3.2409527,,
2000-06-15,3.18501,,0.19297132
2000-06-16,3.129547,,
2000-06-17,3.0745964,,
2000-06-18,3.0201902,,
2000-06-19,2.9663596,,
2000-06-20,2.913135,,
2000-06-21,2.8605459,,
2000-06-22,2.8086197,,
2000-06-23,2.7573836,,
2000-06-24,2.7068622,,
2000-06-25,2.6570787,,
2000-06-26,2.608055,,
2000-06-27,2.5598109,,
2000-06-28,2.5123641,,
2000-06-29,2.4657304,,
2000-06-30,2.4199243,,
2000-07-01,2.3749576,0.044724926,
2000-07-02,2.3308408,,
2000-07-03,2.2875829,,
2000-07-04,2.2451904,,
2000-07-05,2.2036695,,
2000-07-06,2.1630244,,
2000-07-07,2.1232586,,
2000-07-08,2.0843737,,
2000-07-09,2.046371,,
2000-07-10,2.0092506,,
2000-07-11,1.9730122,,
2000-07-12,1.9376546,,
2000-07-13,1.9031763,,
2000-07-14,1.869575,,
2000-07-15,1.8368484,,-0.5881615
2000-07-16,1.8049941,,
2000-07-17,1.7740095,,
2000-07-18,1.7438917,,
2000-07-19,1.7146382,,
2000-07-20,1.6862468,,
2000-07-21,1.6587147,,
2000-07-22,1.6320403,,
2000-07-23,1.6062216,,
2000-07-24,1.581257,,
2000-07-25,1.557145,,
2000-07-26,1.5338845,,
2000-07-27,1.5114743,,
2000-07-28,1.4899133,,
2000-07-29,1.4692007,,
2000-07-30,1.4493357,,
2000-07-31,1.4303174,,
2000-08-01,1.4121451,0.047696587,
2000-08-02,1.3948183,,
2000-08-03,1.3783362,,
2000-08-04,1.3626984,,
2000-08-05,1.3479043,,
2000-08-06,1.3339534,,
2000-08-07,1.3208454,,
2000-08-08,1.3085799,,
2000-08-09,1.2971572,,
2000-08-10,1.2865772,,
2000-08-11,1.2768406,,
2000-08-12,1.2679478,,
2000-08-13,1.2599001,,
2000-08-14,1.2526993,,
2000-08-15,1.2463474,,-0.6737014
2000-08-16,1.2408473,,
2000-08-17,1.2362024,,
2000-08-18,1.2324167,,
2000-08-19,1.2294949,,
2000-08-20,1.227442,,
2000-08-21,1.2262638,,
2000-08-22,1.2259661,,
2000-08-23,1.226555,,
2000-08-24,1.228037,,
2000-08-25,1.2304184,,
2000-08-26,1.2337058,,
2000-08-27,1.2379051,,
2000-08-28,1.2430224,,
2000-08-29,1.2490631,,
2000-08-30,1.2560321,,
2000-08-31,1.2639339,,
2000-09-01,1.2727721,0.04737789,
2000-09-02,1.2825496,,
2000-09-03,1.2932688,,
2000-09-04,1.3049313,,
2000-09-05,1.3175381,,
2000-09-06,1.3310896,,
2000-09-07,1.345586,,
2000-09-08,1.3610265,,
2000-09-09,1.3774111,,
2000-09-10,1.3947389,,
2000-09-11,1.4130095,,
2000-09-12,1.4322222,,
2000-09-13,1.4523768,,
2000-09-14,1.4734732,,
2000-09-15,1.4955115,,-0.2616377
2000-09-16,1.5184922,,
2000-09-17,1.542416,,
2000-09-18,1.5672835,,
2000-09-19,1.593096,,
2000-09-20,1.6198546,,
2000-09-21,1.6475605,,
2000-09-22,1.6762147,,
2000-09-23,1.7058185,,
2000-09-24,1.7363728,,
2000-09-25,1.7678785,,
2000-09-26,1.8003361,,
2000-09-27,1.8337462,,
2000-09-28,1.8681091,,
2000-09-29,1.903425,,
2000-09-30,1.9396943,,
2000-10-01,1.9769174,0.059663903,
2000-10-02,2.015095,,
2000-10-03,2.0542278,,
2000-10-04,2.0943167,,
2000-10-05,2.1353626,,
2000-10-06,2.1773667,,
2000-10-07,2.2203302,,
2000-10-08,2.2642546,,
2000-10-09,2.3091412,,
2000-10-10,2.354992,,
2000-10-11,2.4018083,,
2000-10-12,2.4495916,,
2000-10-13,2.4983432,,
2000-10-14,2.5480638,,
2000-10-15,2.5987532,,-0.6568609
2000-10-16,2.6504111,,
2000-10-17,2.7030358,,
2000-10-18,2.7566247,,
2000-10-19,2.8111744,,
2000-10-20,2.8666797,,
2000-10-21,2.923134,,
2000-10-22,2.9805303,,
2000-10-23,3.0388584,,
2000-10-24,3.0981083,,
2000-10-25,3.158267,,
2000-10-26,3.219321,,
2000-10-27,3.2812545,,
2000-10-28,3.3440504,,
2000-10-29,3.4076896,,
2000-10-30,3.4721518,,
2000-10-31,3.537415,,
2000-11-01,3.6034555,0.07404179,
2000-11-02,3.6702487,,
2000-11-03,3.7377677,,
2000-11-04,3.805985,,
2000-11-05,3.8748713,,
2000-11-06,3.944396,,
2000-11-07,4.014527,,
2000-11-08,4.0852313,,
2000-11-09,4.1564736,,
2000-11-10,4.228219,,
2000-11-11,4.30043,,
2000-11-12,4.373068,,
2000-11-13,4.446093,,
2000-11-14,4.519465,,
2000-11-15,4.593142,,-0.046931725
2000-11-16,4.667082,,
2000-11-17,4.7412415,,
2000-11-18,4.8155766,,
2000-11-19,4.8900423,,
2000-11-20,4.964594,,
2000-11-21,5.039186,,
2000-11-22,5.1137724,,
2000-11-23,5.188307,,
2000-11-24,5.2627435,,
2000-11-25,5.3370357,,
2000-11-26,5.411136,,
2000-11-27,5.4849987,,
2000-11-28,5.558576,,
2000-11-29,5.6318216,,
2000-11-30,5.704688,,
2000-12-01,5.7771287,0.092500426,
2000-12-02,5.8490963,,
2000-12-03,5.920545,,
2000-12-04,5.991428,,
2000-12-05,6.061698,,
2000-12-06,6.1313095,,
2000-12-07,6.200217,,
2000-12-08,6.268373,,
2000-12-09,6.3357344,,
2000-12-10,6.402255,,
2000-12-11,6.4678917,,
2000-12-12,6.5326004,,
2000-12-13,6.5963383,,
2000-12-14,6.6590633,,
2000-12-15,6.720734,,0.269947
2000-12-16,6.78131,,
2000-12-17,6.8407516,,
2000-12-18,6.8990197,,
2000-12-19,6.956077,,
2000-12-20,7.011887,,
2000-12-21,7.066413,,
2000-12-22,7.1196213,,
2000-12-23,7.171478,,
2000-12-24,7.2219505,,
2000-12-25,7.2710085,,
2000-12-26,7.318621,,
2000-12-27,7.36476,,
2000-12-28,7.409398,,
2000-12-29,7.452509,,
2000-12-30,7.494068,,
2000-12-31,7.5340514,,
2001-01-01,7.5724373,0.119775325,
2001-01-02,7.609205,,
2001-01-03,7.6443343,,
2001-01-04,7.677808,,
2001-01-05,7.7096086,,
2001-01-06,7.739721,,
2001-01-07,7.7681317,,
2001-01-08,7.794828,,
2001-01-09,7.8197985,,
2001-01-10,7.843033,,
2001-01-11,7.8645234,,
2001-01-12,7.8842616,,
2001-01-13,7.902242,,
2001-01-14,7.9184594,,
2001-01-15,7.9329095,,0.042072054
2001-01-16,7.9455905,,
2001-01-17,7.9565005,,
2001-01-18,7.965639,,
2001-01-19,7.973008,,
2001-01-20,7.9786086,,
2001-01-21,7.982445,,
2001-01-22,7.9845204,,
2001-01-23,7.9848423,,
2001-01-24,7.9834166,,
2001-01-25,7.980252,,
2001-01-26,7.9753566,,
2001-01-27,7.9687424,,
2001-01-28,7.9604197,,
2001-01-29,7.9504023,,
2001-01-30,7.938703,,
2001-01-31,7.925338,,
2001-02-01,7.9103217,0.123583585,
2001-02-02,7.893673,,
2001-02-03,7.875409,,
2001-02-04,7.8555493,,
2001-02-05,7.8341146,,
2001-02-06,7.8111253,,
2001-02-07,7.786604,,
2001-02-08,7.7605734,,
2001-02-09,7.7330585,,
2001-02-10,7.704084,,
2001-02-11,7.6736755,,
2001-02-12,7.641861,,
2001-02-13,7.608668,,
2001-02-14,7.574125,,
2001-02-15,7.5382624,,0.16077395
2001-02-16,7.5011115,,
2001-02-17,7.4627037,,
2001-02-18,7.423072,,
2001-02-19,7.3822503,,
2001-02-20,7.3402724,,
2001-02-21,7.297175,,
2001-02-22,7.2529926,,
2001-02-23,7.207763,,
2001-02-24,7.1615233,,
2001-02-25,7.114311,,
2001-02-26,7.066165,,
2001-02-27,7.0171227,,
2001-02-28,6.967223,,
2001-03-01,6.916505,0.084399685,
2001-03-02,6.865007,,
2001-03-03,6.812768,,
2001-03-04,6.759826,,
2001-03-05,6.70622,,
2001-03-06,6.6519885,,
2001-03-07,6.597169,,
2001-03-08,6.541798,,
2001-03-09,6.4859147,,
2001-03-10,6.4295545,,
2001-03-11,6.372755,,
2001-03-12,6.3155518,,
2001-03-13,6.2579803,,
2001-03-14,6.2000775,,
2001-03-15,6.141877,,0.5162502
2001-03-16,6.0834155,,
2001-03-17,6.024726,,
2001-03-18,5.9658437,,
2001-03-19,5.9068027,,
2001-03-20,5.8476367,,
2001-03-21,5.788379,,
2001-03-22,5.7290626,,
2001-03-23,5.6697197,,
2001-03-24,5.6103826,,
2001-03-25,5.551082,,
2001-03-26,5.4918494,,
2001-03-27,5.432714,,
2001-03-28,5.373706,,
2001-03-29,5.3148537,,
2001-03-30,5.256185,,
2001-03-31,5.1977267,,
2001-04-01,5.1395063,0.06457805,
2001-04-02,5.0815487,,
2001-04-03,5.0238795,,
2001-04-04,4.966523,,
2001-04-05,4.909503,,
2001-04-06,4.8528423,,
2001-04-07,4.7965646,,
2001-04-08,4.7406917,,
2001-04-09,4.685245,,
2001-04-10,4.6302466,,
2001-04-11,4.5757174,,
2001-04-12,4.5216784,,
2001-04-13,4.4681497,,
2001-04-14,4.4151516,,
2001-04-15,4.3627033,,0.06602786
2001-04-16,4.3108244,,
2001-04-17,4.2595325,,
2001-04-18,4.208845,,
2001-04-19,4.158779,,
2001-04-20,4.1093507,,
2001-04-21,4.0605745,,
2001-04-22,4.0124645,,
2001-04-23,3.9650342,,
2001-04-24,3.9182959,,
2001-04-25,3.8722608,,
2001-04-26,3.8269398,,
2001-04-27,3.782343,,
2001-04-28,3.7384791,,
2001-04-29,3.6953573,,
2001-04-30,3.652986,,
2001-05-01,3.6113725,0.055868283,
2001-05-02,3.5705247,,
2001-05-03,3.5304496,,
2001-05-04,3.4911544,,
2001-05-05,3.4526458,,
2001-05-06,3.4149308,,
2001-05-07,3.3780165,,
2001-05-08,3.3419096,,
2001-05-09,3.3066173,,
2001-05-10,3.2721462,,
2001-05-11,3.2385037,,
2001-05-12,3.205696,,
2001-05-13,3.1737306,,
2001-05-14,3.1426134,,
2001-05-15,3.1123514,,-0.4329424
2001-05-16,3.082951,,
2001-05-17,3.0544186,,
2001-05-18,3.0267599,,
2001-05-19,2.9999816,,
2001-05-20,2.9740891,,
2001-05-21,2.9490888,,
2001-05-22,2.9249864,,
2001-05-23,2.9017875,,
2001-05-24,2.8794982,,
2001-05-25,2.8581243,,
2001-05-26,2.8376718,,
2001-05-27,2.818146,,
2001-05-28,2.799553,,
2001-05-29,2.7818975,,
2001-05-30,2.7651856,,
2001-05-31,2.7494218,,
2001-06-01,2.73461,0.04633715,
2001-06-02,2.7207544,,
2001-06-03,2.7078576,,
2001-06-04,2.6959217,,
2001-06-05,2.684948,,
2001-06-06,2.6749368,,
2001-06-07,2.6658878,,
2001-06-08,2.6577992,,
2001-06-09,2.6506689,,
2001-06-10,2.6444929,,
2001-06-11,2.639267,,
2001-06-12,2.6349862,,
2001-06-13,2.6316447,,
2001-06-14,2.6292357,,
2001-06-15,2.6277523,,-0.51454425
2001-06-16,2.6271865,,
2001-06-17,2.6275306,,
2001-06-18,2.6287754,,
2001-06-19,2.6309125,,
2001-06-20,2.6339324,,
2001-06-21,2.6378253,,
2001-06-22,2.6425817,,
2001-06-23,2.6481917,,
2001-06-24,2.6546443,,
2001-06-25,2.6619294,,
2001-06-26,2.6700363,,
2001-06-27,2.6789534,,
2001-06-28,2.6886697,,
2001-06-29,2.6991735,,
2001-06-30,2.7104523,,
2001-07-01,2.7224941,0.04563097,
2001-07-02,2.735286,,
2001-07-03,2.7488148,,
2001-07-04,2.7630665,,
2001-07-05,2.7780275,,
2001-07-06,2.7936826,,
2001-07-07,2.8100164,,
2001-07-08,2.8270128,,
2001-07-09,2.8446553,,
2001-07-10,2.8629258,,
2001-07-11,2.8818057,,
2001-07-12,2.9012754,,
2001-07-13,2.9213147,,
2001-07-14,2.9419014,,
2001-07-15,2.9630127,,-0.47120786
2001-07-16,2.9846241,,
2001-07-17,3.0067103,,
2001-07-18,3.0292442,,
2001-07-19,3.0521975,,
2001-07-20,3.0755405,,
2001-07-21,3.099243,,
2001-07-22,3.1232727,,
2001-07-23,3.1475961,,
2001-07-24,3.172179,,
2001-07-25,3.196986,,
2001-07-26,3.2219806,,
2001-07-27,3.2471259,,
2001-07-28,3.2723842,,
2001-07-29,3.2977173,,
2001-07-30,3.3230867,,
2001-07-31,3.3484535,,
2001-08-01,3.3737786,0.044580996,
2001-08-02,3.3990226,,
2001-08-03,3.4241464,,
2001-08-04,3.4491107,,
2001-08-05,3.473876,,
2001-08-06,3.4984028,,
2001-08-07,3.5226521,,
2001-08-08,3.5465844,,
2001-08-09,3.5701604,,
2001-08-10,3.5933409,,
2001-08-11,3.6160865,,
2001-08-12,3.6383579,,
2001-08-13,3.6601162,,
2001-08-14,3.681322,,
2001-08-15,3.7019367,,-0.08970818
2001-08-16,3.7219212,,
2001-08-17,3.7412374,,
2001-08-18,3.7598464,,
2001-08-19,3.777711,,
2001-08-20,3.7947931,,
2001-08-21,3.8110564,,
2001-08-22,3.8264644,,
2001-08-23,3.840982,,
2001-08-24,3.854575,,
2001-08-25,3.8672097,,
2001-08-26,3.8788545,,
2001-08-27,3.8894784,,
2001-08-28,3.8990521,,
2001-08-29,3.9075475,,
2001-08-30,3.9149382,,
2001-08-31,3.9211998,,
2001-09-01,3.9263086,0.045348987,
2001-09-02,3.9302437,,
2001-09-03,3.9329846,,
2001-09-04,3.9345136,,
2001-09-05,3.9348133,,
2001-09-06,3.9338686,,
2001-09-07,3.9316657,,
2001-09-08,3.928192,,
2001-09-09,3.923436,,
2001-09-10,3.9173877,,
2001-09-11,3.910039,,
2001-09-12,3.9013817,,
2001-09-13,3.89141,,
2001-09-14,3.8801188,,
2001-09-15,3.8675041,,-0.23886226
2001-09-16,3.8535643,,
2001-09-17,3.8382976,,
2001-09-18,3.8217049,,
2001-09-19,3.803788,,
2001-09-20,3.7845502,,
2001-09-21,3.7639966,,
2001-09-22,3.742134,,
2001-09-23,3.7189708,,
2001-09-24,3.6945171,,
2001-09-25,3.6687849,,
2001-09-26,3.6417875,,
2001-09-27,3.6135411,,
2001-09-28,3.5840626,,
2001-09-29,3.553371,,
2001-09-30,3.5214865,,
2001-10-01,3.4884315,0.04966025,
2001-10-02,3.454229,,
2001-10-03,3.418904,,
2001-10-04,3.3824828,,
2001-10-05,3.344992,,
2001-10-06,3.3064604,,
2001-10-07,3.266917,,
2001-10-08,3.2263927,,
2001-10-09,3.1849186,,
2001-10-10,3.142527,,
2001-10-11,3.0992513,,
2001-10-12,3.0551255,,
2001-10-13,3.0101845,,
2001-10-14,2.9644647,,
2001-10-15,2.9180028,,0.67716974
2001-10-16,2.8708372,,
2001-10-17,2.8230078,,
2001-10-18,2.7745547,,
2001-10-19,2.7255204,,
2001-10-20,2.6759484,,
2001-10-21,2.6258836,,
2001-10-22,2.5753722,,
2001-10-23,2.524462,,
2001-10-24,2.4732025,,
2001-10-25,2.4216437,,
2001-10-26,2.3698378,,
2001-10-27,2.317838,,
2001-10-28,2.2656984,,
2001-10-29,2.2134743,,
2001-10-30,2.161222,,
2001-10-31,2.1089988,,
2001-11-01,2.0568628,0.0751781,
2001-11-02,2.0048728,,
2001-11-03,1.953088,,
2001-11-04,1.9015684,,
2001-11-05,1.850374,,
2001-11-06,1.7995654,,
2001-11-07,1.7492034,,
2001-11-08,1.6993487,,
2001-11-09,1.6500621,,
2001-11-10,1.6014049,,
2001-11-11,1.553438,,
2001-11-12,1.5062225,,
2001-11-13,1.4598191,,
2001-11-14,1.4142883,,
2001-11-15,1.3696902,,0.058973175
2001-11-16,1.3260844,,
2001-11-17,1.2835295,,
2001-11-18,1.2420838,,
2001-11-19,1.2018043,,
2001-11-20,1.162747,,
2001-11-21,1.1249669,,
2001-11-22,1.0885177,,
2001-11-23,1.0534514,,
2001-11-24,1.0198191,,
2001-11-25,0.98767,,
2001-11-26,0.9570517,,
2001-11-27,0.9280101,,
2001-11-28,0.9005893,,
2001-11-29,0.87483156,,
2001-11-30,0.85077715,,
2001-12-01,0.82846415,0.11523552,
2001-12-02,0.80792856,,
2001-12-03,0.78920424,,
2001-12-04,0.7723227,,
2001-12-05,0.75731343,,
2001-12-06,0.74420315,,
2001-12-07,0.73301643,,
2001-12-08,0.7237754,,
2001-12-09,0.7164998,,
2001-12-10,0.71120715,,
2001-12-11,0.70791227,,
2001-12-12,0.7066277,,
2001-12-13,0.70736367,,
2001-12-14,0.71012783,,
2001-12-15,0.71492535,,-0.49818212
2001-12-16,0.72175926,,
2001-12-17,0.7306301,,
2001-12-18,0.741536,,
2001-12-19,0.75447303,,
2001-12-20,0.76943487,,
2001-12-21,0.7864129,,
2001-12-22,0.80539656,,
2001-12-23,0.8263731,,
2001-12-24,0.8493277,,
2001-12-25,0.8742433,,
2001-12-26,0.9011011,,
2001-12-27,0.9298801,,
2001-12-28,0.96055716,,
2001-12-29,0.9931074,,
2001-12-30,1.027504,,
2001-12-31,1.0637178,,
2002-01-01,1.1017185,0.11993101,
2002-01-02,1.1414737,,
2002-01-03,1.1829492,,
2002-01-04,1.2261093,,
2002-01-05,1.2709165,,
2002-01-06,1.3173317,,
2002-01-07,1.365314,,
2002-01-08,1.414821,,
2002-01-09,1.4658087,,
2002-01-10,1.5182313,,
2002-01-11,1.5720415,,
2002-01-12,1.6271906,,
2002-01-13,1.683628,,
2002-01-14,1.7413017,,
2002-01-15,1.8001581,,-0.36384532
2002-01-16,1.8601425,,
2002-01-17,1.921198,,
2002-01-18,1.983267,,
2002-01-19,2.0462902,,
2002-01-20,2.110207,,
2002-01-21,2.174956,,
2002-01-22,2.240474,,
2002-01-23,2.3066971,,
2002-01-24,2.3735604,,
2002-01-25,2.4409978,,
2002-01-26,2.5089436,,
2002-01-27,2.57733,,
2002-01-28,2.6460903,,
2002-01-29,2.715156,,
2002-01-30,2.7844596,,
2002-01-31,2.8539326,,
2002-02-01,2.923507,0.11917742,
2002-02-02,2.9931142,,
2002-02-03,3.0626867,,
2002-02-04,3.1321561,,
2002-02-05,3.2014554,,
2002-02-06,3.270517,,
2002-02-07,3.3392744,,
2002-02-08,3.407661,,
2002-02-09,3.4756112,,
2002-02-10,3.54306,,
2002-02-11,3.6099432,,
2002-02-12,3.6761966,,
2002-02-13,3.7417579,,
2002-02-14,3.806565,,
2002-02-15,3.870557,,0.115519874
2002-02-16,3.9336739,,
2002-02-17,3.995856,,
2002-02-18,4.0570464,,
2002-02-19,4.117187,,
2002-02-20,4.1762233,,
2002-02-21,4.234101,,
2002-02-22,4.290766,,
2002-02-23,4.3461676,,
2002-02-24,4.4002557,,
2002-02-25,4.452982,,
2002-02-26,4.5042996,,
2002-02-27,4.554164,,
2002-02-28,4.602532,,
2002-03-01,4.649362,0.097392604,
2002-03-02,4.694616,,
2002-03-03,4.7382555,,
2002-03-04,4.7802463,,
2002-03-05,4.820555,,
2002-03-06,4.859151,,
2002-03-07,4.8960047,,
2002-03-08,4.9310904,,
2002-03-09,4.9643836,,
2002-03-10,4.995861,,
2002-03-11,5.025504,,
2002-03-12,5.0532937,,
2002-03-13,5.0792146,,
2002-03-14,5.1032534,,
2002-03-15,5.125398,,0.31004977
2002-03-16,5.14564,,
2002-03-17,5.163972,,
2002-03-18,5.1803885,,
2002-03-19,5.1948867,,
2002-03-20,5.207466,,
2002-03-21,5.2181273,,
2002-03-22,5.2268734,,
2002-03-23,5.2337093,,
2002-03-24,5.238643,,
2002-03-25,5.2416844,,
2002-03-26,5.2428436,,
2002-03-27,5.2421346,,
2002-03-28,5.239573,,
2002-03-29,5.235177,,
2002-03-30,5.2289658,,
2002-03-31,5.220961,,
2002-04-01,5.211188,0.08215042,
2002-04-02,5.199671,,
2002-04-03,5.1864395,,
2002-04-04,5.171523,,
2002-04-05,5.154955,,
2002-04-06,5.136769,,
2002-04-07,5.1170006,,
2002-04-08,5.095689,,
2002-04-09,5.0728726,,
2002-04-10,5.0485926,,
2002-04-11,5.0228915,,
2002-04-12,4.9958134,,
2002-04-13,4.967402,,
2002-04-14,4.9377036,,
2002-04-15,4.906765,,-0.07015039
2002-04-16,4.874634,,
2002-04-17,4.8413587,,
2002-04-18,4.8069887,,
2002-04-19,4.7715745,,
2002-04-20,4.7351665,,
2002-04-21,4.697816,,
2002-04-22,4.6595755,,
2002-04-23,4.6204967,,
2002-04-24,4.5806336,,
2002-04-25,4.540039,,
2002-04-26,4.498768,,
2002-04-27,4.4568744,,
2002-04-28,4.414414,,
2002-04-29,4.371442,,
2002-04-30,4.328015,,
2002-05-01,4.284189,0.058099475,
2002-05-02,4.2400217,,
2002-05-03,4.195569,,
2002-05-04,4.1508894,,
2002-05-05,4.1060395,,
2002-05-06,4.0610766,,
2002-05-07,4.0160584,,
2002-05-08,3.9710414,,
2002-05-09,3.926083,,
2002-05-10,3.8812397,,
2002-05-11,3.8365674,,
2002-05-12,3.7921216,,
2002-05-13,3.7479572,,
2002-05-14,3.704128,,
2002-05-15,3.660687,,-0.079113536
2002-05-16,3.6176856,,
2002-05-17,3.575174,,
2002-05-18,3.533202,,
2002-05-19,3.4918158,,
2002-05-20,3.451062,,
2002-05-21,3.4109845,,
2002-05-22,3.3716257,,
2002-05-23,3.3330262,,
2002-05-24,3.295225,,
2002-05-25,3.2582595,,
2002-05-26,3.222165,,
2002-05-27,3.1869757,,
2002-05-28,3.1527236,,
2002-05-29,3.1194394,,
2002-05-30,3.0871525,,
2002-05-31,3.055891,,
2002-06-01,3.0256817,0.04796555,
2002-06-02,2.9965508,,
2002-06-03,2.968523,,
2002-06-04,2.941622,,
2002-06-05,2.9158704,,
2002-06-06,2.8912904,,
2002-06-07,2.8679023,,
2002-06-08,2.8457255,,
2002-06-09,2.8247786,,
2002-06-10,2.8050785,,
2002-06-11,2.7866416,,
2002-06-12,2.7694817,,
2002-06-13,2.7536125,,
2002-06-14,2.7390451,,
2002-06-15,2.72579,,-0.004281014
2002-06-16,2.7138557,,
2002-06-17,2.703249,,
2002-06-18,2.6939754,,
2002-06-19,2.6860385,,
2002-06-20,2.6794407,,
2002-06-21,2.674183,,
2002-06-22,2.670264,,
2002-06-23,2.6676824,,
2002-06-24,2.666434,,
2002-06-25,2.666514,,
2002-06-26,2.6679153,,
2002-06-27,2.6706307,,
2002-06-28,2.6746504,,
2002-06-29,2.679964,,
2002-06-30,2.6865597,,
2002-07-01,2.6944232,0.047704667,
2002-07-02,2.7035403,,
2002-07-03,2.7138944,,
2002-07-04,2.7254674,,
2002-07-05,2.73824,,
2002-07-06,2.752191,,
2002-07-07,2.7672985,,
2002-07-08,2.7835383,,
2002-07-09,2.8008857,,
2002-07-10,2.8193145,,
2002-07-11,2.8387969,,
2002-07-12,2.8593051,,
2002-07-13,2.8808103,,
2002-07-14,2.9032829,,
2002-07-15,2.9266934,,-0.033662856
2002-07-16,2.9510124,,
2002-07-17,2.9762096,,
2002-07-18,3.0022562,,
2002-07-19,3.0291226,,
2002-07-20,3.0567794,,
2002-07-21,3.0851977,,
2002-07-22,3.1143494,,
2002-07-23,3.1442053,,
2002-07-24,3.1747384,,
2002-07-25,3.2059207,,
2002-07-26,3.237725,,
2002-07-27,3.270124,,
2002-07-28,3.3030906,,
2002-07-29,3.336598,,
2002-07-30,3.3706188,,
2002-07-31,3.4051256,,
2002-08-01,3.4400916,0.04622452,
2002-08-02,3.4754887,,
2002-08-03,3.5112894,,
2002-08-04,3.5474656,,
2002-08-05,3.5839896,,
2002-08-06,3.6208334,,
2002-08-07,3.6579692,,
2002-08-08,3.6953695,,
2002-08-09,3.7330072,,
2002-08-10,3.7708557,,
2002-08-11,3.8088892,,
2002-08-12,3.8470824,,
2002-08-13,3.8854108,,
2002-08-14,3.9238505,,
2002-08-15,3.9623783,,-0.5255594
2002-08-16,4.0009723,,
2002-08-17,4.039611,,
2002-08-18,4.0782733,,
2002-08-19,4.11694,,
2002-08-20,4.155592,,
2002-08-21,4.194211,,
2002-08-22,4.232779,,
2002-08-23,4.27128,,
2002-08-24,4.3096967,,
2002-08-25,4.3480144,,
2002-08-26,4.3862176,,
2002-08-27,4.424292,,
2002-08-28,4.462224,,
2002-08-29,4.5,,
2002-08-30,4.5376067,,
2002-08-31,4.5750313,,
2002-09-01,4.6122622,0.04743124,
2002-09-02,4.649288,,
2002-09-03,4.6860967,,
2002-09-04,4.7226777,,
2002-09-05,4.7590218,,
2002-09-06,4.7951183,,
2002-09-07,4.8309593,,
2002-09-08,4.8665357,,
2002-09-09,4.9018407,,
2002-09-10,4.936866,,
2002-09-11,4.971606,,
2002-09-12,5.0060534,,
2002-09-13,5.040203,,
2002-09-14,5.0740504,,
2002-09-15,5.1075907,,-0.32676676
2002-09-16,5.140819,,
2002-09-17,5.1737313,,
2002-09-18,5.206325,,
2002-09-19,5.2385955,,
2002-09-20,5.2705407,,
2002-09-21,5.3021564,,
2002-09-22,5.3334413,,
2002-09-23,5.3643913,,
2002-09-24,5.3950043,,
2002-09-25,5.4252768,,
2002-09-26,5.455206,,
2002-09-27,5.4847884,,
2002-09-28,5.5140204,,
2002-09-29,5.5428977,,
2002-09-30,5.5714173,,
2002-10-01,5.599574,0.0525415,
2002-10-02,5.627364,,
2002-10-03,5.6547823,,
2002-10-04,5.681824,,
2002-10-05,5.7084846,,
2002-10-06,5.7347584,,
2002-10-07,5.76064,,
2002-10-08,5.7861247,,
2002-10-09,5.811207,,
2002-10-10,5.8358808,,
2002-10-11,5.8601413,,
2002-10-12,5.8839836,,
2002-10-13,5.907402,,
2002-10-14,5.9303923,,
2002-10-15,5.9529486,,-0.38880998
2002-10-16,5.9750657,,
2002-10-17,5.996739,,
2002-10-18,6.0179625,,
2002-10-19,6.0387306,,
2002-10-20,6.0590367,,
2002-10-21,6.078875,,
2002-10-22,6.0982375,,
2002-10-23,6.117117,,
2002-10-24,6.1355042,,
2002-10-25,6.1533914,,
2002-10-26,6.170768,,
2002-10-27,6.187623,,
2002-10-28,6.203946,,
2002-10-29,6.2197247,,
2002-10-30,6.234947,,
2002-10-31,6.2495995,,
2002-11-01,6.2636685,0.070258714,
2002-11-02,6.277139,,
2002-11-03,6.2899976,,
2002-11-04,6.3022275,,
2002-11-05,6.3138146,,
2002-11-06,6.324743,,
2002-11-07,6.3349957,,
2002-11-08,6.344558,,
2002-11-09,6.3534126,,
2002-11-10,6.361544,,
2002-11-11,6.368935,,
2002-11-12,6.3755693,,
2002-11-13,6.381429,,
2002-11-14,6.386499,,
2002-11-15,6.390761,,-0.06263454
2002-11-16,6.394198,,
2002-11-17,6.3967943,,
2002-11-18,6.398532,,
2002-11-19,6.399395,,
2002-11-20,6.3993664,,
2002-11-21,6.398431,,
2002-11-22,6.3965716,,
2002-11-23,6.3937736,,
2002-11-24,6.3900213,,
2002-11-25,6.3853006,,
2002-11-26,6.3795967,,
2002-11-27,6.372896,,
2002-11-28,6.3651857,,
2002-11-29,6.3564525,,
2002-11-30,6.3466845,,
2002-12-01,6.3358703,0.10207372,
2002-12-02,6.324,,
2002-12-03,6.3110633,,
2002-12-04,6.297052,,
2002-12-05,6.281957,,
2002-12-06,6.265773,,
2002-12-07,6.248493,,
2002-12-08,6.2301126,,
2002-12-09,6.210627,,
2002-12-10,6.1900344,,
2002-12-11,6.1683316,,
2002-12-12,6.1455183,,
2002-12-13,6.121594,,
2002-12-14,6.096559,,
2002-12-15,6.070416,,0.067923054
2002-12-16,6.0431666,,
2002-12-17,6.0148144,,
2002-12-18,5.9853635,,
2002-12-19,5.9548197,,
2002-12-20,5.9231873,,
2002-12-21,5.890474,,
2002-12-22,5.856686,,
2002-12-23,5.8218317,,
2002-12-24,5.78592,,
2002-12-25,5.7489595,,
2002-12-26,5.710961,,
2002-12-27,5.6719346,,
2002-12-28,5.6318927,,
2002-12-29,5.590847,,
2002-12-30,5.548811,,
2002-12-31,5.505799,,
2003-01-01,5.461826,0.12688911,
2003-01-02,5.416908,,
2003-01-03,5.3710613,,
2003-01-04,5.324304,,
2003-01-05,5.276655,,
2003-01-06,5.228134,,
2003-01-07,5.1787615,,
2003-01-08,5.128559,,
2003-01-09,5.077551,,
2003-01-10,5.0257597,,
2003-01-11,4.9732113,,
2003-01-12,4.9199324,,
2003-01-13,4.8659496,,
2003-01-14,4.8112917,,
2003-01-15,4.7559886,,0.25286564
2003-01-16,4.700071,,
2003-01-17,4.6435704,,
2003-01-18,4.5865197,,
2003-01-19,4.528952,,
2003-01-20,4.470903,,
2003-01-21,4.412407,,
2003-01-22,4.353501,,
2003-01-23,4.294221,,
2003-01-24,4.2346053,,
2003-01-25,4.1746917,,
2003-01-26,4.1145196,,
2003-01-27,4.054128,,
2003-01-28,3.9935565,,
2003-01-29,3.9328456,,
2003-01-30,3.8720357,,
2003-01-31,3.8111677,,
2003-02-01,3.750283,0.12310367,
2003-02-02,3.6894226,,
2003-02-03,3.6286283,,
2003-02-04,3.567942,,
2003-02-05,3.5074048,,
2003-02-06,3.4470587,,
2003-02-07,3.3869455,,
2003-02-08,3.3271067,,
2003-02-09,3.2675838,,
2003-02-10,3.208418,,
2003-02-11,3.1496494,,
2003-02-12,3.0913193,,
2003-02-13,3.0334673,,
2003-02-14,2.976133,,
2003-02-15,2.9193554,,-0.24043755
2003-02-16,2.8631728,,
2003-02-17,2.807623,,
2003-02-18,2.752743,,
2003-02-19,2.6985698,,
2003-02-20,2.6451387,,
2003-02-21,2.5924852,,
2003-02-22,2.540643,,
2003-02-23,2.4896455,,
2003-02-24,2.4395254,,
2003-02-25,2.390314,,
2003-02-26,2.3420424,,
2003-02-27,2.2947404,,
2003-02-28,2.2484365,,
2003-03-01,2.2031589,0.10777639,
2003-03-02,2.1589346,,
2003-03-03,2.11579,,
2003-03-04,2.07375,,
2003-03-05,2.0328395,,
2003-03-06,1.9930815,,
2003-03-07,1.9544988,,
2003-03-08,1.9171127,,
2003-03-09,1.8809439,,
2003-03-10,1.8460116,,
2003-03-11,1.8123344,,
2003-03-12,1.7799296,,
2003-03-13,1.7488136,,
2003-03-14,1.7190017,,
2003-03-15,1.6905077,,-0.2942893
2003-03-16,1.6633447,,
2003-03-17,1.6375247,,
2003-03-18,1.6130582,,
2003-03-19,1.5899546,,
2003-03-20,1.5682219,,
2003-03-21,1.5478673,,
2003-03-22,1.5288966,,
2003-03-23,1.5113142,,
2003-03-24,1.4951233,,
2003-03-25,1.4803257,,
2003-03-26,1.4669222,,
2003-03-27,1.4549117,,
2003-03-28,1.4442921,,
2003-03-29,1.4350598,,
2003-03-30,1.4272095,,
2003-03-31,1.4207344,,
2003-04-01,1.4156262,0.09036554,
2003-04-02,1.4118743,,
2003-04-03,1.409467,,
2003-04-04,1.4083905,,
2003-04-05,1.4086299,,
2003-04-06,1.4101682,,
2003-04-07,1.4129871,,
2003-04-08,1.417067,,
2003-04-09,1.422387,,
2003-04-10,1.428925,,
2003-04-11,1.436658,,
2003-04-12,1.445562,,
2003-04-13,1.4556122,,
2003-04-14,1.4667832,,
2003-04-15,1.479049,,-0.5048391
2003-04-16,1.492383,,
2003-04-17,1.5067583,,
2003-04-18,1.5221473,,
2003-04-19,1.5385221,,
2003-04-20,1.5558544,,
2003-04-21,1.5741154,,
2003-04-22,1.5932757,,
2003-04-23,1.6133052,,
2003-04-24,1.6341734,,
2003-04-25,1.6558489,,
2003-04-26,1.6782992,,
2003-04-27,1.7014917,,
2003-04-28,1.7253923,,
2003-04-29,1.7499665,,
2003-04-30,1.7751787,,
2003-05-01,1.8009927,0.059454855,
2003-05-02,1.8273715,,
2003-05-03,1.8542776,,
2003-05-04,1.8816732,,
2003-05-05,1.9095204,,
2003-05-06,1.9377812,,
2003-05-07,1.9664176,,
2003-05-08,1.9953917,,
2003-05-09,2.0246663,,
2003-05-10,2.0542047,,
2003-05-11,2.0839705,,
2003-05-12,2.113929,,
2003-05-13,2.1440456,,
2003-05-14,2.1742876,,
2003-05-15,2.2046227,,0.5987256
2003-05-16,2.2350206,,
2003-05-17,2.2654517,,
2003-05-18,2.2958882,,
2003-05-19,2.3263037,,
2003-05-20,2.356673,,
2003-05-21,2.3869722,,
2003-05-22,2.417179,,
2003-05-23,2.4472725,,
2003-05-24,2.4772325,,
2003-05-25,2.5070395,,
2003-05-26,2.5366757,,
2003-05-27,2.5661242,,
2003-05-28,2.595368,,
2003-05-29,2.6243913,,
2003-05-30,2.6531792,,
2003-05-31,2.681717,,
2003-06-01,2.7099898,0.05343473,
2003-06-02,2.7379844,,
2003-06-03,2.765687,,
2003-06-04,2.7930846,,
2003-06-05,2.8201654,,
2003-06-06,2.8469176,,
2003-06-07,2.87333,,
2003-06-08,2.8993928,,
2003-06-09,2.9250968,,
2003-06-10,2.9504335,,
2003-06-11,2.9753954,,
2003-06-12,2.9999764,,
2003-06-13,3.0241706,,
2003-06-14,3.0479739,,
2003-06-15,3.0713825,,1.3772157
2003-06-16,3.0943944,,
2003-06-17,3.1170082,,
2003-06-18,3.1392238,,
2003-06-19,3.1610427,,
2003-06-20,3.1824665,,
2003-06-21,3.2034986,,
2003-06-22,3.2241435,,
2003-06-23,3.2444057,,
2003-06-24,3.2642922,,
2003-06-25,3.2838097,,
2003-06-26,3.3029659,,
2003-06-27,3.3217702,,
2003-06-28,3.3402321,,
2003-06-29,3.358362,,
2003-06-30,3.3761706,,
2003-07-01,3.3936703,0.047136955,
2003-07-02,3.410873,,
2003-07-03,3.427791,,
2003-07-04,3.4444387,,
2003-07-05,3.4608293,,
2003-07-06,3.4769766,,
2003-07-07,3.4928958,,
2003-07-08,3.508601,,
2003-07-09,3.5241067,,
2003-07-10,3.5394282,,
2003-07-11,3.5545802,,
2003-07-12,3.5695772,,
2003-07-13,3.5844333,,
2003-07-14,3.5991623,,
2003-07-15,3.6137779,,1.0880638
2003-07-16,3.6282926,,
2003-07-17,3.6427188,,
2003-07-18,3.657068,,
2003-07-19,3.6713507,,
2003-07-20,3.6855779,,
2003-07-21,3.699759,,
2003-07-22,3.7139032,,
2003-07-23,3.7280197,,
2003-07-24,3.742116,,
2003-07-25,3.7561998,,
2003-07-26,3.7702777,,
2003-07-27,3.7843564,,
2003-07-28,3.7984407,,
2003-07-29,3.812536,,
2003-07-30,3.8266466,,
2003-07-31,3.840776,,
2003-08-01,3.8549278,0.046134155,
2003-08-02,3.8691046,,
2003-08-03,3.8833091,,
2003-08-04,3.897544,,
2003-08-05,3.9118104,,
2003-08-06,3.9261105,,
2003-08-07,3.9404457,,
2003-08-08,3.9548173,,
2003-08-09,3.9692256,,
2003-08-10,3.9836712,,
2003-08-11,3.998154,,
2003-08-12,4.0126734,,
2003-08-13,4.0272284,,
2003-08-14,4.0418177,,
2003-08-15,4.0564404,,1.0046206
2003-08-16,4.0710945,,
2003-08-17,4.0857778,,
2003-08-18,4.1004877,,
2003-08-19,4.115221,,
2003-08-20,4.1299744,,
2003-08-21,4.1447425,,
2003-08-22,4.1595206,,
2003-08-23,4.174302,,
2003-08-24,4.18908,,
2003-08-25,4.203847,,
2003-08-26,4.2185936,,
2003-08-27,4.2333097,,
2003-08-28,4.2479854,,
2003-08-29,4.26261,,
2003-08-30,4.2771716,,
2003-08-31,4.291659,,
2003-09-01,4.3060603,0.04985385,
2003-09-02,4.3203635,,
2003-09-03,4.334556,,
2003-09-04,4.3486257,,
2003-09-05,4.36256,,
2003-09-06,4.376346,,
2003-09-07,4.3899717,,
2003-09-08,4.403425,,
2003-09-09,4.4166946,,
2003-09-10,4.429768,,
2003-09-11,4.4426355,,
2003-09-12,4.4552855,,
2003-09-13,4.4677086,,
2003-09-14,4.479895,,
2003-09-15,4.4918365,,-0.0018907067
2003-09-16,4.5035243,,
2003-09-17,4.5149517,,
2003-09-18,4.526112,,
2003-09-19,4.5369987,,
2003-09-20,4.547607,,
2003-09-21,4.5579314,,
2003-09-22,4.567969,,
2003-09-23,4.5777154,,
2003-09-24,4.5871687,,
2003-09-25,4.596326,,
2003-09-26,4.605186,,
2003-09-27,4.6137476,,
2003-09-28,4.6220107,,
2003-09-29,4.6299763,,
2003-09-30,4.637644,,
2003-10-01,4.645015,0.05891715,
2003-10-02,4.652091,,
2003-10-03,4.658874,,
2003-10-04,4.6653666,,
2003-10-05,4.6715713,,
2003-10-06,4.6774917,,
2003-10-07,4.6831307,,
2003-10-08,4.6884933,,
2003-10-09,4.693583,,
2003-10-10,4.698405,,
2003-10-11,4.7029634,,
2003-10-12,4.7072654,,
2003-10-13,4.7113156,,
2003-10-14,4.7151217,,
2003-10-15,4.71869,,-0.15902571
2003-10-16,4.7220287,,
2003-10-17,4.7251453,,
2003-10-18,4.728049,,
2003-10-19,4.7307477,,
2003-10-20,4.733251,,
2003-10-21,4.7355685,,
2003-10-22,4.7377105,,
2003-10-23,4.739687,,
2003-10-24,4.741509,,
2003-10-25,4.743187,,
2003-10-26,4.7447324,,
2003-10-27,4.7461557,,
2003-10-28,4.7474685,,
2003-10-29,4.748682,,
2003-10-30,4.749807,,
2003-10-31,4.7508545,,
2003-11-01,4.751835,0.07805288,
2003-11-02,4.7527585,,
2003-11-03,4.753635,,
2003-11-04,4.754474,,
2003-11-05,4.7552853,,
2003-11-06,4.756077,,
2003-11-07,4.7568564,,
2003-11-08,4.7576323,,
2003-11-09,4.758412,,
2003-11-10,4.759202,,
2003-11-11,4.760009,,
2003-11-12,4.7608395,,
2003-11-13,4.7617,,
2003-11-14,4.762596,,
2003-11-15,4.763534,,-0.09018594
2003-11-16,4.764519,,
2003-11-17,4.7655582,,
2003-11-18,4.7666574,,
2003-11-19,4.767823,,
2003-11-20,4.769062,,
2003-11-21,4.770381,,
2003-11-22,4.771787,,
2003-11-23,4.773288,,
2003-11-24,4.7748904,,
2003-11-25,4.7766027,,
2003-11-26,4.7784324,,
2003-11-27,4.780388,,
2003-11-28,4.7824764,,
2003-11-29,4.784706,,
2003-11-30,4.7870855,,
2003-12-01,4.789622,0.1051792,
2003-12-02,4.7923226,,
2003-12-03,4.795195,,
2003-12-04,4.7982464,,
2003-12-05,4.801482,,
2003-12-06,4.80491,,
2003-12-07,4.8085346,,
2003-12-08,4.8123617,,
2003-12-09,4.8163967,,
2003-12-10,4.8206434,,
2003-12-11,4.8251066,,
2003-12-12,4.82979,,
2003-12-13,4.834697,,
2003-12-14,4.8398304,,
2003-12-15,4.845193,,0.016492713
2003-12-16,4.8507876,,
2003-12-17,4.8566155,,
2003-12-18,4.862679,,
2003-12-19,4.868979,,
2003-12-20,4.875516,,
2003-12-21,4.882291,,
2003-12-22,4.8893027,,
2003-12-23,4.8965526,,
2003-12-24,4.9040384,,
2003-12-25,4.91176,,
2003-12-26,4.9197154,,
2003-12-27,4.9279027,,
2003-12-28,4.9363194,,
2003-12-29,4.9449635,,
2003-12-30,4.9538307,,
2003-12-31,4.962918,,
2004-01-01,4.972221,0.14127356,
2004-01-02,4.981735,,
2004-01-03,4.991455,,
2004-01-04,5.0013757,,
2004-01-05,5.011491,,
2004-01-06,5.0217943,,
2004-01-07,5.032279,,
2004-01-08,5.042938,,
2004-01-09,5.053764,,
2004-01-10,5.064748,,
2004-01-11,5.075882,,
2004-01-12,5.0871572,,
2004-01-13,5.0985646,,
2004-01-14,5.110094,,
2004-01-15,5.1217356,,-0.35601425
2004-01-16,5.133479,,
2004-01-17,5.1453137,,
2004-01-18,5.157229,,
2004-01-19,5.169213,,
2004-01-20,5.181254,,
2004-01-21,5.1933413,,
2004-01-22,5.205462,,
2004-01-23,5.2176046,,
2004-01-24,5.229756,,
2004-01-25,5.241904,,
2004-01-26,5.2540345,,
2004-01-27,5.266135,,
2004-01-28,5.2781916,,
2004-01-29,5.29019,,
2004-01-30,5.3021164,,
2004-01-31,5.313956,,
2004-02-01,5.3256936,0.14329201,
2004-02-02,5.337315,,
2004-02-03,5.348804,,
2004-02-04,5.3601456,,
2004-02-05,5.3713236,,
2004-02-06,5.3823223,,
2004-02-07,5.393125,,
2004-02-08,5.4037156,,
2004-02-09,5.414077,,
2004-02-10,5.4241924,,
2004-02-11,5.434046,,
2004-02-12,5.4436197,,
2004-02-13,5.4528975,,
2004-02-14,5.461863,,
2004-02-15,5.4705,,-0.36832786
2004-02-16,5.478791,,
2004-02-17,5.4867215,,
2004-02-18,5.4942746,,
2004-02-19,5.5014353,,
2004-02-20,5.508188,,
2004-02-21,5.514518,,
2004-02-22,5.520411,,
2004-02-23,5.5258536,,
2004-02-24,5.530833,,
2004-02-25,5.535335,,
2004-02-26,5.5393496,,
2004-02-27,5.542864,,
2004-02-28,5.5458674,,
2004-02-29,5.5483503,,
2004-03-01,5.550302,0.13883735,
2004-03-02,5.5517135,,
2004-03-03,5.5525765,,
2004-03-04,5.552882,,
2004-03-05,5.5526233,,
2004-03-06,5.551792,,
2004-03-07,5.550382,,
2004-03-08,5.548387,,
2004-03-09,5.5458016,,
2004-03-10,5.542621,,
2004-03-11,5.53884,,
2004-03-12,5.5344553,,
2004-03-13,5.529463,,
2004-03-14,5.5238605,,
2004-03-15,5.5176454,,-0.4439498
2004-03-16,5.5108166,,
2004-03-17,5.5033727,,
2004-03-18,5.4953136,,
2004-03-19,5.48664,,
2004-03-20,5.477352,,
2004-03-21,5.467452,,
2004-03-22,5.4569426,,
2004-03-23,5.4458256,,
2004-03-24,5.4341054,,
2004-03-25,5.4217863,,
2004-03-26,5.4088726,,
2004-03-27,5.3953705,,
2004-03-28,5.381285,,
2004-03-29,5.3666244,,
2004-03-30,5.351395,,
2004-03-31,5.335606,,
2004-04-01,5.319267,0.08857714,
2004-04-02,5.302387,,
2004-04-03,5.284978,,
2004-04-04,5.267051,,
2004-04-05,5.2486196,,
2004-04-06,5.2296953,,
2004-04-07,5.210293,,
2004-04-08,5.190426,,
2004-04-09,5.1701097,,
2004-04-10,5.14936,,
2004-04-11,5.1281915,,
2004-04-12,5.1066213,,
2004-04-13,5.084665,,
2004-04-14,5.062339,,
2004-04-15,5.03966,,-0.29306346
2004-04-16,5.0166454,,
2004-04-17,4.9933114,,
2004-04-18,4.969676,,
2004-04-19,4.945756,,
2004-04-20,4.921569,,
2004-04-21,4.8971324,,
2004-04-22,4.8724647,,
2004-04-23,4.8475842,,
2004-04-24,4.82251,,
2004-04-25,4.797261,,
2004-04-26,4.7718577,,
2004-04-27,4.7463193,,
2004-04-28,4.7206664,,
2004-04-29,4.6949205,,
2004-04-30,4.6691017,,
2004-05-01,4.6432323,0.06580769,
2004-05-02,4.617333,,
2004-05-03,4.591426,,
2004-05-04,4.565532,,
2004-05-05,4.5396743,,
2004-05-06,4.513872,,
2004-05-07,4.488148,,
2004-05-08,4.462522,,
2004-05-09,4.437014,,
2004-05-10,4.411645,,
2004-05-11,4.386433,,
2004-05-12,4.3613977,,
2004-05-13,4.3365564,,
2004-05-14,4.311928,,
2004-05-15,4.287529,,-1.0032375
2004-05-16,4.2633767,,
2004-05-17,4.2394886,,
2004-05-18,4.21588,,
2004-05-19,4.1925683,,
2004-05-20,4.169568,,
2004-05-21,4.1468964,,
2004-05-22,4.124568,,
2004-05-23,4.102599,,
2004-05-24,4.0810056,,
2004-05-25,4.059803,,
2004-05-26,4.0390077,,
2004-05-27,4.0186353,,
2004-05-28,3.998702,,
2004-05-29,3.9792247,,
2004-05-30,3.9602191,,
2004-05-31,3.9417021,,
2004-06-01,3.9236898,0.051433634,
2004-06-02,3.906199,,
2004-06-03,3.8892453,,
2004-06-04,3.872845,,
2004-06-05,3.8570132,,
2004-06-06,3.8417656,,
2004-06-07,3.8271163,,
2004-06-08,3.8130796,,
2004-06-09,3.799669,,
2004-06-10,3.786898,,
2004-06-11,3.7747788,,
2004-06-12,3.763324,,
2004-06-13,3.7525454,,
2004-06-14,3.742454,,
2004-06-15,3.7330608,,-0.66583025
2004-06-16,3.7243764,,
2004-06-17,3.7164102,,
2004-06-18,3.7091713,,
2004-06-19,3.7026687,,
2004-06-20,3.69691,,
2004-06-21,3.6919026,,
2004-06-22,3.687653,,
2004-06-23,3.6841671,,
2004-06-24,3.6814501,,
2004-06-25,3.6795058,,
2004-06-26,3.678338,,
2004-06-27,3.677949,,
2004-06-28,3.6783407,,
2004-06-29,3.679514,,
2004-06-30,3.6814692,,
2004-07-01,3.684206,0.049974747,
2004-07-02,3.6877227,,
2004-07-03,3.6920178,,
2004-07-04,3.6970885,,
2004-07-05,3.7029316,,
2004-07-06,3.709544,,
2004-07-07,3.7169209,,
2004-07-08,3.7250583,,
2004-07-09,3.7339509,,
2004-07-10,3.7435937,,
2004-07-11,3.7539806,,
2004-07-12,3.765106,,
2004-07-13,3.776963,,
2004-07-14,3.7895446,,
2004-07-15,3.802843,,-0.10880911
2004-07-16,3.8168502,,
2004-07-17,3.831557,,
2004-07-18,3.8469534,,
2004-07-19,3.863029,,
2004-07-20,3.8797717,,
2004-07-21,3.8971689,,
2004-07-22,3.9152064,,
2004-07-23,3.9338691,,
2004-07-24,3.9531407,,
2004-07-25,3.9730031,,
2004-07-26,3.9934378,,
2004-07-27,4.0144243,,
2004-07-28,4.035941,,
2004-07-29,4.0579658,,
2004-07-30,4.0804744,,
2004-07-31,4.103442,,
2004-08-01,4.1268435,0.045165826,
2004-08-02,4.150651,,
2004-08-03,4.174836,,
2004-08-04,4.1993713,,
2004-08-05,4.2242265,,
2004-08-06,4.249371,,
2004-08-07,4.274774,,
2004-08-08,4.300404,,
2004-08-09,4.3262296,,
2004-08-10,4.3522177,,
2004-08-11,4.378337,,
2004-08-12,4.4045544,,
2004-08-13,4.4308367,,
2004-08-14,4.457151,,
2004-08-15,4.483464,,-0.3152358
2004-08-16,4.509742,,
2004-08-17,4.5359516,,
2004-08-18,4.562059,,
2004-08-19,4.5880313,,
2004-08-20,4.6138353,,
2004-08-21,4.6394377,,
2004-08-22,4.664806,,
2004-08-23,4.6899076,,
2004-08-24,4.71471,,
2004-08-25,4.739182,,
2004-08-26,4.7632914,,
2004-08-27,4.787007,,
2004-08-28,4.810296,,
2004-08-29,4.833127,,
2004-08-30,4.8554683,,
2004-08-31,4.8772864,,
2004-09-01,4.8985496,0.048888918,
2004-09-02,4.9192247,,
2004-09-03,4.9392796,,
2004-09-04,4.9586806,,
2004-09-05,4.9773955,,
2004-09-06,4.9953904,,
2004-09-07,5.012633,,
2004-09-08,5.0290895,,
2004-09-09,5.0447264,,
2004-09-10,5.059511,,
2004-09-11,5.0734105,,
2004-09-12,5.086392,,
2004-09-13,5.098423,,
2004-09-14,5.1094723,,
2004-09-15,5.1195083,,-0.33164498
2004-09-16,5.1285,,
2004-09-17,5.136418,,
2004-09-18,5.143233,,
2004-09-19,5.1489167,,
2004-09-20,5.1534433,,
2004-09-21,5.1567864,,
2004-09-22,5.158922,,
2004-09-23,5.159827,,
2004-09-24,5.159481,,
2004-09-25,5.1578627,,
2004-09-26,5.154955,,
2004-09-27,5.15074,,
2004-09-28,5.1452036,,
2004-09-29,5.1383324,,
2004-09-30,5.1301155,,
2004-10-01,5.120543,0.053299304,
2004-10-02,5.109608,,
2004-10-03,5.0973053,,
2004-10-04,5.083631,,
2004-10-05,5.068584,,
2004-10-06,5.0521646,,
2004-10-07,5.034375,,
2004-10-08,5.0152206,,
2004-10-09,4.9947076,,
2004-10-10,4.9728436,,
2004-10-11,4.949639,,
2004-10-12,4.925105,,
2004-10-13,4.8992553,,
2004-10-14,4.872104,,
2004-10-15,4.843668,,0.13823654
2004-10-16,4.813965,,
2004-10-17,4.783014,,
2004-10-18,4.7508364,,
2004-10-19,4.7174544,,
2004-10-20,4.6828923,,
2004-10-21,4.6471753,,
2004-10-22,4.6103306,,
2004-10-23,4.5723877,,
2004-10-24,4.5333757,,
2004-10-25,4.4933276,,
2004-10-26,4.4522767,,
2004-10-27,4.410259,,
2004-10-28,4.36731,,
2004-10-29,4.323469,,
2004-10-30,4.2787766,,
2004-10-31,4.2332745,,
2004-11-01,4.187005,0.08187654,
2004-11-02,4.140013,,
2004-11-03,4.0923457,,
2004-11-04,4.044049,,
2004-11-05,3.9951718,,
2004-11-06,3.945763,,
2004-11-07,3.8958738,,
2004-11-08,3.8455544,,
2004-11-09,3.794857,,
2004-11-10,3.7438338,,
2004-11-11,3.6925373,,
2004-11-12,3.641021,,
2004-11-13,3.589338,,
2004-11-14,3.537542,,
2004-11-15,3.4856865,,0.30821392
2004-11-16,3.4338248,,
2004-11-17,3.3820107,,
2004-11-18,3.330297,,
2004-11-19,3.2787373,,
2004-11-20,3.2273843,,
2004-11-21,3.1762908,,
2004-11-22,3.1255085,,
2004-11-23,3.0750902,,
2004-11-24,3.0250874,,
2004-11-25,2.975551,,
2004-11-26,2.9265323,,
2004-11-27,2.8780816,,
2004-11-28,2.830249,,
2004-11-29,2.7830842,,
2004-11-30,2.7366357,,
2004-12-01,2.690952,0.10519013,
2004-12-02,2.646081,,
2004-12-03,2.6020691,,
2004-12-04,2.5589628,,
2004-12-05,2.5168073,,
2004-12-06,2.4756465,,
2004-12-07,2.435524,,
2004-12-08,2.3964815,,
2004-12-09,2.35856,,
2004-12-10,2.3217995,,
2004-12-11,2.2862377,,
2004-12-12,2.2519119,,
2004-12-13,2.2188573,,
2004-12-14,2.1871083,,
2004-12-15,2.1566973,,0.06305418
2004-12-16,2.1276553,,
2004-12-17,2.1000123,,
2004-12-18,2.0737963,,
2004-12-19,2.0490339,,
2004-12-20,2.0257502,,
2004-12-21,2.003969,,
2004-12-22,1.983712,,
2004-12-23,1.9649999,,
2004-12-24,1.9478517,,
2004-12-25,1.9322846,,
2004-12-26,1.9183143,,
2004-12-27,1.9059552,,
2004-12-28,1.8952196,,
2004-12-29,1.8861184,,
2004-12-30,1.878661,,
2004-12-31,1.8728553,,
2005-01-01,1.8687071,0.11929302,
2005-01-02,1.8662206,,
2005-01-03,1.8653985,,
2005-01-04,1.8662413,,
2005-01-05,1.8687481,,
2005-01-06,1.8729159,,
2005-01-07,1.8787402,,
2005-01-08,1.8862146,,
2005-01-09,1.8953313,,
2005-01-10,1.9060805,,
2005-01-11,1.918451,,
2005-01-12,1.9324298,,
2005-01-13,1.9480027,,
2005-01-14,1.9651537,,
2005-01-15,1.9838655,,-0.109793685
2005-01-16,2.0041194,,
2005-01-17,2.025895,,
2005-01-18,2.049171,,
2005-01-19,2.0739238,,
2005-01-20,2.100129,,
2005-01-21,2.1277604,,
2005-01-22,2.156791,,
2005-01-23,2.1871917,,
2005-01-24,2.2189329,,
2005-01-25,2.2519832,,
2005-01-26,2.2863095,,
2005-01-27,2.321878,,
2005-01-28,2.3586535,,
2005-01-29,2.3965995,,
2005-01-30,2.4356785,,
2005-01-31,2.4758515,,
2005-02-01,2.5170794,0.12298301,
2005-02-02,2.559321,,
2005-02-03,2.6025352,,
2005-02-04,2.6466799,,
2005-02-05,2.6917121,,
2005-02-06,2.7375886,,
2005-02-07,2.7842655,,
2005-02-08,2.8316987,,
2005-02-09,2.8798432,,
2005-02-10,2.9286544,,
2005-02-11,2.978087,,
2005-02-12,3.028095,,
2005-02-13,3.078633,,
2005-02-14,3.129655,,
2005-02-15,3.1811142,,-0.53630227
2005-02-16,3.2329652,,
2005-02-17,3.285161,,
2005-02-18,3.337655,,
2005-02-19,3.390401,,
2005-02-20,3.4433513,,
2005-02-21,3.4964592,,
2005-02-22,3.5496778,,
2005-02-23,3.60296,,
2005-02-24,3.6562593,,
2005-02-25,3.7095282,,
2005-02-26,3.7627208,,
2005-02-27,3.815791,,
2005-02-28,3.8686924,,
2005-03-01,3.9213798,0.122342885,
2005-03-02,3.973809,,
2005-03-03,4.025935,,
2005-03-04,4.077715,,
2005-03-05,4.129106,,
2005-03-06,4.1800656,,
2005-03-07,4.230553,,
2005-03-08,4.280528,,
2005-03-09,4.329951,,
2005-03-10,4.3787837,,
2005-03-11,4.426989,,
2005-03-12,4.474531,,
2005-03-13,4.521375,,
2005-03-14,4.5674872,,
2005-03-15,4.6128345,,-0.5012568
2005-03-16,4.657387,,
2005-03-17,4.7011137,,
2005-03-18,4.743987,,
2005-03-19,4.7859797,,
2005-03-20,4.827067,,
2005-03-21,4.8672233,,
2005-03-22,4.9064274,,
2005-03-23,4.9446588,,
2005-03-24,4.9818974,,
2005-03-25,5.0181265,,
2005-03-26,5.053331,,
2005-03-27,5.0874963,,
2005-03-28,5.1206107,,
2005-03-29,5.152664,,
2005-03-30,5.1836476,,
2005-03-31,5.2135544,,
2005-04-01,5.2423778,0.09160226,
2005-04-02,5.2701135,,
2005-04-03,5.2967596,,
2005-04-04,5.322314,,
2005-04-05,5.346776,,
2005-04-06,5.370148,,
2005-04-07,5.392432,,
2005-04-08,5.4136324,,
2005-04-09,5.4337535,,
2005-04-10,5.452801,,
2005-04-11,5.470784,,
2005-04-12,5.48771,,
2005-04-13,5.503589,,
2005-04-14,5.518432,,
2005-04-15,5.5322514,,-0.60799325
2005-04-16,5.545059,,
2005-04-17,5.5568705,,
2005-04-18,5.5677004,,
2005-04-19,5.5775647,,
2005-04-20,5.58648,,
2005-04-21,5.5944653,,
2005-04-22,5.601538,,
2005-04-23,5.607719,,
2005-04-24,5.6130266,,
2005-04-25,5.6174827,,
2005-04-26,5.621108,,
2005-04-27,5.623925,,
2005-04-28,5.625956,,
2005-04-29,5.627224,,
2005-04-30,5.6277523,,
2005-05-01,5.627565,0.059979435,
2005-05-02,5.6266856,,
2005-05-03,5.625139,,
2005-05-04,5.622949,,
2005-05-05,5.6201415,,
2005-05-06,5.6167397,,
2005-05-07,5.61277,,
2005-05-08,5.608257,,
2005-05-09,5.603225,,
2005-05-10,5.5977,,
2005-05-11,5.591707,,
2005-05-12,5.585272,,
2005-05-13,5.578418,,
2005-05-14,5.5711703,,
2005-05-15,5.5635543,,-0.088334076
2005-05-16,5.5555925,,
2005-05-17,5.54731,,
2005-05-18,5.538728,,
2005-05-19,5.5298715,,
2005-05-20,5.520761,,
2005-05-21,5.511419,,
2005-05-22,5.501865,,
2005-05-23,5.4921203,,
2005-05-24,5.482204,,
2005-05-25,5.472134,,
2005-05-26,5.4619284,,
2005-05-27,5.451603,,
2005-05-28,5.441174,,
2005-05-29,5.4306555,,
2005-05-30,5.4200616,,
2005-05-31,5.4094043,,
2005-06-01,5.3986955,0.05272238,
2005-06-02,5.387945,,
2005-06-03,5.377163,,
2005-06-04,5.366358,,
2005-06-05,5.355537,,
2005-06-06,5.344707,,
2005-06-07,5.3338737,,
2005-06-08,5.323042,,
2005-06-09,5.312216,,
2005-06-10,5.3013983,,
2005-06-11,5.2905912,,
2005-06-12,5.2797966,,
2005-06-13,5.269015,,
2005-06-14,5.258247,,
2005-06-15,5.247492,,0.05118744
2005-06-16,5.236749,,
2005-06-17,5.226017,,
2005-06-18,5.2152944,,
2005-06-19,5.2045784,,
2005-06-20,5.1938667,,
2005-06-21,5.183157,,
2005-06-22,5.1724463,,
2005-06-23,5.1617312,,
2005-06-24,5.151009,,
2005-06-25,5.140277,,
2005-06-26,5.129531,,
2005-06-27,5.1187677,,
2005-06-28,5.107984,,
2005-06-29,5.097176,,
2005-06-30,5.086339,,
2005-07-01,5.0754685,0.047774956,
2005-07-02,5.06456,,
2005-07-03,5.053608,,
2005-07-04,5.0426064,,
2005-07-05,5.031549,,
2005-07-06,5.0204296,,
2005-07-07,5.0092397,,
2005-07-08,4.9979715,,
2005-07-09,4.986617,,
2005-07-10,4.975167,,
2005-07-11,4.9636106,,
2005-07-12,4.951939,,
2005-07-13,4.9401417,,
2005-07-14,4.928208,,
2005-07-15,4.916127,,-0.004103559
2005-07-16,4.9038887,,
2005-07-17,4.891483,,
2005-07-18,4.8788986,,
2005-07-19,4.8661275,,
2005-07-20,4.85316,,
2005-07-21,4.8399873,,
2005-07-22,4.826602,,
2005-07-23,4.8129973,,
2005-07-24,4.7991676,,
2005-07-25,4.7851067,,
2005-07-26,4.7708116,,
2005-07-27,4.756278,,
2005-07-28,4.741504,,
2005-07-29,4.726488,,
2005-07-30,4.7112284,,
2005-07-31,4.6957254,,
2005-08-01,4.679979,0.04646097,
2005-08-02,4.6639886,,
2005-08-03,4.647755,,
2005-08-04,4.6312795,,
2005-08-05,4.614561,,
2005-08-06,4.597601,,
2005-08-07,4.5803976,,
2005-08-08,4.5629516,,
2005-08-09,4.54526,,
2005-08-10,4.527322,,
2005-08-11,4.5091343,,
2005-08-12,4.4906936,,
2005-08-13,4.471997,,
2005-08-14,4.45304,,
2005-08-15,4.4338183,,-0.6398165
2005-08-16,4.414328,,
2005-08-17,4.3945637,,
2005-08-18,4.374521,,
2005-08-19,4.354195,,
2005-08-20,4.333582,,
2005-08-21,4.3126783,,
2005-08-22,4.29148,,
2005-08-23,4.269985,,
2005-08-24,4.248192,,
2005-08-25,4.2260976,,
2005-08-26,4.2037024,,
2005-08-27,4.181006,,
2005-08-28,4.158009,,
2005-08-29,4.134713,,
2005-08-30,4.1111197,,
2005-08-31,4.087232,,
2005-09-01,4.0630527,0.050489053,
2005-09-02,4.038585,,
2005-09-03,4.0138335,,
2005-09-04,3.9888017,,
2005-09-05,3.9634943,,
2005-09-06,3.9379165,,
2005-09-07,3.9120731,,
2005-09-08,3.8859694,,
2005-09-09,3.8596106,,
2005-09-10,3.8330023,,
2005-09-11,3.8061497,,
2005-09-12,3.7790582,,
2005-09-13,3.7517333,,
2005-09-14,3.7241802,,
2005-09-15,3.6964042,,-0.39895752
2005-09-16,3.6684103,,
2005-09-17,3.6402037,,
2005-09-18,3.6117897,,
2005-09-19,3.5831728,,
2005-09-20,3.554358,,
2005-09-21,3.5253508,,
2005-09-22,3.4961562,,
2005-09-23,3.4667797,,
2005-09-24,3.4372268,,
2005-09-25,3.4075036,,
2005-09-26,3.3776164,,
2005-09-27,3.3475723,,
2005-09-28,3.317379,,
2005-09-29,3.2870443,,
2005-09-30,3.256577,,
2005-10-01,3.2259862,0.054166175,
2005-10-02,3.195282,,
2005-10-03,3.164475,,
2005-10-04,3.1335757,,
2005-10-05,3.1025963,,
2005-10-06,3.0715485,,
2005-10-07,3.0404449,,
2005-10-08,3.0092988,,
2005-10-09,2.9781237,,
2005-10-10,2.9469335,,
2005-10-11,2.915743,,
2005-10-12,2.8845673,,
2005-10-13,2.8534214,,
2005-10-14,2.8223221,,
2005-10-15,2.7912855,,-0.30012894
2005-10-16,2.7603292,,
2005-10-17,2.729471,,
2005-10-18,2.6987295,,
2005-10-19,2.668124,,
2005-10-20,2.6376746,,
2005-10-21,2.6074023,,
2005-10-22,2.577329,,
2005-10-23,2.547477,,
2005-10-24,2.51787,,
2005-10-25,2.4885318,,
2005-10-26,2.4594874,,
2005-10-27,2.430762,,
2005-10-28,2.4023824,,
2005-10-29,2.3743746,,
2005-10-30,2.3467665,,
2005-10-31,2.3195858,,
2005-11-01,2.2928612,0.06503911,
2005-11-02,2.2666216,,
2005-11-03,2.2408967,,
2005-11-04,2.2157161,,
2005-11-05,2.1911108,,
2005-11-06,2.1671112,,
2005-11-07,2.143749,,
2005-11-08,2.1210556,,
2005-11-09,2.0990627,,
2005-11-10,2.0778022,,
2005-11-11,2.0573065,,
2005-11-12,2.0376077,,
2005-11-13,2.0187378,,
2005-11-14,2.000729,,
2005-11-15,1.9836135,,-0.12554944
2005-11-16,1.9674227,,
2005-11-17,1.9521883,,
2005-11-18,1.9379412,,
2005-11-19,1.9247118,,
2005-11-20,1.9125304,,
2005-11-21,1.9014264,,
2005-11-22,1.8914285,,
2005-11-23,1.8825648,,
2005-11-24,1.8748629,,
2005-11-25,1.8683496,,
2005-11-26,1.8630507,,
2005-11-27,1.8589915,,
2005-11-28,1.8561963,,
2005-11-29,1.8546885,,
2005-11-30,1.854491,,
2005-12-01,1.8556254,0.10602897,
2005-12-02,1.8581128,,
2005-12-03,1.8619733,,
2005-12-04,1.8672259,,
2005-12-05,1.8738889,,
2005-12-06,1.8819793,,
2005-12-07,1.8915136,,
2005-12-08,1.902507,,
2005-12-09,1.9149741,,
2005-12-10,1.9289284,,
2005-12-11,1.9443825,,
2005-12-12,1.961348,,
2005-12-13,1.9798353,,
2005-12-14,1.9998536,,
2005-12-15,2.0214112,,-0.4712096
2005-12-16,2.044515,,
2005-12-17,2.0691705,,
2005-12-18,2.0953825,,
2005-12-19,2.1231537,,
2005-12-20,2.152486,,
2005-12-21,2.1833797,,
2005-12-22,2.2158325,,
2005-12-23,2.2498412,,
2005-12-24,2.2854006,,
2005-12-25,2.3225036,,
2005-12-26,2.3611412,,
2005-12-27,2.4013028,,
2005-12-28,2.442975,,
2005-12-29,2.4861436,,
2005-12-30,2.5307908,,
2005-12-31,2.5768983,,
2006-01-01,2.6244447,0.10574273,
2006-01-02,2.6734076,,
2006-01-03,2.723762,,
2006-01-04,2.7754815,,
2006-01-05,2.8285377,,
2006-01-06,2.882901,,
2006-01-07,2.938539,,
2006-01-08,2.995419,,
2006-01-09,3.053506,,
2006-01-10,3.1127634,,
2006-01-11,3.173154,,
2006-01-12,3.234639,,
2006-01-13,3.2971776,,
2006-01-14,3.3607287,,
2006-01-15,3.4252498,,-0.47778746
2006-01-16,3.4906971,,
2006-01-17,3.5570261,,
2006-01-18,3.6241915,,
2006-01-19,3.6921468,,
2006-01-20,3.7608447,,
2006-01-21,3.8302379,,
2006-01-22,3.9002776,,
2006-01-23,3.9709146,,
2006-01-24,4.0420995,,
2006-01-25,4.113782,,
2006-01-26,4.185911,,
2006-01-27,4.2584352,,
2006-01-28,4.3313026,,
2006-01-29,4.404461,,
2006-01-30,4.4778557,,
2006-01-31,4.5514345,,
2006-02-01,4.6251416,0.13233282,
2006-02-02,4.6989226,,
2006-02-03,4.772722,,
2006-02-04,4.846483,,
2006-02-05,4.9201493,,
2006-02-06,4.9936643,,
2006-02-07,5.066969,,
2006-02-08,5.1400065,,
2006-02-09,5.212718,,
2006-02-10,5.2850456,,
2006-02-11,5.3569307,,
2006-02-12,5.4283147,,
2006-02-13,5.4991393,,
2006-02-14,5.569347,,
2006-02-15,5.63888,,-0.49362925
2006-02-16,5.7076807,,
2006-02-17,5.7756934,,
2006-02-18,5.842862,,
2006-02-19,5.9091325,,
2006-02-20,5.97445,,
2006-02-21,6.0387626,,
2006-02-22,6.1020184,,
2006-02-23,6.164167,,
2006-02-24,6.225159,,
2006-02-25,6.2849464,,
2006-02-26,6.3434825,,
2006-02-27,6.4007215,,
2006-02-28,6.45662,,
2006-03-01,6.511136,0.12925802,
2006-03-02,6.564227,,
2006-03-03,6.6158543,,
2006-03-04,6.66598,,
2006-03-05,6.714567,,
2006-03-06,6.7615824,,
2006-03-07,6.806992,,
2006-03-08,6.8507648,,
2006-03-09,6.892872,,
2006-03-10,6.933285,,
2006-03-11,6.9719796,,
2006-03-12,7.00893,,
2006-03-13,7.0441155,,
2006-03-14,7.077515,,
2006-03-15,7.109111,,-0.52076006
2006-03-16,7.138886,,
2006-03-17,7.166826,,
2006-03-18,7.192918,,
2006-03-19,7.2171516,,
2006-03-20,7.2395177,,
2006-03-21,7.26001,,
2006-03-22,7.2786226,,
2006-03-23,7.2953534,,
2006-03-24,7.310201,,
2006-03-25,7.323167,,
2006-03-26,7.3342524,,
2006-03-27,7.3434634,,
2006-03-28,7.3508058,,
2006-03-29,7.356288,,
2006-03-30,7.35992,,
2006-03-31,7.3617144,,
2006-04-01,7.3616858,0.090321645,
2006-04-02,7.3598495,,
2006-04-03,7.3562245,,
2006-04-04,7.35083,,
2006-04-05,7.3436894,,
2006-04-06,7.3348255,,
2006-04-07,7.3242645,,
2006-04-08,7.312035,,
2006-04-09,7.298167,,
2006-04-10,7.2826924,,
2006-04-11,7.265645,,
2006-04-12,7.2470603,,
2006-04-13,7.2269764,,
2006-04-14,7.2054324,,
2006-04-15,7.18247,,-0.051868822
2006-04-16,7.158132,,
2006-04-17,7.1324625,,
2006-04-18,7.105508,,
2006-04-19,7.0773153,,
2006-04-20,7.047933,,
2006-04-21,7.0174103,,
2006-04-22,6.985797,,
2006-04-23,6.9531446,,
2006-04-24,6.9195046,,
2006-04-25,6.884929,,
2006-04-26,6.849471,,
2006-04-27,6.8131833,,
2006-04-28,6.7761188,,
2006-04-29,6.738331,,
2006-04-30,6.6998734,,
2006-05-01,6.6608005,0.061956853,
2006-05-02,6.621165,,
2006-05-03,6.5810204,,
2006-05-04,6.5404215,,
2006-05-05,6.4994216,,
2006-05-06,6.4580746,,
2006-05-07,6.4164333,,
2006-05-08,6.374553,,
2006-05-09,6.3324866,,
2006-05-10,6.2902875,,
2006-05-11,6.24801,,
2006-05-12,6.205708,,
2006-05-13,6.1634345,,
2006-05-14,6.1212416,,
2006-05-15,6.0791817,,0.22432023
2006-05-16,6.037307,,
2006-05-17,5.9956665,,
2006-05-18,5.954312,,
2006-05-19,5.913291,,
2006-05-20,5.8726525,,
2006-05-21,5.832443,,
2006-05-22,5.7927084,,
2006-05-23,5.753493,,
2006-05-24,5.7148404,,
2006-05-25,5.6767936,,
2006-05-26,5.639394,,
2006-05-27,5.602681,,
2006-05-28,5.5666947,,
2006-05-29,5.531473,,
2006-05-30,5.4970536,,
2006-05-31,5.463472,,
2006-06-01,5.4307632,0.05275185,
2006-06-02,5.3989615,,
2006-06-03,5.368099,,
2006-06-04,5.3382077,,
2006-06-05,5.3093176,,
2006-06-06,5.281458,,
2006-06-07,5.254656,,
2006-06-08,5.228937,,
2006-06-09,5.204327,,
2006-06-10,5.180849,,
2006-06-11,5.158524,,
2006-06-12,5.1373725,,
2006-06-13,5.117413,,
2006-06-14,5.098663,,
2006-06-15,5.0811367,,-0.42579362
2006-06-16,5.0648484,,
2006-06-17,5.04981,,
2006-06-18,5.0360312,,
2006-06-19,5.0235214,,
2006-06-20,5.0122867,,
2006-06-21,5.002332,,
2006-06-22,4.993662,,
2006-06-23,4.986277,,
2006-06-24,4.9801784,,
2006-06-25,4.9753637,,
2006-06-26,4.9718304,,
2006-06-27,4.969574,,
2006-06-28,4.968587,,
2006-06-29,4.968862,,
2006-06-30,4.970389,,
2006-07-01,4.9731565,0.0487044,
2006-07-02,4.9771514,,
2006-07-03,4.9823585,,
2006-07-04,4.9887614,,
2006-07-05,4.9963417,,
2006-07-06,5.0050797,,
2006-07-07,5.014954,,
2006-07-08,5.025941,,
2006-07-09,5.0380163,,
2006-07-10,5.0511527,,
2006-07-11,5.065323,,
2006-07-12,5.0804963,,
2006-07-13,5.0966415,,
2006-07-14,5.1137257,,
2006-07-15,5.131714,,0.40903094
2006-07-16,5.1505694,,
2006-07-17,5.1702557,,
2006-07-18,5.1907325,,
2006-07-19,5.2119603,,
2006-07-20,5.233897,,
2006-07-21,5.2565007,,
2006-07-22,5.2797265,,
2006-07-23,5.3035307,,
2006-07-24,5.3278675,,
2006-07-25,5.3526907,,
2006-07-26,5.3779535,,
2006-07-27,5.403608,,
2006-07-28,5.4296064,,
2006-07-29,5.4559007,,
2006-07-30,5.4824424,,
2006-07-31,5.509183,,
2006-08-01,5.536073,0.043712635,
2006-08-02,5.563065,,
2006-08-03,5.59011,,
2006-08-04,5.617159,,
2006-08-05,5.644165,,
2006-08-06,5.67108,,
2006-08-07,5.6978564,,
2006-08-08,5.7244477,,
2006-08-09,5.750807,,
2006-08-10,5.776888,,
2006-08-11,5.802645,,
2006-08-12,5.828034,,
2006-08-13,5.853009,,
2006-08-14,5.877527,,
2006-08-15,5.9015436,,-0.34119165
2006-08-16,5.925015,,
2006-08-17,5.9478993,,
2006-08-18,5.9701543,,
2006-08-19,5.9917383,,
2006-08-20,6.0126104,,
2006-08-21,6.0327306,,
2006-08-22,6.052059,,
2006-08-23,6.0705576,,
2006-08-24,6.088188,,
2006-08-25,6.104913,,
2006-08-26,6.120698,,
2006-08-27,6.1355076,,
2006-08-28,6.1493077,,
2006-08-29,6.162067,,
2006-08-30,6.1737537,,
2006-08-31,6.1843376,,
2006-09-01,6.1937914,0.044916358,
2006-09-02,6.2020864,,
2006-09-03,6.2091985,,
2006-09-04,6.2151027,,
2006-09-05,6.219776,,
2006-09-06,6.223198,,
2006-09-07,6.2253485,,
2006-09-08,6.2262096,,
2006-09-09,6.2257643,,
2006-09-10,6.2239985,,
2006-09-11,6.2208996,,
2006-09-12,6.216456,,
2006-09-13,6.2106586,,
2006-09-14,6.2034993,,
2006-09-15,6.194973,,-0.3888853
2006-09-16,6.1850743,,
2006-09-17,6.1738024,,
2006-09-18,6.1611547,,
2006-09-19,6.1471334,,
2006-09-20,6.1317406,,
2006-09-21,6.11498,,
2006-09-22,6.096858,,
2006-09-23,6.077381,,
2006-09-24,6.056557,,
2006-09-25,6.034397,,
2006-09-26,6.0109115,,
2006-09-27,5.9861126,,
2006-09-28,5.960015,,
2006-09-29,5.9326334,,
2006-09-30,5.903984,,
2006-10-01,5.874085,0.053087994,
2006-10-02,5.842954,,
2006-10-03,5.8106127,,
2006-10-04,5.7770815,,
2006-10-05,5.7423835,,
2006-10-06,5.7065425,,
2006-10-07,5.669584,,
2006-10-08,5.6315346,,
2006-10-09,5.5924225,,
2006-10-10,5.552278,,
2006-10-11,5.511132,,
2006-10-12,5.469016,,
2006-10-13,5.4259653,,
2006-10-14,5.3820148,,
2006-10-15,5.3372,,0.068675704
2006-10-16,5.29156,,
2006-10-17,5.2451334,,
2006-10-18,5.1979604,,
2006-10-19,5.150082,,
2006-10-20,5.101541,,
2006-10-21,5.0523806,,
2006-10-22,5.002645,,
2006-10-23,4.9523797,,
2006-10-24,4.9016304,,
2006-10-25,4.8504434,,
2006-10-26,4.7988677,,
2006-10-27,4.7469506,,
2006-10-28,4.6947417,,
2006-10-29,4.64229,,
2006-10-30,4.5896463,,
2006-10-31,4.53686,,
2006-11-01,4.4839826,0.06792609,
2006-11-02,4.431065,,
2006-11-03,4.3781586,,
2006-11-04,4.3253145,,
2006-11-05,4.272584,,
2006-11-06,4.22002,,
2006-11-07,4.167672,,
2006-11-08,4.1155925,,
2006-11-09,4.0638328,,
2006-11-10,4.012443,,
2006-11-11,3.9614747,,
2006-11-12,3.9109771,,
2006-11-13,3.8610005,,
2006-11-14,3.811594,,
2006-11-15,3.7628062,,-0.06596494
2006-11-16,3.7146847,,
2006-11-17,3.6672769,,
2006-11-18,3.620629,,
2006-11-19,3.574787,,
2006-11-20,3.5297954,,
2006-11-21,3.4856982,,
2006-11-22,3.442538,,
2006-11-23,3.400357,,
2006-11-24,3.359195,,
2006-11-25,3.3190918,,
2006-11-26,3.2800856,,
2006-11-27,3.242213,,
2006-11-28,3.20551,,
2006-11-29,3.1700106,,
2006-11-30,3.1357484,,
2006-12-01,3.1027548,0.08416958,
2006-12-02,3.071061,,
2006-12-03,3.0406954,,
2006-12-04,3.0116858,,
2006-12-05,2.9840589,,
2006-12-06,2.9578388,,
2006-12-07,2.9330487,,
2006-12-08,2.9097102,,
2006-12-09,2.887843,,
2006-12-10,2.8674643,,
2006-12-11,2.8485906,,
2006-12-12,2.8312356,,
2006-12-13,2.8154116,,
2006-12-14,2.8011286,,
2006-12-15,2.788395,,0.36584163
2006-12-16,2.7772164,,
2006-12-17,2.7675972,,
2006-12-18,2.7595391,,
2006-12-19,2.7530425,,
2006-12-20,2.748105,,
2006-12-21,2.744723,,
2006-12-22,2.742891,,
2006-12-23,2.7426014,,
2006-12-24,2.743845,,
2006-12-25,2.7466114,,
2006-12-26,2.750888,,
2006-12-27,2.7566617,,
2006-12-28,2.7639165,,
2006-12-29,2.7726357,,
2006-12-30,2.7828016,,
2006-12-31,2.7943945,,
2007-01-01,2.8073933,0.1100332,
2007-01-02,2.821776,,
2007-01-03,2.8375185,,
2007-01-04,2.8545957,,
2007-01-05,2.8729808,,
2007-01-06,2.892646,,
2007-01-07,2.913562,,
2007-01-08,2.9356973,,
2007-01-09,2.9590201,,
2007-01-10,2.9834964,,
2007-01-11,3.0090911,,
2007-01-12,3.035768,,
2007-01-13,3.0634894,,
2007-01-14,3.0922167,,
2007-01-15,3.1219096,,0.32501215
2007-01-16,3.1525273,,
2007-01-17,3.1840274,,
2007-01-18,3.216367,,
2007-01-19,3.2495017,,
2007-01-20,3.283387,,
2007-01-21,3.3179772,,
2007-01-22,3.3532257,,
2007-01-23,3.389086,,
2007-01-24,3.4255106,,
2007-01-25,3.4624524,,
2007-01-26,3.4998634,,
2007-01-27,3.537696,,
2007-01-28,3.5759017,,
2007-01-29,3.6144335,,
2007-01-30,3.6532443,,
2007-01-31,3.6922863,,
2007-02-01,3.731514,0.120105304,
2007-02-02,3.770881,,
2007-02-03,3.8103428,,
2007-02-04,3.8498547,,
2007-02-05,3.8893738,,
2007-02-06,3.9288576,,
2007-02-07,3.9682643,,
2007-02-08,4.0075536,,
2007-02-09,4.0466857,,
2007-02-10,4.0856223,,
2007-02-11,4.1243253,,
2007-02-12,4.162758,,
2007-02-13,4.2008853,,
2007-02-14,4.2386713,,
2007-02-15,4.2760835,,0.33989573
2007-02-16,4.313088,,
2007-02-17,4.3496537,,
2007-02-18,4.38575,,
2007-02-19,4.421346,,
2007-02-20,4.456414,,
2007-02-21,4.4909263,,
2007-02-22,4.5248556,,
2007-02-23,4.558177,,
2007-02-24,4.5908666,,
2007-02-25,4.622902,,
2007-02-26,4.6542606,,
2007-02-27,4.6849227,,
2007-02-28,4.71487,,
2007-03-01,4.744084,0.10465824,
2007-03-02,4.7725496,,
2007-03-03,4.800252,,
2007-03-04,4.8271775,,
2007-03-05,4.853314,,
2007-03-06,4.878651,,
2007-03-07,4.90318,,
2007-03-08,4.9268928,,
2007-03-09,4.9497833,,
2007-03-10,4.9718466,,
2007-03-11,4.9930797,,
2007-03-12,5.0134807,,
2007-03-13,5.033049,,
2007-03-14,5.0517864,,
2007-03-15,5.0696955,,0.33501217
2007-03-16,5.0867805,,
2007-03-17,5.1030474,,
2007-03-18,5.1185026,,
2007-03-19,5.133156,,
2007-03-20,5.1470165,,
2007-03-21,5.1600957,,
2007-03-22,5.1724067,,
2007-03-23,5.1839633,,
2007-03-24,5.19478,,
2007-03-25,5.204873,,
2007-03-26,5.21426,,
2007-03-27,5.2229586,,
2007-03-28,5.2309875,,
2007-03-29,5.2383666,,
2007-03-30,5.2451153,,
2007-03-31,5.251255,,
2007-04-01,5.2568064,0.079845205,
2007-04-02,5.2617908,,
2007-04-03,5.26623,,
2007-04-04,5.2701464,,
2007-04-05,5.273561,,
2007-04-06,5.276496,,
2007-04-07,5.278973,,
2007-04-08,5.2810144,,
2007-04-09,5.282642,,
2007-04-10,5.283876,,
2007-04-11,5.2847385,,
2007-04-12,5.2852507,,
2007-04-13,5.285434,,
2007-04-14,5.285308,,
2007-04-15,5.284895,,0.41863024
2007-04-16,5.2842145,,
2007-04-17,5.283288,,
2007-04-18,5.282136,,
2007-04-19,5.2807794,,
2007-04-20,5.279238,,
2007-04-21,5.2775345,,
2007-04-22,5.2756877,,
2007-04-23,5.27372,,
2007-04-24,5.271651,,
2007-04-25,5.269502,,
2007-04-26,5.2672935,,
2007-04-27,5.2650456,,
2007-04-28,5.262779,,
2007-04-29,5.2605133,,
2007-04-30,5.258268,,
2007-05-01,5.256062,0.062349737,
2007-05-02,5.253914,,
2007-05-03,5.2518425,,
2007-05-04,5.249864,,
2007-05-05,5.2479954,,
2007-05-06,5.2462516,,
2007-05-07,5.2446475,,
2007-05-08,5.2431955,,
2007-05-09,5.241908,,
2007-05-10,5.240795,,
2007-05-11,5.239866,,
2007-05-12,5.239127,,
2007-05-13,5.238586,,
2007-05-14,5.238247,,
2007-05-15,5.238114,,0.5768059
2007-05-16,5.2381883,,
2007-05-17,5.2384725,,
2007-05-18,5.2389655,,
2007-05-19,5.239666,,
2007-05-20,5.240571,,
2007-05-21,5.2416773,,
2007-05-22,5.2429795,,
2007-05-23,5.2444725,,
2007-05-24,5.246149,,
2007-05-25,5.2480025,,
2007-05-26,5.2500234,,
2007-05-27,5.2522035,,
2007-05-28,5.254533,,
2007-05-29,5.2570004,,
2007-05-30,5.259596,,
2007-05-31,5.2623067,,
2007-06-01,5.2651205,0.05593414,
2007-06-02,5.2680235,,
2007-06-03,5.271003,,
2007-06-04,5.274043,,
2007-06-05,5.27713,,
2007-06-06,5.2802477,,
2007-06-07,5.28338,,
2007-06-08,5.28651,,
2007-06-09,5.289621,,
2007-06-10,5.2926936,,
2007-06-11,5.295709,,
2007-06-12,5.2986484,,
2007-06-13,5.3014903,,
2007-06-14,5.3042145,,
2007-06-15,5.3067985,,0.360753
2007-06-16,5.3092203,,
2007-06-17,5.3114576,,
2007-06-18,5.3134875,,
2007-06-19,5.315287,,
2007-06-20,5.3168335,,
2007-06-21,5.318104,,
2007-06-22,5.3190756,,
2007-06-23,5.319727,,
2007-06-24,5.320036,,
2007-06-25,5.3199816,,
2007-06-26,5.3195434,,
2007-06-27,5.318702,,
2007-06-28,5.31744,,
2007-06-29,5.315739,,
2007-06-30,5.313583,,
2007-07-01,5.3109565,0.046265293,
2007-07-02,5.3078446,,
2007-07-03,5.304234,,
2007-07-04,5.3001122,,
2007-07-05,5.295466,,
2007-07-06,5.290285,,
2007-07-07,5.284558,,
2007-07-08,5.2782745,,
2007-07-09,5.2714252,,
2007-07-10,5.264001,,
2007-07-11,5.255993,,
2007-07-12,5.2473927,,
2007-07-13,5.2381935,,
2007-07-14,5.228388,,
2007-07-15,5.217969,,0.1066203
2007-07-16,5.2069306,,
2007-07-17,5.195268,,
2007-07-18,5.1829753,,
2007-07-19,5.1700487,,
2007-07-20,5.1564846,,
2007-07-21,5.14228,,
2007-07-22,5.127433,,
2007-07-23,5.111942,,
2007-07-24,5.095807,,
2007-07-25,5.079028,,
2007-07-26,5.0616074,,
2007-07-27,5.043546,,
2007-07-28,5.0248475,,
2007-07-29,5.005516,,
2007-07-30,4.985555,,
2007-07-31,4.9649706,,
2007-08-01,4.943769,0.044252437,
2007-08-02,4.921957,,
2007-08-03,4.899542,,
2007-08-04,4.876533,,
2007-08-05,4.852939,,
2007-08-06,4.828771,,
2007-08-07,4.80404,,
2007-08-08,4.7787585,,
2007-08-09,4.7529387,,
2007-08-10,4.726596,,
2007-08-11,4.6997437,,
2007-08-12,4.672399,,
2007-08-13,4.6445785,,
2007-08-14,4.6162996,,
2007-08-15,4.5875816,,-0.32055992
2007-08-16,4.558444,,
2007-08-17,4.528908,,
2007-08-18,4.498993,,
2007-08-19,4.468723,,
2007-08-20,4.4381194,,
2007-08-21,4.407206,,
2007-08-22,4.3760056,,
2007-08-23,4.344543,,
2007-08-24,4.312842,,
2007-08-25,4.280927,,
2007-08-26,4.2488227,,
2007-08-27,4.216553,,
2007-08-28,4.1841435,,
2007-08-29,4.151618,,
2007-08-30,4.119001,,
2007-08-31,4.0863175,,
2007-09-01,4.053591,0.045396,
2007-09-02,4.020846,,
2007-09-03,3.9881053,,
2007-09-04,3.9553926,,
2007-09-05,3.9227307,,
2007-09-06,3.8901415,,
2007-09-07,3.8576467,,
2007-09-08,3.8252676,,
2007-09-09,3.793024,,
2007-09-10,3.7609363,,
2007-09-11,3.729023,,
2007-09-12,3.6973019,,
2007-09-13,3.6657903,,
2007-09-14,3.6345048,,
2007-09-15,3.6034608,,-0.35372928
2007-09-16,3.5726733,,
2007-09-17,3.5421562,,
2007-09-18,3.5119228,,
2007-09-19,3.4819858,,
2007-09-20,3.4523568,,
2007-09-21,3.4230475,,
2007-09-22,3.3940682,,
2007-09-23,3.365429,,
2007-09-24,3.3371391,,
2007-09-25,3.3092072,,
2007-09-26,3.2816412,,
2007-09-27,3.254449,,
2007-09-28,3.2276366,,
2007-09-29,3.2012107,,
2007-09-30,3.1751769,,
2007-10-01,3.1495402,0.052674644,
2007-10-02,3.124305,,
2007-10-03,3.0994754,,
2007-10-04,3.075055,,
2007-10-05,3.0510464,,
2007-10-06,3.027452,,
2007-10-07,3.0042732,,
2007-10-08,2.981511,,
2007-10-09,2.9591656,,
2007-10-10,2.9372358,,
2007-10-11,2.9157207,,
2007-10-12,2.8946178,,
2007-10-13,2.8739247,,
2007-10-14,2.8536375,,
2007-10-15,2.8337517,,-0.2552192
2007-10-16,2.814263,,
2007-10-17,2.7951658,,
2007-10-18,2.7764537,,
2007-10-19,2.7581205,,
2007-10-20,2.7401593,,
2007-10-21,2.7225623,,
2007-10-22,2.7053225,,
2007-10-23,2.688432,,
2007-10-24,2.6718829,,
2007-10-25,2.655668,,
2007-10-26,2.6397798,,
2007-10-27,2.6242115,,
2007-10-28,2.6089566,,
2007-10-29,2.5940094,,
2007-10-30,2.5793643,,
2007-10-31,2.565017,,
2007-11-01,2.5509634,0.07959219,
2007-11-02,2.537201,,
2007-11-03,2.523727,,
2007-11-04,2.5105398,,
2007-11-05,2.4976394,,
2007-11-06,2.4850256,,
2007-11-07,2.4726996,,
2007-11-08,2.4606638,,
2007-11-09,2.4489205,,
2007-11-10,2.4374738,,
2007-11-11,2.4263282,,
2007-11-12,2.4154885,,
2007-11-13,2.4049606,,
2007-11-14,2.394751,,
2007-11-15,2.3848667,,-0.5012066
2007-11-16,2.375315,,
2007-11-17,2.3661034,,
2007-11-18,2.3572404,,
2007-11-19,2.3487349,,
2007-11-20,2.3405952,,
2007-11-21,2.332831,,
2007-11-22,2.325452,,
2007-11-23,2.3184686,,
2007-11-24,2.3118906,,
2007-11-25,2.3057292,,
2007-11-26,2.2999954,,
2007-11-27,2.2947006,,
2007-11-28,2.2898567,,
2007-11-29,2.2854753,,
2007-11-30,2.281569,,
2007-12-01,2.27815,0.11241622,
2007-12-02,2.2752316,,
2007-12-03,2.2728264,,
2007-12-04,2.2709484,,
2007-12-05,2.2696106,,
2007-12-06,2.2688277,,
2007-12-07,2.2686133,,
2007-12-08,2.2689824,,
2007-12-09,2.2699494,,
2007-12-10,2.2715292,,
2007-12-11,2.2737365,,
2007-12-12,2.2765868,,
2007-12-13,2.2800949,,
2007-12-14,2.2842762,,
2007-12-15,2.289146,,-0.39436895
2007-12-16,2.2947195,,
2007-12-17,2.3010118,,
2007-12-18,2.3080382,,
2007-12-19,2.3158133,,
2007-12-20,2.3243523,,
2007-12-21,2.3336692,,
2007-12-22,2.3437781,,
2007-12-23,2.3546927,,
2007-12-24,2.366426,,
2007-12-25,2.3789907,,
2007-12-26,2.3923986,,
2007-12-27,2.406661,,
2007-12-28,2.421789,,
2007-12-29,2.437792,,
2007-12-30,2.45468,,
2007-12-31,2.4724612,,
2008-01-01,2.4911437,0.12497138,
2008-01-02,2.5107348,,
2008-01-03,2.5312407,,
2008-01-04,2.5526674,,
2008-01-05,2.5750196,,
2008-01-06,2.5983021,,
2008-01-07,2.622518,,
2008-01-08,2.647671,,
2008-01-09,2.6737626,,
2008-01-10,2.7007942,,
2008-01-11,2.728767,,
2008-01-12,2.7576804,,
2008-01-13,2.7875342,,
2008-01-14,2.8183267,,
2008-01-15,2.8500557,,0.016649911
2008-01-16,2.8827186,,
2008-01-17,2.9163115,,
2008-01-18,2.9508302,,
2008-01-19,2.9862702,,
2008-01-20,3.0226257,,
2008-01-21,3.0598905,,
2008-01-22,3.098058,,
2008-01-23,3.13712,,
2008-01-24,3.177069,,
2008-01-25,3.217895,,
2008-01-26,3.259589,,
2008-01-27,3.3021395,,
2008-01-28,3.3455353,,
2008-01-29,3.3897643,,
2008-01-30,3.4348125,,
2008-01-31,3.4806664,,
2008-02-01,3.5273106,0.115188405,
2008-02-02,3.5747285,,
2008-02-03,3.6229033,,
2008-02-04,3.6718166,,
2008-02-05,3.7214491,,
2008-02-06,3.7717812,,
2008-02-07,3.8227913,,
2008-02-08,3.8744576,,
2008-02-09,3.9267573,,
2008-02-10,3.9796665,,
2008-02-11,4.03316,,
2008-02-12,4.0872135,,
2008-02-13,4.141799,,
2008-02-14,4.19689,,
2008-02-15,4.2524576,,0.09998407
2008-02-16,4.3084736,,
2008-02-17,4.3649073,,
2008-02-18,4.421729,,
2008-02-19,4.478907,,
2008-02-20,4.536409,,
2008-02-21,4.594202,,
2008-02-22,4.652253,,
2008-02-23,4.710528,,
2008-02-24,4.7689915,,
2008-02-25,4.82761,,
2008-02-26,4.8863473,,
2008-02-27,4.945167,,
2008-02-28,5.0040336,,
2008-02-29,5.0629106,,
2008-03-01,5.12176,0.11119062,
2008-03-02,5.180546,,
2008-03-03,5.23923,,
2008-03-04,5.2977757,,
2008-03-05,5.3561454,,
2008-03-06,5.4143004,,
2008-03-07,5.472204,,
2008-03-08,5.529819,,
2008-03-09,5.587106,,
2008-03-10,5.6440287,,
2008-03-11,5.700549,,
2008-03-12,5.756629,,
2008-03-13,5.8122315,,
2008-03-14,5.867319,,
2008-03-15,5.921854,,0.22928654
2008-03-16,5.9758005,,
2008-03-17,6.029121,,
2008-03-18,6.081779,,
2008-03-19,6.1337395,,
2008-03-20,6.1849666,,
2008-03-21,6.235425,,
2008-03-22,6.2850804,,
2008-03-23,6.3338985,,
2008-03-24,6.3818464,,
2008-03-25,6.4288917,,
2008-03-26,6.475002,,
2008-03-27,6.520147,,
2008-03-28,6.5642967,,
2008-03-29,6.6074224,,
2008-03-30,6.6494966,,
2008-03-31,6.6904926,,
2008-04-01,6.730386,0.0818547,
2008-04-02,6.769151,,
2008-04-03,6.8067665,,
2008-04-04,6.8432107,,
2008-04-05,6.8784637,,
2008-04-06,6.9125066,,
2008-04-07,6.945323,,
2008-04-08,6.9768972,,
2008-04-09,7.007215,,
2008-04-10,7.036264,,
2008-04-11,7.064033,,
2008-04-12,7.090512,,
2008-04-13,7.1156926,,
2008-04-14,7.1395674,,
2008-04-15,7.1621294,,0.14540188
2008-04-16,7.1833744,,
2008-04-17,7.2032976,,
2008-04-18,7.221896,,
2008-04-19,7.239167,,
2008-04-20,7.2551103,,
2008-04-21,7.2697253,,
2008-04-22,7.283012,,
2008-04-23,7.2949724,,
2008-04-24,7.305609,,
2008-04-25,7.314925,,
2008-04-26,7.322925,,
2008-04-27,7.3296127,,
2008-04-28,7.334995,,
2008-04-29,7.3390765,,
2008-04-30,7.3418655,,
2008-05-01,7.343369,0.055728983,
2008-05-02,7.3435955,,
2008-05-03,7.342554,,
2008-05-04,7.3402553,,
2008-05-05,7.3367095,,
2008-05-06,7.331929,,
2008-05-07,7.3259263,,
2008-05-08,7.3187146,,
2008-05-09,7.3103085,,
2008-05-10,7.3007236,,
2008-05-11,7.289976,,
2008-05-12,7.2780843,,
2008-05-13,7.265067,,
2008-05-14,7.2509446,,
2008-05-15,7.2357388,,0.09847787
2008-05-16,7.219473,,
2008-05-17,7.2021704,,
2008-05-18,7.1838584,,
2008-05-19,7.164563,,
2008-05-20,7.1443133,,
2008-05-21,7.1231384,,
2008-05-22,7.1010685,,
2008-05-23,7.078134,,
2008-05-24,7.054366,,
2008-05-25,7.029797,,
2008-05-26,7.004458,,
2008-05-27,6.97838,,
2008-05-28,6.951595,,
2008-05-29,6.9241333,,
2008-05-30,6.8960257,,
2008-05-31,6.867303,,
2008-06-01,6.837994,0.051168155,
2008-06-02,6.8081284,,
2008-06-03,6.777735,,
2008-06-04,6.746842,,
2008-06-05,6.715477,,
2008-06-06,6.683667,,
2008-06-07,6.6514406,,
2008-06-08,6.618824,,
2008-06-09,6.5858445,,
2008-06-10,6.5525284,,
2008-06-11,6.5189037,,
2008-06-12,6.4849973,,
2008-06-13,6.4508357,,
2008-06-14,6.416446,,
2008-06-15,6.381857,,0.22934747
2008-06-16,6.347094,,
2008-06-17,6.312186,,
2008-06-18,6.2771583,,
2008-06-19,6.2420387,,
2008-06-20,6.206854,,
2008-06-21,6.171631,,
2008-06-22,6.136395,,
2008-06-23,6.1011724,,
2008-06-24,6.0659895,,
2008-06-25,6.030871,,
2008-06-26,5.9958425,,
2008-06-27,5.960928,,
2008-06-28,5.9261527,,
2008-06-29,5.8915415,,
2008-06-30,5.8571177,,
2008-07-01,5.822906,0.046680138,
2008-07-02,5.788931,,
2008-07-03,5.7552166,,
2008-07-04,5.721787,,
2008-07-05,5.688667,,
2008-07-06,5.6558805,,
2008-07-07,5.6234517,,
2008-07-08,5.5914054,,
2008-07-09,5.559766,,
2008-07-10,5.5285573,,
2008-07-11,5.497803,,
2008-07-12,5.4675283,,
2008-07-13,5.437755,,
2008-07-14,5.408508,,
2008-07-15,5.3798084,,0.38373622
2008-07-16,5.3516793,,
2008-07-17,5.3241425,,
2008-07-18,5.297218,,
2008-07-19,5.270926,,
2008-07-20,5.2452846,,
2008-07-21,5.220311,,
2008-07-22,5.1960216,,
2008-07-23,5.172431,,
2008-07-24,5.149551,,
2008-07-25,5.1273932,,
2008-07-26,5.105967,,
2008-07-27,5.0852795,,
2008-07-28,5.0653358,,
2008-07-29,5.046139,,
2008-07-30,5.02769,,
2008-07-31,5.009989,,
2008-08-01,4.9930315,0.042037137,
2008-08-02,4.976814,,
2008-08-03,4.961328,,
2008-08-04,4.9465656,,
2008-08-05,4.932515,,
2008-08-06,4.9191647,,
2008-08-07,4.9064994,,
2008-08-08,4.8945036,,
2008-08-09,4.88316,,
2008-08-10,4.8724504,,
2008-08-11,4.8623557,,
2008-08-12,4.852855,,
2008-08-13,4.843929,,
2008-08-14,4.8355546,,
2008-08-15,4.827711,,0.03798422
2008-08-16,4.820377,,
2008-08-17,4.813529,,
2008-08-18,4.807147,,
2008-08-19,4.8012085,,
2008-08-20,4.7956924,,
2008-08-21,4.7905784,,
2008-08-22,4.7858467,,
2008-08-23,4.7814775,,
2008-08-24,4.777452,,
2008-08-25,4.773753,,
2008-08-26,4.7703633,,
2008-08-27,4.7672668,,
2008-08-28,4.7644477,,
2008-08-29,4.761891,,
2008-08-30,4.7595825,,
2008-08-31,4.7575088,,
2008-09-01,4.7556562,0.043387417,
2008-09-02,4.7540126,,
2008-09-03,4.752566,,
2008-09-04,4.7513037,,
2008-09-05,4.7502146,,
2008-09-06,4.749288,,
2008-09-07,4.7485127,,
2008-09-08,4.7478786,,
2008-09-09,4.747376,,
2008-09-10,4.746995,,
2008-09-11,4.7467275,,
2008-09-12,4.746565,,
2008-09-13,4.746499,,
2008-09-14,4.746524,,
2008-09-15,4.746633,,0.28222078
2008-09-16,4.7468204,,
2008-09-17,4.747082,,
2008-09-18,4.7474146,,
2008-09-19,4.7478147,,
2008-09-20,4.7482805,,
2008-09-21,4.7488103,,
2008-09-22,4.749405,,
2008-09-23,4.7500634,,
2008-09-24,4.7507887,,
2008-09-25,4.751581,,
2008-09-26,4.7524447,,
2008-09-27,4.7533813,,
2008-09-28,4.7543945,,
2008-09-29,4.755488,,
2008-09-30,4.756665,,
2008-10-01,4.757931,0.05258711,
2008-10-02,4.7592897,,
2008-10-03,4.7607446,,
2008-10-04,4.7623014,,
2008-10-05,4.7639647,,
2008-10-06,4.765739,,
2008-10-07,4.767631,,
2008-10-08,4.769645,,
2008-10-09,4.7717886,,
2008-10-10,4.7740674,,
2008-10-11,4.776488,,
2008-10-12,4.779057,,
2008-10-13,4.781782,,
2008-10-14,4.78467,,
2008-10-15,4.7877274,,-0.34238923
2008-10-16,4.790963,,
2008-10-17,4.7943835,,
2008-10-18,4.797997,,
2008-10-19,4.8018103,,
2008-10-20,4.8058305,,
2008-10-21,4.8100653,,
2008-10-22,4.814521,,
2008-10-23,4.8192034,,
2008-10-24,4.824118,,
2008-10-25,4.8292713,,
2008-10-26,4.8346677,,
2008-10-27,4.8403106,,
2008-10-28,4.8462043,,
2008-10-29,4.8523526,,
2008-10-30,4.858758,,
2008-10-31,4.865423,,
2008-11-01,4.87235,0.071524605,
2008-11-02,4.879541,,
2008-11-03,4.8869967,,
2008-11-04,4.894719,,
2008-11-05,4.9027085,,
2008-11-06,4.910965,,
2008-11-07,4.9194894,,
2008-11-08,4.9282804,,
2008-11-09,4.9373374,,
2008-11-10,4.94666,,
2008-11-11,4.956247,,
2008-11-12,4.966097,,
2008-11-13,4.9762077,,
2008-11-14,4.9865785,,
2008-11-15,4.997206,,0.20729037
2008-11-16,5.0080895,,
2008-11-17,5.019226,,
2008-11-18,5.030612,,
2008-11-19,5.0422454,,
2008-11-20,5.054123,,
2008-11-21,5.066241,,
2008-11-22,5.0785956,,
2008-11-23,5.0911837,,
2008-11-24,5.104,,
2008-11-25,5.117041,,
2008-11-26,5.1303015,,
2008-11-27,5.143776,,
2008-11-28,5.1574597,,
2008-11-29,5.1713467,,
2008-11-30,5.18543,,
2008-12-01,5.199703,0.11899726,
2008-12-02,5.214159,,
2008-12-03,5.228789,,
2008-12-04,5.2435837,,
2008-12-05,5.258535,,
2008-12-06,5.273631,,
2008-12-07,5.288862,,
2008-12-08,5.3042154,,
2008-12-09,5.319679,,
2008-12-10,5.3352385,,
2008-12-11,5.3508806,,
2008-12-12,5.366591,,
2008-12-13,5.3823543,,
2008-12-14,5.3981543,,
2008-12-15,5.4139743,,-0.074820474
2008-12-16,5.4297986,,
2008-12-17,5.44561,,
2008-12-18,5.4613905,,
2008-12-19,5.4771233,,
2008-12-20,5.49279,,
2008-12-21,5.5083737,,
2008-12-22,5.523857,,
2008-12-23,5.5392227,,
2008-12-24,5.5544524,,
2008-12-25,5.56953,,
2008-12-26,5.584439,,
2008-12-27,5.599161,,
2008-12-28,5.613681,,
2008-12-29,5.6279817,,
2008-12-30,5.6420474,,
2008-12-31,5.6558623,,
2009-01-01,5.66941,0.14406097,
2009-01-02,5.682677,,
2009-01-03,5.695646,,
2009-01-04,5.708304,,
2009-01-05,5.7206354,,
2009-01-06,5.732627,,
2009-01-07,5.744264,,
2009-01-08,5.7555346,,
2009-01-09,5.7664247,,
2009-01-10,5.7769227,,
2009-01-11,5.7870154,,
2009-01-12,5.7966924,,
2009-01-13,5.805941,,
2009-01-14,5.814752,,
2009-01-15,5.8231144,,-0.053697135
2009-01-16,5.8310184,,
2009-01-17,5.8384547,,
2009-01-18,5.845415,,
2009-01-19,5.8518915,,
2009-01-20,5.857877,,
2009-01-21,5.863364,,
2009-01-22,5.8683476,,
2009-01-23,5.8728228,,
2009-01-24,5.8767858,,
2009-01-25,5.8802333,,
2009-01-26,5.883164,,
2009-01-27,5.8855762,,
2009-01-28,5.8874702,,
2009-01-29,5.8888474,,
2009-01-30,5.889709,,
2009-01-31,5.890059,,
2009-02-01,5.8899007,0.13185135,
2009-02-02,5.889239,,
2009-02-03,5.88808,,
2009-02-04,5.886431,,
2009-02-05,5.8842998,,
2009-02-06,5.881694,,
2009-02-07,5.878624,,
2009-02-08,5.8751006,,
2009-02-09,5.871135,,
2009-02-10,5.86674,,
2009-02-11,5.861929,,
2009-02-12,5.856716,,
2009-02-13,5.851117,,
2009-02-14,5.8451476,,
2009-02-15,5.8388247,,-0.014150711
2009-02-16,5.832167,,
2009-02-17,5.825193,,
2009-02-18,5.8179226,,
2009-02-19,5.8103757,,
2009-02-20,5.802574,,
2009-02-21,5.79454,,
2009-02-22,5.786295,,
2009-02-23,5.777862,,
2009-02-24,5.769264,,
2009-02-25,5.7605257,,
2009-02-26,5.7516694,,
2009-02-27,5.7427206,,
2009-02-28,5.7337036,,
2009-03-01,5.724643,0.120546296,
2009-03-02,5.7155647,,
2009-03-03,5.706493,,
2009-03-04,5.697454,,
2009-03-05,5.688474,,
2009-03-06,5.6795793,,
2009-03-07,5.6707954,,
2009-03-08,5.6621504,,
2009-03-09,5.6536703,,
2009-03-10,5.645383,,
2009-03-11,5.6373143,,
2009-03-12,5.6294928,,
2009-03-13,5.621945,,
2009-03-14,5.614698,,
2009-03-15,5.607779,,-0.24846007
2009-03-16,5.601214,,
2009-03-17,5.5950294,,
2009-03-18,5.5892506,,
2009-03-19,5.583902,,
2009-03-20,5.579008,,
2009-03-21,5.5745926,,
2009-03-22,5.5706778,,
2009-03-23,5.567285,,
2009-03-24,5.5644355,,
2009-03-25,5.562149,,
2009-03-26,5.560445,,
2009-03-27,5.559341,,
2009-03-28,5.558854,,
2009-03-29,5.559002,,
2009-03-30,5.5597987,,
2009-03-31,5.5612593,,
2009-04-01,5.5633974,0.09284977,
2009-04-02,5.566226,,
2009-04-03,5.569756,,
2009-04-04,5.5739985,,
2009-04-05,5.578963,,
2009-04-06,5.5846577,,
2009-04-07,5.5910897,,
2009-04-08,5.598265,,
2009-04-09,5.6061883,,
2009-04-10,5.614862,,
2009-04-11,5.624289,,
2009-04-12,5.6344695,,
2009-04-13,5.645403,,
2009-04-14,5.6570883,,
2009-04-15,5.669522,,-0.1864883
2009-04-16,5.6827,,
2009-04-17,5.696618,,
2009-04-18,5.71127,,
2009-04-19,5.7266483,,
2009-04-20,5.7427454,,
2009-04-21,5.759552,,
2009-04-22,5.777059,,
2009-04-23,5.795255,,
2009-04-24,5.814128,,
2009-04-25,5.833665,,
2009-04-26,5.8538523,,
2009-04-27,5.8746753,,
2009-04-28,5.8961186,,
2009-04-29,5.918165,,
2009-04-30,5.9407983,,
2009-05-01,5.9639993,0.060108732,
2009-05-02,5.9877486,,
2009-05-03,6.012027,,
2009-05-04,6.0368123,,
2009-05-05,6.0620837,,
2009-05-06,6.0878186,,
2009-05-07,6.1139927,,
2009-05-08,6.140582,,
2009-05-09,6.1675615,,
2009-05-10,6.194905,,
2009-05-11,6.2225847,,
2009-05-12,6.2505736,,
2009-05-13,6.278842,,
2009-05-14,6.30736,,
2009-05-15,6.336097,,0.34670562
2009-05-16,6.3650203,,
2009-05-17,6.3940973,,
2009-05-18,6.4232945,,
2009-05-19,6.452576,,
2009-05-20,6.481908,,
2009-05-21,6.5112534,,
2009-05-22,6.540577,,
2009-05-23,6.5698423,,
2009-05-24,6.5990124,,
2009-05-25,6.6280518,,
2009-05-26,6.656924,,
2009-05-27,6.6855927,,
2009-05-28,6.714024,,
2009-05-29,6.7421827,,
2009-05-30,6.7700343,,
2009-05-31,6.797546,,
2009-06-01,6.8246837,0.048957083,
2009-06-02,6.8514166,,
2009-06-03,6.877712,,
2009-06-04,6.903538,,
2009-06-05,6.9288654,,
2009-06-06,6.9536633,,
2009-06-07,6.9779024,,
2009-06-08,7.0015535,,
2009-06-09,7.0245886,,
2009-06-10,7.046979,,
2009-06-11,7.0686975,,
2009-06-12,7.089717,,
2009-06-13,7.11001,,
2009-06-14,7.1295514,,
2009-06-15,7.1483145,,0.5341549
2009-06-16,7.1662745,,
2009-06-17,7.1834064,,
2009-06-18,7.199685,,
2009-06-19,7.215086,,
2009-06-20,7.229584,,
2009-06-21,7.2431564,,
2009-06-22,7.2557783,,
2009-06-23,7.267426,,
2009-06-24,7.278076,,
2009-06-25,7.287706,,
2009-06-26,7.2962923,,
2009-06-27,7.303812,,
2009-06-28,7.310244,,
2009-06-29,7.3155665,,
2009-06-30,7.3197584,,
2009-07-01,7.3227997,0.045269176,
2009-07-02,7.3246713,,
2009-07-03,7.325356,,
2009-07-04,7.3248367,,
2009-07-05,7.323098,,
2009-07-06,7.3201275,,
2009-07-07,7.315912,,
2009-07-08,7.310442,,
2009-07-09,7.303709,,
2009-07-10,7.2957067,,
2009-07-11,7.2864313,,
2009-07-12,7.275881,,
2009-07-13,7.2640553,,
2009-07-14,7.250957,,
2009-07-15,7.236591,,0.36119252
2009-07-16,7.2209644,,
2009-07-17,7.204087,,
2009-07-18,7.1859713,,
2009-07-19,7.1666317,,
2009-07-20,7.1460867,,
2009-07-21,7.1243563,,
2009-07-22,7.1014643,,
2009-07-23,7.077436,,
2009-07-24,7.0523014,,
2009-07-25,7.0260925,,
2009-07-26,6.998845,,
2009-07-27,6.9705973,,
2009-07-28,6.941391,,
2009-07-29,6.9112697,,
2009-07-30,6.880281,,
2009-07-31,6.848474,,
2009-08-01,6.8159013,0.04173687,
2009-08-02,6.7826176,,
2009-08-03,6.748678,,
2009-08-04,6.7141423,,
2009-08-05,6.6790695,,
2009-08-06,6.6435213,,
2009-08-07,6.6075597,,
2009-08-08,6.571248,,
2009-08-09,6.534651,,
2009-08-10,6.4978313,,
2009-08-11,6.460855,,
2009-08-12,6.4237857,,
2009-08-13,6.386687,,
2009-08-14,6.3496222,,
2009-08-15,6.3126545,,0.33069462
2009-08-16,6.275845,,
2009-08-17,6.2392545,,
2009-08-18,6.2029433,,
2009-08-19,6.166969,,
2009-08-20,6.1313887,,
2009-08-21,6.0962586,,
2009-08-22,6.0616336,,
2009-08-23,6.027565,,
2009-08-24,5.994106,,
2009-08-25,5.9613047,,
2009-08-26,5.9292107,,
2009-08-27,5.8978705,,
2009-08-28,5.86733,,
2009-08-29,5.8376346,,
2009-08-30,5.8088274,,
2009-08-31,5.7809515,,
2009-09-01,5.75405,0.0463811,
2009-09-02,5.728163,,
2009-09-03,5.7033324,,
2009-09-04,5.6795993,,
2009-09-05,5.657003,,
2009-09-06,5.6355844,,
2009-09-07,5.615383,,
2009-09-08,5.5964384,,
2009-09-09,5.578789,,
2009-09-10,5.5624747,,
2009-09-11,5.5475335,,
2009-09-12,5.534003,,
2009-09-13,5.521921,,
2009-09-14,5.5113244,,
2009-09-15,5.5022497,,0.31509888
2009-09-16,5.494733,,
2009-09-17,5.4888077,,
2009-09-18,5.484509,,
2009-09-19,5.48187,,
2009-09-20,5.4809227,,
2009-09-21,5.4816976,,
2009-09-22,5.484225,,
2009-09-23,5.488533,,
2009-09-24,5.49465,,
2009-09-25,5.5026007,,
2009-09-26,5.512411,,
2009-09-27,5.5241046,,
2009-09-28,5.5377035,,
2009-09-29,5.553228,,
2009-09-30,5.5706987,,
2009-10-01,5.590133,0.057311233,
2009-10-02,5.611549,,
2009-10-03,5.634961,,
2009-10-04,5.660384,,
2009-10-05,5.687831,,
2009-10-06,5.7173123,,
2009-10-07,5.748839,,
2009-10-08,5.7824183,,
2009-10-09,5.8180575,,
2009-10-10,5.8557615,,
2009-10-11,5.895534,,
2009-10-12,5.937376,,
2009-10-13,5.9812875,,
2009-10-14,6.0272665,,
2009-10-15,6.0753093,,0.12419236
2009-10-16,6.1254106,,
2009-10-17,6.1775613,,
2009-10-18,6.2317524,,
2009-10-19,6.287972,,
2009-10-20,6.346206,,
2009-10-21,6.4064393,,
2009-10-22,6.4686527,,
2009-10-23,6.5328274,,
2009-10-24,6.5989404,,
2009-10-25,6.6669693,,
2009-10-26,6.736887,,
2009-10-27,6.808667,,
2009-10-28,6.88228,,
2009-10-29,6.957694,,
2009-10-30,7.0348773,,
2009-10-31,7.113795,,
2009-11-01,7.194411,0.08158698,
2009-11-02,7.2766867,,
2009-11-03,7.3605824,,
2009-11-04,7.446057,,
2009-11-05,7.5330663,,
2009-11-06,7.621565,,
2009-11-07,7.7115064,,
2009-11-08,7.80284,,
2009-11-09,7.8955164,,
2009-11-10,7.989482,,
2009-11-11,8.0846815,,
2009-11-12,8.18106,,
2009-11-13,8.278558,,
2009-11-14,8.377117,,
2009-11-15,8.476676,,-0.3944649
2009-11-16,8.577172,,
2009-11-17,8.678544,,
2009-11-18,8.7807255,,
2009-11-19,8.883652,,
2009-11-20,8.987256,,
2009-11-21,9.091474,,
2009-11-22,9.196234,,
2009-11-23,9.301471,,
2009-11-24,9.407115,,
2009-11-25,9.513098,,
2009-11-26,9.619349,,
2009-11-27,9.725799,,
2009-11-28,9.8323765,,
2009-11-29,9.939012,,
2009-11-30,10.045633,,
2009-12-01,10.15217,0.11245394,
2009-12-02,10.25855,,
2009-12-03,10.364702,,
2009-12-04,10.470555,,
2009-12-05,10.576036,,
2009-12-06,10.681075,,
2009-12-07,10.785598,,
2009-12-08,10.889534,,
2009-12-09,10.992811,,
2009-12-10,11.095357,,
2009-12-11,11.197102,,
2009-12-12,11.297972,,
2009-12-13,11.397898,,
2009-12-14,11.496808,,
2009-12-15,11.594632,,-0.061354578
2009-12-16,11.6913,,
2009-12-17,11.786742,,
2009-12-18,11.88089,,
2009-12-19,11.973674,,
2009-12-20,12.065027,,
2009-12-21,12.154883,,
2009-12-22,12.2431755,,
2009-12-23,12.329838,,
2009-12-24,12.414807,,
2009-12-25,12.498021,,
2009-12-26,12.579417,,
2009-12-27,12.658935,,
2009-12-28,12.736516,,
2009-12-29,12.812102,,
2009-12-30,12.885637,,
2009-12-31,12.957068,,
2010-01-01,13.026342,0.13421172,
2010-01-02,13.093409,,
2010-01-03,13.158216,,
2010-01-04,13.22072,,
2010-01-05,13.280874,,
2010-01-06,13.338635,,
2010-01-07,13.393962,,
2010-01-08,13.4468155,,
2010-01-09,13.497157,,
2010-01-10,13.544954,,
2010-01-11,13.590171,,
2010-01-12,13.632779,,
2010-01-13,13.672749,,
2010-01-14,13.7100525,,
2010-01-15,13.744668,,0.19582413
2010-01-16,13.776572,,
2010-01-17,13.805746,,
2010-01-18,13.832172,,
2010-01-19,13.855834,,
2010-01-20,13.87672,,
2010-01-21,13.89482,,
2010-01-22,13.910126,,
2010-01-23,13.922629,,
2010-01-24,13.932329,,
2010-01-25,13.939224,,
2010-01-26,13.943315,,
2010-01-27,13.944605,,
2010-01-28,13.943102,,
2010-01-29,13.938813,,
2010-01-30,13.931752,,
2010-01-31,13.921931,,
2010-02-01,13.909368,0.14612976,
2010-02-02,13.894081,,
2010-02-03,13.876093,,
2010-02-04,13.855426,,
2010-02-05,13.8321085,,
2010-02-06,13.806169,,
2010-02-07,13.777637,,
2010-02-08,13.746547,,
2010-02-09,13.712935,,
2010-02-10,13.67684,,
2010-02-11,13.638299,,
2010-02-12,13.597356,,
2010-02-13,13.554054,,
2010-02-14,13.50844,,
2010-02-15,13.460561,,0.13091244
2010-02-16,13.410465,,
2010-02-17,13.358206,,
2010-02-18,13.303835,,
2010-02-19,13.247406,,
2010-02-20,13.188976,,
2010-02-21,13.128603,,
2010-02-22,13.066346,,
2010-02-23,13.002265,,
2010-02-24,12.936422,,
2010-02-25,12.868882,,
2010-02-26,12.799708,,
2010-02-27,12.728968,,
2010-02-28,12.656727,,
2010-03-01,12.583054,0.14318547,
2010-03-02,12.5080185,,
2010-03-03,12.431689,,
2010-03-04,12.354138,,
2010-03-05,12.275437,,
2010-03-06,12.195658,,
2010-03-07,12.114872,,
2010-03-08,12.033152,,
2010-03-09,11.950571,,
2010-03-10,11.867203,,
2010-03-11,11.783118,,
2010-03-12,11.698392,,
2010-03-13,11.613096,,
2010-03-14,11.527303,,
2010-03-15,11.441085,,0.23599595
2010-03-16,11.354512,,
2010-03-17,11.267659,,
2010-03-18,11.180594,,
2010-03-19,11.09339,,
2010-03-20,11.006117,,
2010-03-21,10.918843,,
2010-03-22,10.83164,,
2010-03-23,10.744575,,
2010-03-24,10.657715,,
2010-03-25,10.571127,,
2010-03-26,10.484878,,
2010-03-27,10.399031,,
2010-03-28,10.313648,,
2010-03-29,10.228794,,
2010-03-30,10.1445265,,
2010-03-31,10.060905,,
2010-04-01,9.977987,0.084989965,
2010-04-02,9.895827,,
2010-04-03,9.81448,,
2010-04-04,9.733996,,
2010-04-05,9.654428,,
2010-04-06,9.575823,,
2010-04-07,9.498228,,
2010-04-08,9.421689,,
2010-04-09,9.346249,,
2010-04-10,9.271949,,
2010-04-11,9.19883,,
2010-04-12,9.126927,,
2010-04-13,9.056278,,
2010-04-14,8.9869175,,
2010-04-15,8.918875,,0.65431404
2010-04-16,8.852182,,
2010-04-17,8.786866,,
2010-04-18,8.722953,,
2010-04-19,8.660466,,
2010-04-20,8.599427,,
2010-04-21,8.539855,,
2010-04-22,8.481768,,
2010-04-23,8.42518,,
2010-04-24,8.370108,,
2010-04-25,8.316561,,
2010-04-26,8.26455,,
2010-04-27,8.214084,,
2010-04-28,8.165169,,
2010-04-29,8.117811,,
2010-04-30,8.072015,,
2010-05-01,8.027781,0.060146596,
2010-05-02,7.98511,,
2010-05-03,7.944002,,
2010-05-04,7.9044547,,
2010-05-05,7.8664646,,
2010-05-06,7.8300257,,
2010-05-07,7.7951307,,
2010-05-08,7.761772,,
2010-05-09,7.72994,,
2010-05-10,7.699622,,
2010-05-11,7.6708064,,
2010-05-12,7.6434784,,
2010-05-13,7.617622,,
2010-05-14,7.5932198,,
2010-05-15,7.5702534,,0.24037407
2010-05-16,7.5487022,,
2010-05-17,7.5285454,,
2010-05-18,7.5097594,,
2010-05-19,7.4923205,,
2010-05-20,7.476203,,
2010-05-21,7.4613795,,
2010-05-22,7.447823,,
2010-05-23,7.435503,,
2010-05-24,7.424389,,
2010-05-25,7.414449,,
2010-05-26,7.405651,,
2010-05-27,7.397961,,
2010-05-28,7.391344,,
2010-05-29,7.385765,,
2010-05-30,7.381189,,
2010-05-31,7.3775783,,
2010-06-01,7.374897,0.052976083,
2010-06-02,7.373108,,
2010-06-03,7.3721743,,
2010-06-04,7.3720584,,
2010-06-05,7.3727236,,
2010-06-06,7.374132,,
2010-06-07,7.3762484,,
2010-06-08,7.3790345,,
2010-06-09,7.382456,,
2010-06-10,7.386476,,
2010-06-11,7.391061,,
2010-06-12,7.3961763,,
2010-06-13,7.401789,,
2010-06-14,7.407867,,
2010-06-15,7.414379,,-0.056837164
2010-06-16,7.4212947,,
2010-06-17,7.428584,,
2010-06-18,7.4362197,,
2010-06-19,7.444174,,
2010-06-20,7.4524207,,
2010-06-21,7.4609356,,
2010-06-22,7.4696946,,
2010-06-23,7.478676,,
2010-06-24,7.487857,,
2010-06-25,7.497219,,
2010-06-26,7.506742,,
2010-06-27,7.5164094,,
2010-06-28,7.5262036,,
2010-06-29,7.53611,,
2010-06-30,7.5461144,,
2010-07-01,7.556204,0.049593993,
2010-07-02,7.566366,,
2010-07-03,7.576591,,
2010-07-04,7.586869,,
2010-07-05,7.59719,,
2010-07-06,7.6075478,,
2010-07-07,7.617935,,
2010-07-08,7.628347,,
2010-07-09,7.6387777,,
2010-07-10,7.6492243,,
2010-07-11,7.659683,,
2010-07-12,7.6701527,,
2010-07-13,7.6806316,,
2010-07-14,7.69112,,
2010-07-15,7.701618,,0.5737148
2010-07-16,7.7121267,,
2010-07-17,7.7226486,,
2010-07-18,7.7331853,,
2010-07-19,7.743741,,
2010-07-20,7.754319,,
2010-07-21,7.7649245,,
2010-07-22,7.775562,,
2010-07-23,7.7862377,,
2010-07-24,7.7969584,,
2010-07-25,7.80773,,
2010-07-26,7.818561,,
2010-07-27,7.829458,,
2010-07-28,7.84043,,
2010-07-29,7.8514853,,
2010-07-30,7.862633,,
2010-07-31,7.8738837,,
2010-08-01,7.885247,0.046181247,
2010-08-02,7.8967347,,
2010-08-03,7.9083576,,
2010-08-04,7.920129,,
2010-08-05,7.9320607,,
2010-08-06,7.9441676,,
2010-08-07,7.9564643,,
2010-08-08,7.968966,,
2010-08-09,7.98169,,
2010-08-10,7.9946537,,
2010-08-11,8.007875,,
2010-08-12,8.021375,,
2010-08-13,8.0351715,,
2010-08-14,8.049287,,
2010-08-15,8.063743,,0.13290605
2010-08-16,8.078562,,
2010-08-17,8.093765,,
2010-08-18,8.109377,,
2010-08-19,8.125418,,
2010-08-20,8.1419115,,
2010-08-21,8.158879,,
2010-08-22,8.176343,,
2010-08-23,8.1943245,,
2010-08-24,8.212843,,
2010-08-25,8.231919,,
2010-08-26,8.251573,,
2010-08-27,8.271821,,
2010-08-28,8.292682,,
2010-08-29,8.314172,,
2010-08-30,8.336308,,
2010-08-31,8.359101,,
2010-09-01,8.382567,0.047830313,
2010-09-02,8.406717,,
2010-09-03,8.431562,,
2010-09-04,8.457111,,
2010-09-05,8.483374,,
2010-09-06,8.510355,,
2010-09-07,8.53806,,
2010-09-08,8.566494,,
2010-09-09,8.595657,,
2010-09-10,8.625551,,
2010-09-11,8.656173,,
2010-09-12,8.687521,,
2010-09-13,8.719589,,
2010-09-14,8.752372,,
2010-09-15,8.785858,,0.053562857
2010-09-16,8.820039,,
2010-09-17,8.854901,,
2010-09-18,8.89043,,
2010-09-19,8.926611,,
2010-09-20,8.963426,,
2010-09-21,9.0008545,,
2010-09-22,9.038879,,
2010-09-23,9.0774765,,
2010-09-24,9.116625,,
2010-09-25,9.1563,,
2010-09-26,9.196476,,
2010-09-27,9.237129,,
2010-09-28,9.278233,,
2010-09-29,9.319757,,
2010-09-30,9.361677,,
2010-10-01,9.403963,0.06070355,
2010-10-02,9.446585,,
2010-10-03,9.4895115,,
2010-10-04,9.532713,,
2010-10-05,9.576157,,
2010-10-06,9.619811,,
2010-10-07,9.663642,,
2010-10-08,9.707616,,
2010-10-09,9.751698,,
2010-10-10,9.795853,,
2010-10-11,9.840045,,
2010-10-12,9.884237,,
2010-10-13,9.928393,,
2010-10-14,9.972478,,
2010-10-15,10.016451,,-0.06717515
2010-10-16,10.060276,,
2010-10-17,10.103915,,
2010-10-18,10.147329,,
2010-10-19,10.190481,,
2010-10-20,10.233332,,
2010-10-21,10.275842,,
2010-10-22,10.317972,,
2010-10-23,10.359685,,
2010-10-24,10.400939,,
2010-10-25,10.441696,,
2010-10-26,10.481915,,
2010-10-27,10.521558,,
2010-10-28,10.560581,,
2010-10-29,10.598947,,
2010-10-30,10.63661,,
2010-10-31,10.6735325,,
2010-11-01,10.709672,0.08407782,
2010-11-02,10.744986,,
2010-11-03,10.779433,,
2010-11-04,10.812974,,
2010-11-05,10.845566,,
2010-11-06,10.877171,,
2010-11-07,10.907748,,
2010-11-08,10.93726,,
2010-11-09,10.965669,,
2010-11-10,10.992939,,
2010-11-11,11.019033,,
2010-11-12,11.043919,,
2010-11-13,11.06756,,
2010-11-14,11.089927,,
2010-11-15,11.110988,,-0.0743047
2010-11-16,11.130712,,
2010-11-17,11.14907,,
2010-11-18,11.166035,,
2010-11-19,11.181579,,
2010-11-20,11.195676,,
2010-11-21,11.208301,,
2010-11-22,11.219428,,
2010-11-23,11.229033,,
2010-11-24,11.237096,,
2010-11-25,11.243589,,
2010-11-26,11.248494,,
2010-11-27,11.251789,,
2010-11-28,11.253453,,
2010-11-29,11.253468,,
2010-11-30,11.251815,,
2010-12-01,11.248477,0.13561842,
2010-12-02,11.243439,,
2010-12-03,11.236686,,
2010-12-04,11.228205,,
2010-12-05,11.217984,,
2010-12-06,11.206015,,
2010-12-07,11.1922865,,
2010-12-08,11.176793,,
2010-12-09,11.15953,,
2010-12-10,11.1404915,,
2010-12-11,11.119677,,
2010-12-12,11.097085,,
2010-12-13,11.072719,,
2010-12-14,11.046578,,
2010-12-15,11.018672,,0.20699519
2010-12-16,10.989003,,
2010-12-17,10.9575815,,
2010-12-18,10.924416,,
2010-12-19,10.889517,,
2010-12-20,10.852898,,
2010-12-21,10.814573,,
2010-12-22,10.774558,,
2010-12-23,10.73287,,
2010-12-24,10.689527,,
2010-12-25,10.644549,,
2010-12-26,10.597958,,
2010-12-27,10.549775,,
2010-12-28,10.500025,,
2010-12-29,10.448732,,
2010-12-30,10.395923,,
2010-12-31,10.341624,,
2011-01-01,10.285864,0.13242786,
2011-01-02,10.228672,,
2011-01-03,10.170079,,
2011-01-04,10.110117,,
2011-01-05,10.048817,,
2011-01-06,9.986213,,
2011-01-07,9.922339,,
2011-01-08,9.857232,,
2011-01-09,9.790927,,
2011-01-10,9.723462,,
2011-01-11,9.654877,,
2011-01-12,9.58521,,
2011-01-13,9.514503,,
2011-01-14,9.442796,,
2011-01-15,9.370134,,0.43043727
2011-01-16,9.29656,,
2011-01-17,9.22212,,
2011-01-18,9.146858,,
2011-01-19,9.070822,,
2011-01-20,8.994059,,
2011-01-21,8.916616,,
2011-01-22,8.838544,,
2011-01-23,8.7598915,,
2011-01-24,8.680708,,
2011-01-25,8.601046,,
2011-01-26,8.520955,,
2011-01-27,8.440487,,
2011-01-28,8.359693,,
2011-01-29,8.278626,,
2011-01-30,8.197338,,
2011-01-31,8.115883,,
2011-02-01,8.034311,0.13956021,
2011-02-02,7.952678,,
2011-02-03,7.8710356,,
2011-02-04,7.7894373,,
2011-02-05,7.7079372,,
2011-02-06,7.6265893,,
2011-02-07,7.545447,,
2011-02-08,7.464564,,
2011-02-09,7.383995,,
2011-02-10,7.3037944,,
2011-02-11,7.224015,,
2011-02-12,7.144712,,
2011-02-13,7.0659385,,
2011-02-14,6.9877477,,
2011-02-15,6.910193,,0.4762113
2011-02-16,6.8333273,,
2011-02-17,6.7572026,,
2011-02-18,6.681871,,
2011-02-19,6.6073833,,
2011-02-20,6.5337896,,
2011-02-21,6.4611397,,
2011-02-22,6.389482,,
2011-02-23,6.3188634,,
2011-02-24,6.249331,,
2011-02-25,6.180929,,
2011-02-26,6.1137023,,
2011-02-27,6.047692,,
2011-02-28,5.9829392,,
2011-03-01,5.919484,0.1203731,
2011-03-02,5.857363,,
2011-03-03,5.7966137,,
2011-03-04,5.7372704,,
2011-03-05,5.679365,,
2011-03-06,5.6229305,,
2011-03-07,5.5679965,,
2011-03-08,5.5145903,,
2011-03-09,5.46274,,
2011-03-10,5.41247,,
2011-03-11,5.363805,,
2011-03-12,5.3167663,,
2011-03-13,5.2713757,,
2011-03-14,5.227652,,
2011-03-15,5.185614,,0.32677767
2011-03-16,5.145278,,
2011-03-17,5.1066585,,
2011-03-18,5.0697694,,
2011-03-19,5.0346227,,
2011-03-20,5.0012283,,
2011-03-21,4.9695954,,
2011-03-22,4.939731,,
2011-03-23,4.9116406,,
2011-03-24,4.885329,,
2011-03-25,4.8607974,,
2011-03-26,4.838048,,
2011-03-27,4.81708,,
2011-03-28,4.797891,,
2011-03-29,4.7804785,,
2011-03-30,4.7648363,,
2011-03-31,4.7509594,,
2011-04-01,4.7388396,0.075055875,
2011-04-02,4.7284675,,
2011-04-03,4.719832,,
2011-04-04,4.7129216,,
2011-04-05,4.707722,,
2011-04-06,4.704219,,
2011-04-07,4.7023945,,
2011-04-08,4.7022324,,
2011-04-09,4.7037115,,
2011-04-10,4.7068124,,
2011-04-11,4.711512,,
2011-04-12,4.7177873,,
2011-04-13,4.725613,,
2011-04-14,4.7349634,,
2011-04-15,4.7458105,,0.64578706
2011-04-16,4.758126,,
2011-04-17,4.7718797,,
2011-04-18,4.7870407,,
2011-04-19,4.803578,,
2011-04-20,4.8214574,,
2011-04-21,4.840646,,
2011-04-22,4.8611083,,
2011-04-23,4.8828087,,
2011-04-24,4.9057107,,
2011-04-25,4.9297767,,
2011-04-26,4.954968,,
2011-04-27,4.9812446,,
2011-04-28,5.0085664,,
2011-04-29,5.036892,,
2011-04-30,5.0661798,,
2011-05-01,5.0963864,0.062358346,
2011-05-02,5.1274686,,
2011-05-03,5.1593823,,
2011-05-04,5.1920824,,
2011-05-05,5.2255235,,
2011-05-06,5.25966,,
2011-05-07,5.294445,,
2011-05-08,5.3298335,,
2011-05-09,5.365779,,
2011-05-10,5.402234,,
2011-05-11,5.439154,,
2011-05-12,5.4764934,,
2011-05-13,5.5142055,,
2011-05-14,5.5522466,,
2011-05-15,5.590572,,0.26016676
2011-05-16,5.629138,,
2011-05-17,5.6679025,,
2011-05-18,5.706822,,
2011-05-19,5.7458553,,
2011-05-20,5.784962,,
2011-05-21,5.824102,,
2011-05-22,5.863236,,
2011-05-23,5.902326,,
2011-05-24,5.941335,,
2011-05-25,5.9802275,,
2011-05-26,6.018968,,
2011-05-27,6.0575223,,
2011-05-28,6.095857,,
2011-05-29,6.13394,,
2011-05-30,6.17174,,
2011-05-31,6.209225,,
2011-06-01,6.246365,0.051019646,
2011-06-02,6.283131,,
2011-06-03,6.3194933,,
2011-06-04,6.355424,,
2011-06-05,6.3908944,,
2011-06-06,6.4258776,,
2011-06-07,6.4603457,,
2011-06-08,6.4942718,,
2011-06-09,6.5276284,,
2011-06-10,6.56039,,
2011-06-11,6.5925283,,
2011-06-12,6.6240172,,
2011-06-13,6.65483,,
2011-06-14,6.68494,,
2011-06-15,6.7143207,,0.21804547
2011-06-16,6.7429457,,
2011-06-17,6.77079,,
2011-06-18,6.797828,,
2011-06-19,6.8240356,,
2011-06-20,6.849389,,
2011-06-21,6.8738647,,
2011-06-22,6.8974414,,
2011-06-23,6.920098,,
2011-06-24,6.941814,,
2011-06-25,6.962571,,
2011-06-26,6.9823523,,
2011-06-27,7.0011406,,
2011-06-28,7.0189214,,
2011-06-29,7.0356803,,
2011-06-30,7.051405,,
2011-07-01,7.066083,0.048880022,
2011-07-02,7.0797043,,
2011-07-03,7.0922585,,
2011-07-04,7.1037374,,
2011-07-05,7.114133,,
2011-07-06,7.123438,,
2011-07-07,7.1316466,,
2011-07-08,7.1387525,,
2011-07-09,7.144752,,
2011-07-10,7.1496406,,
2011-07-11,7.153415,,
2011-07-12,7.156074,,
2011-07-13,7.1576157,,
2011-07-14,7.1580386,,
2011-07-15,7.157344,,0.17266983
2011-07-16,7.155532,,
2011-07-17,7.1526046,,
2011-07-18,7.148564,,
2011-07-19,7.1434135,,
2011-07-20,7.137158,,
2011-07-21,7.1298018,,
2011-07-22,7.121351,,
2011-07-23,7.111811,,
2011-07-24,7.1011906,,
2011-07-25,7.089497,,
2011-07-26,7.07674,,
2011-07-27,7.0629287,,
2011-07-28,7.0480747,,
2011-07-29,7.0321894,,
2011-07-30,7.0152864,,
2011-07-31,6.997379,,
2011-08-01,6.978481,0.044373076,
2011-08-02,6.9586086,,
2011-08-03,6.9377785,,
2011-08-04,6.9160075,,
2011-08-05,6.8933144,,
2011-08-06,6.8697176,,
2011-08-07,6.8452377,,
2011-08-08,6.819895,,
2011-08-09,6.79371,,
2011-08-10,6.766706,,
2011-08-11,6.738904,,
2011-08-12,6.7103276,,
2011-08-13,6.681,,
2011-08-14,6.6509457,,
2011-08-15,6.6201878,,-0.06536437
2011-08-16,6.5887513,,
2011-08-17,6.5566616,,
2011-08-18,6.523944,,
2011-08-19,6.490625,,
2011-08-20,6.456732,,
2011-08-21,6.422291,,
2011-08-22,6.38733,,
2011-08-23,6.3518786,,
2011-08-24,6.315964,,
2011-08-25,6.279616,,
2011-08-26,6.2428627,,
2011-08-27,6.205734,,
2011-08-28,6.168259,,
2011-08-29,6.130467,,
2011-08-30,6.0923862,,
2011-08-31,6.054046,,
2011-09-01,6.0154753,0.04678161,
2011-09-02,5.976701,,
2011-09-03,5.937751,,
2011-09-04,5.898652,,
2011-09-05,5.8594303,,
2011-09-06,5.8201118,,
2011-09-07,5.780721,,
2011-09-08,5.741282,,
2011-09-09,5.701818,,
2011-09-10,5.6623516,,
2011-09-11,5.6229043,,
2011-09-12,5.583497,,
2011-09-13,5.5441494,,
2011-09-14,5.5048814,,
2011-09-15,5.4657116,,0.73155946
2011-09-16,5.426658,,
2011-09-17,5.3877387,,
2011-09-18,5.34897,,
2011-09-19,5.310369,,
2011-09-20,5.2719507,,
2011-09-21,5.233731,,
2011-09-22,5.195723,,
2011-09-23,5.157942,,
2011-09-24,5.1204,,
2011-09-25,5.0831094,,
2011-09-26,5.0460825,,
2011-09-27,5.0093303,,
2011-09-28,4.9728622,,
2011-09-29,4.936688,,
2011-09-30,4.9008155,,
2011-10-01,4.865253,0.053937662,
2011-10-02,4.830006,,
2011-10-03,4.7950816,,
2011-10-04,4.7604833,,
2011-10-05,4.7262154,,
2011-10-06,4.692281,,
2011-10-07,4.658681,,
2011-10-08,4.625417,,
2011-10-09,4.5924892,,
2011-10-10,4.5598955,,
2011-10-11,4.527635,,
2011-10-12,4.4957037,,
2011-10-13,4.464099,,
2011-10-14,4.432815,,
2011-10-15,4.4018483,,0.05446213
2011-10-16,4.3711925,,
2011-10-17,4.340841,,
2011-10-18,4.3107877,,
2011-10-19,4.281026,,
2011-10-20,4.2515483,,
2011-10-21,4.2223473,,
2011-10-22,4.193415,,
2011-10-23,4.1647444,,
2011-10-24,4.1363273,,
2011-10-25,4.108155,,
2011-10-26,4.0802197,,
2011-10-27,4.052514,,
2011-10-28,4.02503,,
2011-10-29,3.9977596,,
2011-10-30,3.9706948,,
2011-10-31,3.9438288,,
2011-11-01,3.9171534,0.069676794,
2011-11-02,3.8906615,,
2011-11-03,3.8643458,,
2011-11-04,3.8381984,,
2011-11-05,3.8122122,,
2011-11-06,3.7863803,,
2011-11-07,3.7606952,,
2011-11-08,3.7351496,,
2011-11-09,3.7097368,,
2011-11-10,3.6844494,,
2011-11-11,3.659281,,
2011-11-12,3.6342247,,
2011-11-13,3.6092734,,
2011-11-14,3.584421,,
2011-11-15,3.559661,,-0.18819202
2011-11-16,3.5349872,,
2011-11-17,3.5103934,,
2011-11-18,3.4858737,,
2011-11-19,3.4614227,,
2011-11-20,3.437035,,
2011-11-21,3.4127066,,
2011-11-22,3.388433,,
2011-11-23,3.3642108,,
2011-11-24,3.3400378,,
2011-11-25,3.3159115,,
2011-11-26,3.2918315,,
2011-11-27,3.2677975,,
2011-11-28,3.2438102,,
2011-11-29,3.219871,,
2011-11-30,3.1959834,,
2011-12-01,3.1721501,0.083855264,
2011-12-02,3.1483765,,
2011-12-03,3.124668,,
2011-12-04,3.1010313,,
2011-12-05,3.0774744,,
2011-12-06,3.0540063,,
2011-12-07,3.030637,,
2011-12-08,3.007378,,
2011-12-09,2.9842417,,
2011-12-10,2.9612417,,
2011-12-11,2.9383922,,
2011-12-12,2.9157093,,
2011-12-13,2.893209,,
2011-12-14,2.870909,,
2011-12-15,2.8488276,,0.2363694
2011-12-16,2.8269837,,
2011-12-17,2.8053977,,
2011-12-18,2.7840896,,
2011-12-19,2.763081,,
2011-12-20,2.742394,,
2011-12-21,2.7220507,,
2011-12-22,2.702074,,
2011-12-23,2.6824877,,
2011-12-24,2.6633158,,
2011-12-25,2.6445825,,
2011-12-26,2.626313,,
2011-12-27,2.608532,,
2011-12-28,2.5912654,,
2011-12-29,2.574539,,
2011-12-30,2.5583792,,
2011-12-31,2.5428126,,
2012-01-01,2.527866,0.115406126,
2012-01-02,2.5135663,,
2012-01-03,2.499941,,
2012-01-04,2.4870176,,
2012-01-05,2.474824,,
2012-01-06,2.4633873,,
2012-01-07,2.4527354,,
2012-01-08,2.4428966,,
2012-01-09,2.4338982,,
2012-01-10,2.4257684,,
2012-01-11,2.4185345,,
2012-01-12,2.412224,,
2012-01-13,2.4068646,,
2012-01-14,2.4024827,,
2012-01-15,2.3991055,,0.014865076
2012-01-16,2.3967593,,
2012-01-17,2.39547,,
2012-01-18,2.395263,,
2012-01-19,2.3961632,,
2012-01-20,2.3981953,,
2012-01-21,2.4013824,,
2012-01-22,2.405748,,
2012-01-23,2.4113133,,
2012-01-24,2.4181,,
2012-01-25,2.4261284,,
2012-01-26,2.4354174,,
2012-01-27,2.445985,,
2012-01-28,2.457848,,
2012-01-29,2.4710221,,
2012-01-30,2.485521,,
2012-01-31,2.5013576,,
2012-02-01,2.5185432,0.13045172,
2012-02-02,2.5370874,,
2012-02-03,2.5569985,,
2012-02-04,2.5782833,,
2012-02-05,2.600947,,
2012-02-06,2.6249924,,
2012-02-07,2.6504219,,
2012-02-08,2.6772356,,
2012-02-09,2.7054317,,
2012-02-10,2.7350075,,
2012-02-11,2.765958,,
2012-02-12,2.7982771,,
2012-02-13,2.8319566,,
2012-02-14,2.8669872,,
2012-02-15,2.9033575,,-0.22654271
2012-02-16,2.941055,,
2012-02-17,2.9800656,,
2012-02-18,3.0203733,,
2012-02-19,3.0619607,,
2012-02-20,3.1048093,,
2012-02-21,3.1488988,,
2012-02-22,3.1942077,,
2012-02-23,3.2407124,,
2012-02-24,3.288389,,
2012-02-25,3.3372114,,
2012-02-26,3.3871527,,
2012-02-27,3.4381845,,
2012-02-28,3.4902775,,
2012-02-29,3.5434012,,
2012-03-01,3.5975237,0.108305946,
2012-03-02,3.6526117,,
2012-03-03,3.7086315,,
2012-03-04,3.7655478,,
2012-03-05,3.823324,,
2012-03-06,3.8819227,,
2012-03-07,3.9413056,,
2012-03-08,4.001433,,
2012-03-09,4.0622644,,
2012-03-10,4.123759,,
2012-03-11,4.185873,,
2012-03-12,4.2485642,,
2012-03-13,4.3117876,,
2012-03-14,4.3754983,,
2012-03-15,4.439651,,-0.08373
2012-03-16,4.504198,,
2012-03-17,4.569093,,
2012-03-18,4.6342874,,
2012-03-19,4.699733,,
2012-03-20,4.7653804,,
2012-03-21,4.8311796,,
2012-03-22,4.8970804,,
2012-03-23,4.963033,,
2012-03-24,5.028986,,
2012-03-25,5.094888,,
2012-03-26,5.160688,,
2012-03-27,5.226333,,
2012-03-28,5.2917724,,
2012-03-29,5.3569527,,
2012-03-30,5.421822,,
2012-03-31,5.4863286,,
2012-04-01,5.55042,0.076601565,
2012-04-02,5.614044,,
2012-04-03,5.6771502,,
2012-04-04,5.7396865,,
2012-04-05,5.8016024,,
2012-04-06,5.8628488,,
2012-04-07,5.9233756,,
2012-04-08,5.983135,,
2012-04-09,6.0420794,,
2012-04-10,6.100163,,
2012-04-11,6.1573396,,
2012-04-12,6.2135653,,
2012-04-13,6.268797,,
2012-04-14,6.322993,,
2012-04-15,6.376113,,0.11880097
2012-04-16,6.4281173,,
2012-04-17,6.478969,,
2012-04-18,6.5286317,,
2012-04-19,6.5770707,,
2012-04-20,6.6242523,,
2012-04-21,6.670145,,
2012-04-22,6.7147183,,
2012-04-23,6.7579436,,
2012-04-24,6.7997947,,
2012-04-25,6.8402452,,
2012-04-26,6.8792715,,
2012-04-27,6.916851,,
2012-04-28,6.9529634,,
2012-04-29,6.987589,,
2012-04-30,7.02071,,
2012-05-01,7.0523105,0.05466895,
2012-05-02,7.082376,,
2012-05-03,7.1108937,,
2012-05-04,7.1378527,,
2012-05-05,7.1632442,,
2012-05-06,7.187061,,
2012-05-07,7.209297,,
2012-05-08,7.22995,,
2012-05-09,7.249018,,
2012-05-10,7.2665024,,
2012-05-11,7.282405,,
2012-05-12,7.2967315,,
2012-05-13,7.3094883,,
2012-05-14,7.320686,,
2012-05-15,7.3303347,,0.4646192
2012-05-16,7.338449,,
2012-05-17,7.345045,,
2012-05-18,7.3501406,,
2012-05-19,7.3537564,,
2012-05-20,7.355915,,
2012-05-21,7.356641,,
2012-05-22,7.35596,,
2012-05-23,7.3539014,,
2012-05-24,7.350495,,
2012-05-25,7.3457723,,
2012-05-26,7.339767,,
2012-05-27,7.332515,,
2012-05-28,7.3240514,,
2012-05-29,7.3144145,,
2012-05-30,7.3036447,,
2012-05-31,7.2917814,,
2012-06-01,7.278867,0.046348177,
2012-06-02,7.2649446,,
2012-06-03,7.250058,,
2012-06-04,7.234253,,
2012-06-05,7.217576,,
2012-06-06,7.2000737,,
2012-06-07,7.1817956,,
2012-06-08,7.162791,,
2012-06-09,7.1431093,,
2012-06-10,7.122802,,
2012-06-11,7.101921,,
2012-06-12,7.0805182,,
2012-06-13,7.058647,,
2012-06-14,7.0363607,,
2012-06-15,7.0137124,,0.8337742
2012-06-16,6.990756,,
2012-06-17,6.967545,,
2012-06-18,6.9441333,,
2012-06-19,6.9205737,,
2012-06-20,6.8969193,,
2012-06-21,6.873223,,
2012-06-22,6.8495364,,
2012-06-23,6.8259106,,
2012-06-24,6.8023963,,
2012-06-25,6.7790422,,
2012-06-26,6.755898,,
2012-06-27,6.73301,,
2012-06-28,6.710425,,
2012-06-29,6.688188,,
2012-06-30,6.666344,,
2012-07-01,6.6449356,0.043517243,
2012-07-02,6.624005,,
2012-07-03,6.6035924,,
2012-07-04,6.583739,,
2012-07-05,6.564482,,
2012-07-06,6.5458603,,
2012-07-07,6.52791,,
2012-07-08,6.5106664,,
2012-07-09,6.494163,,
2012-07-10,6.478432,,
2012-07-11,6.4635053,,
2012-07-12,6.449412,,
2012-07-13,6.436179,,
2012-07-14,6.423834,,
2012-07-15,6.4124002,,0.90846425
2012-07-16,6.4019012,,
2012-07-17,6.3923564,,
2012-07-18,6.383785,,
2012-07-19,6.3762026,,
2012-07-20,6.3696227,,
2012-07-21,6.3640566,,
2012-07-22,6.3595138,,
2012-07-23,6.356,,
2012-07-24,6.353519,,
2012-07-25,6.352072,,
2012-07-26,6.351657,,
2012-07-27,6.3522716,,
2012-07-28,6.3539095,,
2012-07-29,6.356563,,
2012-07-30,6.360222,,
2012-07-31,6.3648744,,
2012-08-01,6.370507,0.040812,
2012-08-02,6.377104,,
2012-08-03,6.3846483,,
2012-08-04,6.3931212,,
2012-08-05,6.4025025,,
2012-08-06,6.412771,,
2012-08-07,6.423904,,
2012-08-08,6.4358773,,
2012-08-09,6.4486666,,
2012-08-10,6.462245,,
2012-08-11,6.476586,,
2012-08-12,6.4916615,,
2012-08-13,6.507443,,
2012-08-14,6.5239015,,
2012-08-15,6.5410066,,0.7781924
2012-08-16,6.558728,,
2012-08-17,6.577035,,
2012-08-18,6.5958953,,
2012-08-19,6.615278,,
2012-08-20,6.635149,,
2012-08-21,6.655477,,
2012-08-22,6.6762276,,
2012-08-23,6.697368,,
2012-08-24,6.718865,,
2012-08-25,6.740684,,
2012-08-26,6.7627916,,
2012-08-27,6.7851543,,
2012-08-28,6.8077374,,
2012-08-29,6.8305078,,
2012-08-30,6.8534317,,
2012-08-31,6.876476,,
2012-09-01,6.899606,0.044338085,
2012-09-02,6.9227896,,
2012-09-03,6.9459934,,
2012-09-04,6.969184,,
2012-09-05,6.992329,,
2012-09-06,7.0153966,,
2012-09-07,7.0383544,,
2012-09-08,7.0611706,,
2012-09-09,7.0838137,,
2012-09-10,7.106253,,
2012-09-11,7.1284585,,
2012-09-12,7.1504,,
2012-09-13,7.1720476,,
2012-09-14,7.1933727,,
2012-09-15,7.2143455,,0.23010314
2012-09-16,7.234939,,
2012-09-17,7.2551246,,
2012-09-18,7.2748756,,
2012-09-19,7.2941656,,
2012-09-20,7.3129687,,
2012-09-21,7.3312607,,
2012-09-22,7.349017,,
2012-09-23,7.366215,,
2012-09-24,7.382833,,
2012-09-25,7.3988495,,
2012-09-26,7.4142447,,
2012-09-27,7.4290004,,
2012-09-28,7.443099,,
2012-09-29,7.4565244,,
2012-09-30,7.4692626,,
2012-10-01,7.4813,0.04820601,
2012-10-02,7.4926248,,
2012-10-03,7.503227,,
2012-10-04,7.5130997,,
2012-10-05,7.522235,,
2012-10-06,7.530628,,
2012-10-07,7.538277,,
2012-10-08,7.545181,,
2012-10-09,7.55134,,
2012-10-10,7.5567584,,
2012-10-11,7.5614414,,
2012-10-12,7.5653963,,
2012-10-13,7.5686326,,
2012-10-14,7.571162,,
2012-10-15,7.5729985,,0.93460625
2012-10-16,7.5741577,,
2012-10-17,7.5746574,,
2012-10-18,7.5745173,,
2012-10-19,7.573758,,
2012-10-20,7.5724044,,
2012-10-21,7.570481,,
2012-10-22,7.568014,,
2012-10-23,7.565033,,
2012-10-24,7.5615673,,
2012-10-25,7.5576477,,
2012-10-26,7.553307,,
2012-10-27,7.5485787,,
2012-10-28,7.5434966,,
2012-10-29,7.5380955,,
2012-10-30,7.532412,,
2012-10-31,7.5264826,,
2012-11-01,7.5203433,0.0644347,
2012-11-02,7.514032,,
2012-11-03,7.5075865,,
2012-11-04,7.501044,,
2012-11-05,7.494443,,
2012-11-06,7.487821,,
2012-11-07,7.4812174,,
2012-11-08,7.474669,,
2012-11-09,7.468214,,
2012-11-10,7.46189,,
2012-11-11,7.4557347,,
2012-11-12,7.449785,,
2012-11-13,7.4440775,,
2012-11-14,7.438648,,
2012-11-15,7.4335327,,0.8142528
2012-11-16,7.4287663,,
2012-11-17,7.424383,,
2012-11-18,7.4204183,,
2012-11-19,7.4169035,,
2012-11-20,7.4138727,,
2012-11-21,7.4113564,,
2012-11-22,7.409387,,
2012-11-23,7.4079947,,
2012-11-24,7.407209,,
2012-11-25,7.4070582,,
2012-11-26,7.4075713,,
2012-11-27,7.408776,,
2012-11-28,7.410697,,
2012-11-29,7.4133606,,
2012-11-30,7.4167905,,
2012-12-01,7.421011,0.102026045,
2012-12-02,7.426043,,
2012-12-03,7.4319086,,
2012-12-04,7.4386272,,
2012-12-05,7.4462175,,
2012-12-06,7.454697,,
2012-12-07,7.464082,,
2012-12-08,7.474386,,
2012-12-09,7.485624,,
2012-12-10,7.497807,,
2012-12-11,7.5109468,,
2012-12-12,7.525052,,
2012-12-13,7.5401316,,
2012-12-14,7.5561914,,
2012-12-15,7.5732374,,0.23590204
2012-12-16,7.591273,,
2012-12-17,7.6103005,,
2012-12-18,7.6303215,,
2012-12-19,7.6513357,,
2012-12-20,7.6733413,,
2012-12-21,7.6963353,,
2012-12-22,7.7203135,,
2012-12-23,7.74527,,
2012-12-24,7.7711973,,
2012-12-25,7.798087,,
2012-12-26,7.8259296,,
2012-12-27,7.854714,,
2012-12-28,7.8844285,,
2012-12-29,7.915059,,
2012-12-30,7.9465914,,
2012-12-31,7.97901,,
2013-01-01,8.012298,0.115636714,
2013-01-02,8.046437,,
2013-01-03,8.081409,,
2013-01-04,8.117194,,
2013-01-05,8.1537695,,
2013-01-06,8.191114,,
2013-01-07,8.229204,,
2013-01-08,8.268015,,
2013-01-09,8.30752,,
2013-01-10,8.347692,,
2013-01-11,8.388501,,
2013-01-12,8.429919,,
2013-01-13,8.471915,,
2013-01-14,8.514455,,
2013-01-15,8.557506,,0.16632558
2013-01-16,8.601032,,
2013-01-17,8.645,,
2013-01-18,8.689372,,
2013-01-19,8.734109,,
2013-01-20,8.779175,,
2013-01-21,8.82453,,
2013-01-22,8.870133,,
2013-01-23,8.915946,,
2013-01-24,8.961926,,
2013-01-25,9.008034,,
2013-01-26,9.054225,,
2013-01-27,9.10046,,
2013-01-28,9.146695,,
2013-01-29,9.192888,,
2013-01-30,9.238997,,
2013-01-31,9.284977,,
2013-02-01,9.330787,0.11422054,
2013-02-02,9.376381,,
2013-02-03,9.421717,,
2013-02-04,9.466751,,
2013-02-05,9.511438,,
2013-02-06,9.555737,,
2013-02-07,9.599601,,
2013-02-08,9.642987,,
2013-02-09,9.685851,,
2013-02-10,9.72815,,
2013-02-11,9.769839,,
2013-02-12,9.810877,,
2013-02-13,9.851218,,
2013-02-14,9.890823,,
2013-02-15,9.929648,,0.044857107
2013-02-16,9.967653,,
2013-02-17,10.004799,,
2013-02-18,10.041044,,
2013-02-19,10.07635,,
2013-02-20,10.110682,,
2013-02-21,10.143999,,
2013-02-22,10.176269,,
2013-02-23,10.207455,,
2013-02-24,10.237525,,
2013-02-25,10.266446,,
2013-02-26,10.294188,,
2013-02-27,10.32072,,
2013-02-28,10.346012,,
2013-03-01,10.370038,0.13977405,
2013-03-02,10.392772,,
2013-03-03,10.414188,,
2013-03-04,10.434264,,
2013-03-05,10.452978,,
2013-03-06,10.470308,,
2013-03-07,10.486236,,
2013-03-08,10.500743,,
2013-03-09,10.513815,,
2013-03-10,10.525436,,
2013-03-11,10.535595,,
2013-03-12,10.544279,,
2013-03-13,10.551478,,
2013-03-14,10.557187,,
2013-03-15,10.561398,,0.0063680583
2013-03-16,10.564106,,
2013-03-17,10.565309,,
2013-03-18,10.565004,,
2013-03-19,10.563193,,
2013-03-20,10.559877,,
2013-03-21,10.5550585,,
2013-03-22,10.548743,,
2013-03-23,10.540937,,
2013-03-24,10.531648,,
2013-03-25,10.5208845,,
2013-03-26,10.508657,,
2013-03-27,10.49498,,
2013-03-28,10.479864,,
2013-03-29,10.463325,,
2013-03-30,10.445377,,
2013-03-31,10.42604,,
2013-04-01,10.405329,0.093568526,
2013-04-02,10.383264,,
2013-04-03,10.359865,,
2013-04-04,10.335153,,
2013-04-05,10.309151,,
2013-04-06,10.28188,,
2013-04-07,10.253366,,
2013-04-08,10.223635,,
2013-04-09,10.192711,,
2013-04-10,10.160624,,
2013-04-11,10.127399,,
2013-04-12,10.093069,,
2013-04-13,10.057664,,
2013-04-14,10.021214,,
2013-04-15,9.983752,,0.3977443
2013-04-16,9.9453125,,
2013-04-17,9.90593,,
2013-04-18,9.86564,,
2013-04-19,9.824477,,
2013-04-20,9.782482,,
2013-04-21,9.739691,,
2013-04-22,9.696141,,
2013-04-23,9.651875,,
2013-04-24,9.606928,,
2013-04-25,9.561344,,
2013-04-26,9.5151615,,
2013-04-27,9.468423,,
2013-04-28,9.421169,,
2013-04-29,9.373442,,
2013-04-30,9.325284,,
2013-05-01,9.276737,0.06472899,
2013-05-02,9.227845,,
2013-05-03,9.17865,,
2013-05-04,9.129194,,
2013-05-05,9.079522,,
2013-05-06,9.029673,,
2013-05-07,8.97969,,
2013-05-08,8.929614,,
2013-05-09,8.879484,,
2013-05-10,8.829341,,
2013-05-11,8.779222,,
2013-05-12,8.729163,,
2013-05-13,8.679203,,
2013-05-14,8.629374,,
2013-05-15,8.57971,,0.3782913
2013-05-16,8.530244,,
2013-05-17,8.481006,,
2013-05-18,8.432026,,
2013-05-19,8.383333,,
2013-05-20,8.334954,,
2013-05-21,8.286917,,
2013-05-22,8.239245,,
2013-05-23,8.191965,,
2013-05-24,8.145099,,
2013-05-25,8.098669,,
2013-05-26,8.0527,,
2013-05-27,8.007213,,
2013-05-28,7.9622283,,
2013-05-29,7.917768,,
2013-05-30,7.873853,,
2013-05-31,7.830504,,
2013-06-01,7.78774,0.053404715,
2013-06-02,7.7455826,,
2013-06-03,7.7040505,,
2013-06-04,7.6631637,,
2013-06-05,7.622941,,
2013-06-06,7.5834017,,
2013-06-07,7.544564,,
2013-06-08,7.5064454,,
2013-06-09,7.4690647,,
2013-06-10,7.432438,,
2013-06-11,7.396582,,
2013-06-12,7.3615127,,
2013-06-13,7.3272457,,
2013-06-14,7.293795,,
2013-06-15,7.2611756,,-0.51162374
2013-06-16,7.229399,,
2013-06-17,7.198479,,
2013-06-18,7.168426,,
2013-06-19,7.1392503,,
2013-06-20,7.1109624,,
2013-06-21,7.0835695,,
2013-06-22,7.0570803,,
2013-06-23,7.031501,,
2013-06-24,7.0068364,,
2013-06-25,6.983091,,
2013-06-26,6.9602666,,
2013-06-27,6.938366,,
2013-06-28,6.9173875,,
2013-06-29,6.8973308,,
2013-06-30,6.8781915,,
2013-07-01,6.859966,0.047424134,
2013-07-02,6.842646,,
2013-07-03,6.8262243,,
2013-07-04,6.810691,,
2013-07-05,6.7960334,,
2013-07-06,6.7822394,,
2013-07-07,6.769293,,
2013-07-08,6.757179,,
2013-07-09,6.7458787,,
2013-07-10,6.735375,,
2013-07-11,6.725647,,
2013-07-12,6.716675,,
2013-07-13,6.7084365,,
2013-07-14,6.7009106,,
2013-07-15,6.6940746,,-0.032990396
2013-07-16,6.687906,,
2013-07-17,6.682381,,
2013-07-18,6.677477,,
2013-07-19,6.67317,,
2013-07-20,6.669437,,
2013-07-21,6.666254,,
2013-07-22,6.6635976,,
2013-07-23,6.661445,,
2013-07-24,6.659773,,
2013-07-25,6.658558,,
2013-07-26,6.657777,,
2013-07-27,6.6574073,,
2013-07-28,6.657425,,
2013-07-29,6.6578064,,
2013-07-30,6.6585283,,
2013-07-31,6.6595654,,
2013-08-01,6.660894,0.04242428,
2013-08-02,6.662488,,
2013-08-03,6.6643214,,
2013-08-04,6.666369,,
2013-08-05,6.668602,,
2013-08-06,6.670994,,
2013-08-07,6.673515,,
2013-08-08,6.6761374,,
2013-08-09,6.678831,,
2013-08-10,6.681566,,
2013-08-11,6.684313,,
2013-08-12,6.6870394,,
2013-08-13,6.689716,,
2013-08-14,6.6923103,,
2013-08-15,6.6947927,,0.18334275
2013-08-16,6.697132,,
2013-08-17,6.6992984,,
2013-08-18,6.7012615,,
2013-08-19,6.7029924,,
2013-08-20,6.704463,,
2013-08-21,6.705646,,
2013-08-22,6.7065144,,
2013-08-23,6.7070436,,
2013-08-24,6.7072096,,
2013-08-25,6.706989,,
2013-08-26,6.7063603,,
2013-08-27,6.7053046,,
2013-08-28,6.703802,,
2013-08-29,6.7018356,,
2013-08-30,6.69939,,
2013-08-31,6.6964498,,
2013-09-01,6.6930027,0.045072768,
2013-09-02,6.689036,,
2013-09-03,6.6845403,,
2013-09-04,6.679506,,
2013-09-05,6.6739254,,
2013-09-06,6.667793,,
2013-09-07,6.661103,,
2013-09-08,6.6538525,,
2013-09-09,6.6460395,,
2013-09-10,6.6376634,,
2013-09-11,6.628725,,
2013-09-12,6.6192274,,
2013-09-13,6.609175,,
2013-09-14,6.598573,,
2013-09-15,6.587429,,0.14877322
2013-09-16,6.5757523,,
2013-09-17,6.5635524,,
2013-09-18,6.5508413,,
2013-09-19,6.537633,,
2013-09-20,6.523941,,
2013-09-21,6.5097823,,
2013-09-22,6.4951725,,
2013-09-23,6.4801297,,
2013-09-24,6.4646726,,
2013-09-25,6.4488196,,
2013-09-26,6.4325914,,
2013-09-27,6.416008,,
2013-09-28,6.3990903,,
2013-09-29,6.381859,,
2013-09-30,6.3643355,,
2013-10-01,6.3465414,0.051595155,
2013-10-02,6.3284984,,
2013-10-03,6.310228,,
2013-10-04,6.291752,,
2013-10-05,6.2730923,,
2013-10-06,6.254271,,
2013-10-07,6.235309,,
2013-10-08,6.216228,,
2013-10-09,6.1970496,,
2013-10-10,6.177795,,
2013-10-11,6.1584845,,
2013-10-12,6.139139,,
2013-10-13,6.1197796,,
2013-10-14,6.1004252,,
2013-10-15,6.0810966,,0.32863563
2013-10-16,6.0618124,,
2013-10-17,6.042592,,
2013-10-18,6.023453,,
2013-10-19,6.004414,,
2013-10-20,5.985492,,
2013-10-21,5.966704,,
2013-10-22,5.948065,,
2013-10-23,5.9295917,,
2013-10-24,5.9112983,,
2013-10-25,5.8932004,,
2013-10-26,5.875312,,
2013-10-27,5.8576465,,
2013-10-28,5.840218,,
2013-10-29,5.8230405,,
2013-10-30,5.8061275,,
2013-10-31,5.7894917,,
2013-11-01,5.773147,0.06370073,
2013-11-02,5.7571073,,
2013-11-03,5.7413855,,
2013-11-04,5.725996,,
2013-11-05,5.7109523,,
2013-11-06,5.6962686,,
2013-11-07,5.681959,,
2013-11-08,5.668039,,
2013-11-09,5.654522,,
2013-11-10,5.6414237,,
2013-11-11,5.628759,,
2013-11-12,5.6165423,,
2013-11-13,5.6047897,,
2013-11-14,5.593516,,
2013-11-15,5.5827355,,0.5554593
2013-11-16,5.572464,,
2013-11-17,5.562715,,
2013-11-18,5.553503,,
2013-11-19,5.5448422,,
2013-11-20,5.536745,,
2013-11-21,5.529225,,
2013-11-22,5.5222936,,
2013-11-23,5.515963,,
2013-11-24,5.510243,,
2013-11-25,5.5051436,,
2013-11-26,5.500674,,
2013-11-27,5.4968414,,
2013-11-28,5.4936543,,
2013-11-29,5.4911175,,
2013-11-30,5.489237,,
2013-12-01,5.4880166,0.09620308,
2013-12-02,5.4874597,,
2013-12-03,5.487569,,
2013-12-04,5.488344,,
2013-12-05,5.489787,,
2013-12-06,5.491895,,
2013-12-07,5.494667,,
2013-12-08,5.4981,,
2013-12-09,5.5021887,,
2013-12-10,5.506928,,
2013-12-11,5.512311,,
2013-12-12,5.51833,,
2013-12-13,5.524976,,
2013-12-14,5.532238,,
2013-12-15,5.540105,,0.06258676
2013-12-16,5.5485635,,
2013-12-17,5.557601,,
2013-12-18,5.5672016,,
2013-12-19,5.5773497,,
2013-12-20,5.588028,,
2013-12-21,5.599219,,
2013-12-22,5.6109033,,
2013-12-23,5.623061,,
2013-12-24,5.635672,,
2013-12-25,5.6487155,,
2013-12-26,5.662168,,
2013-12-27,5.6760077,,
2013-12-28,5.6902113,,
2013-12-29,5.7047544,,
2013-12-30,5.719613,,
2013-12-31,5.7347627,,
2014-01-01,5.7501783,0.113727994,
2014-01-02,5.7658343,,
2014-01-03,5.7817054,,
2014-01-04,5.797766,,
2014-01-05,5.813991,,
2014-01-06,5.8303537,,
2014-01-07,5.8468294,,
2014-01-08,5.863392,,
2014-01-09,5.880016,,
2014-01-10,5.896676,,
2014-01-11,5.9133477,,
2014-01-12,5.9300065,,
2014-01-13,5.9466276,,
2014-01-14,5.9631867,,
2014-01-15,5.9796615,,0.47817904
2014-01-16,5.996028,,
2014-01-17,6.0122633,,
2014-01-18,6.028346,,
2014-01-19,6.044254,,
2014-01-20,6.059965,,
2014-01-21,6.0754595,,
2014-01-22,6.0907164,,
2014-01-23,6.105716,,
2014-01-24,6.1204405,,
2014-01-25,6.1348696,,
2014-01-26,6.1489863,,
2014-01-27,6.1627736,,
2014-01-28,6.1762147,,
2014-01-29,6.189294,,
2014-01-30,6.2019963,,
2014-01-31,6.214308,,
2014-02-01,6.226215,0.12476075,
2014-02-02,6.237705,,
2014-02-03,6.2487674,,
2014-02-04,6.2593913,,
2014-02-05,6.2695665,,
2014-02-06,6.279286,,
2014-02-07,6.288541,,
2014-02-08,6.2973256,,
2014-02-09,6.305635,,
2014-02-10,6.313464,,
2014-02-11,6.32081,,
2014-02-12,6.32767,,
2014-02-13,6.3340425,,
2014-02-14,6.3399267,,
2014-02-15,6.3453226,,0.5789205
2014-02-16,6.3502316,,
2014-02-17,6.3546553,,
2014-02-18,6.3585963,,
2014-02-19,6.362058,,
2014-02-20,6.3650446,,
2014-02-21,6.367561,,
2014-02-22,6.369612,,
2014-02-23,6.371206,,
2014-02-24,6.3723483,,
2014-02-25,6.3730483,,
2014-02-26,6.373314,,
2014-02-27,6.373155,,
2014-02-28,6.3725815,,
2014-03-01,6.371604,0.10002508,
2014-03-02,6.370234,,
2014-03-03,6.3684835,,
2014-03-04,6.3663654,,
2014-03-05,6.3638926,,
2014-03-06,6.3610787,,
2014-03-07,6.3579383,,
2014-03-08,6.3544855,,
2014-03-09,6.350736,,
2014-03-10,6.3467054,,
2014-03-11,6.342409,,
2014-03-12,6.3378644,,
2014-03-13,6.3330874,,
2014-03-14,6.328095,,
2014-03-15,6.3229046,,0.5623667
2014-03-16,6.3175344,,
2014-03-17,6.3120027,,
2014-03-18,6.306327,,
2014-03-19,6.300527,,
2014-03-20,6.294622,,
2014-03-21,6.2886314,,
2014-03-22,6.282575,,
2014-03-23,6.2764735,,
2014-03-24,6.2703466,,
2014-03-25,6.2642164,,
2014-03-26,6.258104,,
2014-03-27,6.2520304,,
2014-03-28,6.2460184,,
2014-03-29,6.240091,,
2014-03-30,6.234271,,
2014-03-31,6.228583,,
2014-04-01,6.223051,0.06446145,
2014-04-02,6.2176995,,
2014-04-03,6.212554,,
2014-04-04,6.207639,,
2014-04-05,6.202981,,
2014-04-06,6.1986046,,
2014-04-07,6.194535,,
2014-04-08,6.190797,,
2014-04-09,6.187415,,
2014-04-10,6.1844134,,
2014-04-11,6.181815,,
2014-04-12,6.1796427,,
2014-04-13,6.1779175,,
2014-04-14,6.17666,,
2014-04-15,6.1758904,,0.7604198
2014-04-16,6.1756277,,
2014-04-17,6.1758885,,
2014-04-18,6.1766896,,
2014-04-19,6.1780467,,
2014-04-20,6.1799746,,
2014-04-21,6.1824865,,
2014-04-22,6.185595,,
2014-04-23,6.1893125,,
2014-04-24,6.19365,,
2014-04-25,6.1986175,,
2014-04-26,6.2042246,,
2014-04-27,6.21048,,
2014-04-28,6.217392,,
2014-04-29,6.224967,,
2014-04-30,6.2332115,,
2014-05-01,6.242131,0.05192976,
2014-05-02,6.2517314,,
2014-05-03,6.262015,,
2014-05-04,6.272986,,
2014-05-05,6.284646,,
2014-05-06,6.2969966,,
2014-05-07,6.3100395,,
2014-05-08,6.323774,,
2014-05-09,6.338199,,
2014-05-10,6.3533134,,
2014-05-11,6.3691154,,
2014-05-12,6.385601,,
2014-05-13,6.4027667,,
2014-05-14,6.4206085,,
2014-05-15,6.4391203,,0.2321437
2014-05-16,6.458296,,
2014-05-17,6.4781275,,
2014-05-18,6.498608,,
2014-05-19,6.5197287,,
2014-05-20,6.541478,,
2014-05-21,6.5638466,,
2014-05-22,6.586822,,
2014-05-23,6.6103916,,
2014-05-24,6.6345425,,
2014-05-25,6.6592593,,
2014-05-26,6.6845274,,
2014-05-27,6.7103305,,
2014-05-28,6.736651,,
2014-05-29,6.7634706,,
2014-05-30,6.7907705,,
2014-05-31,6.81853,,
2014-06-01,6.8467293,0.048097324,
2014-06-02,6.8753457,,
2014-06-03,6.9043574,,
2014-06-04,6.9337406,,
2014-06-05,6.963472,,
2014-06-06,6.9935265,,
2014-06-07,7.0238795,,
2014-06-08,7.054506,,
2014-06-09,7.085379,,
2014-06-10,7.116473,,
2014-06-11,7.147762,,
2014-06-12,7.1792192,,
2014-06-13,7.2108183,,
2014-06-14,7.2425327,,
2014-06-15,7.2743363,,0.13737445
2014-06-16,7.3062034,,
2014-06-17,7.338108,,
2014-06-18,7.3700247,,
2014-06-19,7.401929,,
2014-06-20,7.4337964,,
2014-06-21,7.465604,,
2014-06-22,7.497328,,
2014-06-23,7.528947,,
2014-06-24,7.560439,,
2014-06-25,7.591785,,
2014-06-26,7.622964,,
2014-06-27,7.653959,,
2014-06-28,7.6847515,,
2014-06-29,7.7153263,,
2014-06-30,7.745668,,
2014-07-01,7.7757626,0.045173142,
2014-07-02,7.8055973,,
2014-07-03,7.8351607,,
2014-07-04,7.8644414,,
2014-07-05,7.8934307,,
2014-07-06,7.922119,,
2014-07-07,7.9504986,,
2014-07-08,7.978562,,
2014-07-09,8.006303,,
2014-07-10,8.033715,,
2014-07-11,8.060794,,
2014-07-12,8.087533,,
2014-07-13,8.113929,,
2014-07-14,8.139977,,
2014-07-15,8.165674,,-0.338993
2014-07-16,8.191017,,
2014-07-17,8.2160015,,
2014-07-18,8.240625,,
2014-07-19,8.264887,,
2014-07-20,8.288783,,
2014-07-21,8.312313,,
2014-07-22,8.335475,,
2014-07-23,8.358267,,
2014-07-24,8.380688,,
2014-07-25,8.402737,,
2014-07-26,8.424411,,
2014-07-27,8.44571,,
2014-07-28,8.466634,,
2014-07-29,8.487179,,
2014-07-30,8.507344,,
2014-07-31,8.527128,,
2014-08-01,8.546528,0.043071285,
2014-08-02,8.565541,,
2014-08-03,8.584165,,
2014-08-04,8.602395,,
2014-08-05,8.620228,,
2014-08-06,8.637661,,
2014-08-07,8.654688,,
2014-08-08,8.671305,,
2014-08-09,8.687507,,
2014-08-10,8.703288,,
2014-08-11,8.718643,,
2014-08-12,8.733568,,
2014-08-13,8.748057,,
2014-08-14,8.762106,,
2014-08-15,8.775708,,-0.12561211
2014-08-16,8.788861,,
2014-08-17,8.80156,,
2014-08-18,8.813802,,
2014-08-19,8.825582,,
2014-08-20,8.836896,,
2014-08-21,8.847743,,
2014-08-22,8.858117,,
2014-08-23,8.868017,,
2014-08-24,8.877439,,
2014-08-25,8.886377,,
2014-08-26,8.89483,,
2014-08-27,8.902791,,
2014-08-28,8.910256,,
2014-08-29,8.917221,,
2014-08-30,8.923678,,
2014-08-31,8.929624,,
2014-09-01,8.93505,0.043970175,
2014-09-02,8.939952,,
2014-09-03,8.944322,,
2014-09-04,8.948154,,
2014-09-05,8.951442,,
2014-09-06,8.95418,,
2014-09-07,8.956362,,
2014-09-08,8.957981,,
2014-09-09,8.959034,,
2014-09-10,8.959515,,
2014-09-11,8.959417,,
2014-09-12,8.958739,,
2014-09-13,8.957476,,
2014-09-14,8.955623,,
2014-09-15,8.953177,,0.5603673
2014-09-16,8.950135,,
2014-09-17,8.946494,,
2014-09-18,8.94225,,
2014-09-19,8.9374,,
2014-09-20,8.93194,,
2014-09-21,8.925867,,
2014-09-22,8.919177,,
2014-09-23,8.911867,,
2014-09-24,8.903932,,
2014-09-25,8.895368,,
2014-09-26,8.886171,,
2014-09-27,8.876338,,
2014-09-28,8.865864,,
2014-09-29,8.854744,,
2014-09-30,8.842976,,
2014-10-01,8.830553,0.051099114,
2014-10-02,8.817474,,
2014-10-03,8.803734,,
2014-10-04,8.7893305,,
2014-10-05,8.77426,,
2014-10-06,8.758519,,
2014-10-07,8.742106,,
2014-10-08,8.72502,,
2014-10-09,8.707259,,
2014-10-10,8.688824,,
2014-10-11,8.669712,,
2014-10-12,8.649925,,
2014-10-13,8.629464,,
2014-10-14,8.60833,,
2014-10-15,8.586525,,0.679011
2014-10-16,8.564052,,
2014-10-17,8.540913,,
2014-10-18,8.517113,,
2014-10-19,8.492656,,
2014-10-20,8.467545,,
2014-10-21,8.441785,,
2014-10-22,8.415383,,
2014-10-23,8.388343,,
2014-10-24,8.360671,,
2014-10-25,8.332372,,
2014-10-26,8.3034525,,
2014-10-27,8.273917,,
2014-10-28,8.2437725,,
2014-10-29,8.213023,,
2014-10-30,8.181674,,
2014-10-31,8.149729,,
2014-11-01,8.117194,0.06924905,
2014-11-02,8.084072,,
2014-11-03,8.050367,,
2014-11-04,8.016082,,
2014-11-05,7.981219,,
2014-11-06,7.9457803,,
2014-11-07,7.909769,,
2014-11-08,7.8731866,,
2014-11-09,7.8360353,,
2014-11-10,7.7983155,,
2014-11-11,7.7600303,,
2014-11-12,7.721181,,
2014-11-13,7.68177,,
2014-11-14,7.6417994,,
2014-11-15,7.601272,,0.5008455
2014-11-16,7.560191,,
2014-11-17,7.518562,,
2014-11-18,7.476387,,
2014-11-19,7.4336734,,
2014-11-20,7.390426,,
2014-11-21,7.3466516,,
2014-11-22,7.302357,,
2014-11-23,7.2575507,,
2014-11-24,7.212241,,
2014-11-25,7.166437,,
2014-11-26,7.1201487,,
2014-11-27,7.073386,,
2014-11-28,7.026161,,
2014-11-29,6.978485,,
2014-11-30,6.9303703,,
2014-12-01,6.88183,0.08819043,
2014-12-02,6.832878,,
2014-12-03,6.7835293,,
2014-12-04,6.733798,,
2014-12-05,6.6837015,,
2014-12-06,6.6332555,,
2014-12-07,6.5824776,,
2014-12-08,6.5313864,,
2014-12-09,6.48,,
2014-12-10,6.428338,,
2014-12-11,6.3764205,,
2014-12-12,6.324268,,
2014-12-13,6.2719016,,
2014-12-14,6.2193437,,
2014-12-15,6.1666155,,0.86339706
2014-12-16,6.113741,,
2014-12-17,6.0607424,,
2014-12-18,6.007643,,
2014-12-19,5.954468,,
2014-12-20,5.90124,,
2014-12-21,5.847984,,
2014-12-22,5.7947245,,
2014-12-23,5.7414856,,
2014-12-24,5.688293,,
2014-12-25,5.6351705,,
2014-12-26,5.5821433,,
2014-12-27,5.5292363,,
2014-12-28,5.4764743,,
2014-12-29,5.4238825,,
2014-12-30,5.371485,,
2014-12-31,5.319308,,
2015-01-01,5.267374,0.13284153,
2015-01-02,5.2157097,,
2015-01-03,5.1643386,,
2015-01-04,5.1132846,,
2015-01-05,5.0625725,,
2015-01-06,5.0122256,,
2015-01-07,4.9622674,,
2015-01-08,4.912721,,
2015-01-09,4.86361,,
2015-01-10,4.8149557,,
2015-01-11,4.766781,,
2015-01-12,4.7191076,,
2015-01-13,4.6719565,,
2015-01-14,4.6253486,,
2015-01-15,4.579304,,0.39890537
2015-01-16,4.533843,,
2015-01-17,4.4889836,,
2015-01-18,4.4447455,,
2015-01-19,4.401146,,
2015-01-20,4.3582025,,
2015-01-21,4.3159323,,
2015-01-22,4.274351,,
2015-01-23,4.2334747,,
2015-01-24,4.193318,,
2015-01-25,4.153895,,
2015-01-26,4.11522,,
2015-01-27,4.077306,,
2015-01-28,4.040165,,
2015-01-29,4.0038104,,
2015-01-30,3.968253,,
2015-01-31,3.9335039,,
2015-02-01,3.8995736,0.14111935,
2015-02-02,3.866472,,
2015-02-03,3.8342083,,
2015-02-04,3.802791,,
2015-02-05,3.7722287,,
2015-02-06,3.7425287,,
2015-02-07,3.713698,,
2015-02-08,3.6857429,,
2015-02-09,3.6586692,,
2015-02-10,3.6324823,,
2015-02-11,3.6071868,,
2015-02-12,3.5827866,,
2015-02-13,3.5592852,,
2015-02-14,3.5366852,,
2015-02-15,3.5149891,,0.16822836
2015-02-16,3.4941988,,
2015-02-17,3.474315,,
2015-02-18,3.4553382,,
2015-02-19,3.4372685,,
2015-02-20,3.4201055,,
2015-02-21,3.4038482,,
2015-02-22,3.388495,,
2015-02-23,3.3740442,,
2015-02-24,3.3604934,,
2015-02-25,3.3478403,,
2015-02-26,3.3360817,,
2015-02-27,3.3252149,,
2015-02-28,3.3152363,,
2015-03-01,3.3061423,0.1270653,
2015-03-02,3.2979293,,
2015-03-03,3.290593,,
2015-03-04,3.2841296,,
2015-03-05,3.2785347,,
2015-03-06,3.2738037,,
2015-03-07,3.2699325,,
2015-03-08,3.2669158,,
2015-03-09,3.2647488,,
2015-03-10,3.2634263,,
2015-03-11,3.2629428,,
2015-03-12,3.2632923,,
2015-03-13,3.264469,,
2015-03-14,3.2664669,,
2015-03-15,3.269279,,0.03452636
2015-03-16,3.2728987,,
2015-03-17,3.2773187,,
2015-03-18,3.2825315,,
2015-03-19,3.2885296,,
2015-03-20,3.2953045,,
2015-03-21,3.3028483,,
2015-03-22,3.3111517,,
2015-03-23,3.3202062,,
2015-03-24,3.3300023,,
2015-03-25,3.3405304,,
2015-03-26,3.3517807,,
2015-03-27,3.3637424,,
2015-03-28,3.3764055,,
2015-03-29,3.389759,,
2015-03-30,3.403792,,
2015-03-31,3.418493,,
2015-04-01,3.433851,0.08780883,
2015-04-02,3.4498549,,
2015-04-03,3.4664931,,
2015-04-04,3.4837546,,
2015-04-05,3.5016277,,
2015-04-06,3.5201013,,
2015-04-07,3.5391643,,
2015-04-08,3.5588055,,
2015-04-09,3.579014,,
2015-04-10,3.599779,,
2015-04-11,3.6210892,,
2015-04-12,3.6429343,,
2015-04-13,3.665304,,
2015-04-14,3.6881874,,
2015-04-15,3.711574,,0.09765646
2015-04-16,3.7354536,,
2015-04-17,3.7598157,,
2015-04-18,3.78465,,
2015-04-19,3.809946,,
2015-04-20,3.8356936,,
2015-04-21,3.8618822,,
2015-04-22,3.8885012,,
2015-04-23,3.9155405,,
2015-04-24,3.9429898,,
2015-04-25,3.9708385,,
2015-04-26,3.999077,,
2015-04-27,4.027695,,
2015-04-28,4.056683,,
2015-04-29,4.086031,,
2015-04-30,4.11573,,
2015-05-01,4.1457705,0.056592934,
2015-05-02,4.176144,,
2015-05-03,4.2068424,,
2015-05-04,4.2378573,,
2015-05-05,4.2691813,,
2015-05-06,4.3008075,,
2015-05-07,4.33273,,
2015-05-08,4.364942,,
2015-05-09,4.397439,,
2015-05-10,4.4302163,,
2015-05-11,4.463269,,
2015-05-12,4.4965944,,
2015-05-13,4.5301886,,
2015-05-14,4.5640492,,
2015-05-15,4.598173,,0.58141553
2015-05-16,4.6325593,,
2015-05-17,4.6672053,,
2015-05-18,4.702109,,
2015-05-19,4.7372694,,
2015-05-20,4.772684,,
2015-05-21,4.808352,,
2015-05-22,4.84427,,
2015-05-23,4.8804374,,
2015-05-24,4.9168506,,
2015-05-25,4.9535065,,
2015-05-26,4.990402,,
2015-05-27,5.0275335,,
2015-05-28,5.064896,,
2015-05-29,5.102485,,
2015-05-30,5.140296,,
2015-05-31,5.178323,,
2015-06-01,5.21656,0.05073126,
2015-06-02,5.255001,,
2015-06-03,5.29364,,
2015-06-04,5.3324704,,
2015-06-05,5.3714848,,
2015-06-06,5.410676,,
2015-06-07,5.450038,,
2015-06-08,5.489562,,
2015-06-09,5.5292416,,
2015-06-10,5.5690684,,
2015-06-11,5.609035,,
2015-06-12,5.6491327,,
2015-06-13,5.689354,,
2015-06-14,5.72969,,
2015-06-15,5.7701316,,0.31939864
2015-06-16,5.8106704,,
2015-06-17,5.8512964,,
2015-06-18,5.8920007,,
2015-06-19,5.932772,,
2015-06-20,5.973601,,
2015-06-21,6.0144753,,
2015-06-22,6.055383,,
2015-06-23,6.096314,,
2015-06-24,6.137254,,
2015-06-25,6.1781917,,
2015-06-26,6.2191133,,
2015-06-27,6.2600064,,
2015-06-28,6.300858,,
2015-06-29,6.3416543,,
2015-06-30,6.382382,,
2015-07-01,6.423028,0.04546138,
2015-07-02,6.463578,,
2015-07-03,6.5040193,,
2015-07-04,6.5443373,,
2015-07-05,6.5845175,,
2015-07-06,6.6245456,,
2015-07-07,6.6644073,,
2015-07-08,6.7040863,,
2015-07-09,6.7435665,,
2015-07-10,6.782832,,
2015-07-11,6.821865,,
2015-07-12,6.8606486,,
2015-07-13,6.8991632,,
2015-07-14,6.937391,,
2015-07-15,6.9753118,,0.99426305
2015-07-16,7.0129056,,
2015-07-17,7.050153,,
2015-07-18,7.087033,,
2015-07-19,7.123524,,
2015-07-20,7.1596074,,
2015-07-21,7.195261,,
2015-07-22,7.230466,,
2015-07-23,7.2652025,,
2015-07-24,7.2994514,,
2015-07-25,7.3331947,,
2015-07-26,7.3664145,,
2015-07-27,7.3990946,,
2015-07-28,7.431218,,
2015-07-29,7.462772,,
2015-07-30,7.4937406,,
2015-07-31,7.5241127,,
2015-08-01,7.553876,0.042798597,
2015-08-02,7.58302,,
2015-08-03,7.611535,,
2015-08-04,7.639412,,
2015-08-05,7.666643,,
2015-08-06,7.6932216,,
2015-08-07,7.7191405,,
2015-08-08,7.7443953,,
2015-08-09,7.7689795,,
2015-08-10,7.7928886,,
2015-08-11,7.816118,,
2015-08-12,7.8386617,,
2015-08-13,7.860515,,
2015-08-14,7.881673,,
2015-08-15,7.9021297,,0.9741914
2015-08-16,7.92188,,
2015-08-17,7.9409165,,
2015-08-18,7.959234,,
2015-08-19,7.976825,,
2015-08-20,7.993684,,
2015-08-21,8.009803,,
2015-08-22,8.025176,,
2015-08-23,8.039798,,
2015-08-24,8.053663,,
2015-08-25,8.066766,,
2015-08-26,8.0791025,,
2015-08-27,8.09067,,
2015-08-28,8.101466,,
2015-08-29,8.111489,,
2015-08-30,8.12074,,
2015-08-31,8.129218,,
2015-09-01,8.136926,0.04667045,
2015-09-02,8.143867,,
2015-09-03,8.1500435,,
2015-09-04,8.155461,,
2015-09-05,8.160125,,
2015-09-06,8.16404,,
2015-09-07,8.167213,,
2015-09-08,8.169653,,
2015-09-09,8.171366,,
2015-09-10,8.17236,,
2015-09-11,8.1726465,,
2015-09-12,8.172232,,
2015-09-13,8.171127,,
2015-09-14,8.169344,,
2015-09-15,8.166894,,0.7335448
2015-09-16,8.163787,,
2015-09-17,8.160038,,
2015-09-18,8.15566,,
2015-09-19,8.150666,,
2015-09-20,8.145073,,
2015-09-21,8.138896,,
2015-09-22,8.1321535,,
2015-09-23,8.124863,,
2015-09-24,8.1170435,,
2015-09-25,8.108716,,
2015-09-26,8.099902,,
2015-09-27,8.090624,,
2015-09-28,8.080905,,
2015-09-29,8.07077,,
2015-09-30,8.060245,,
2015-10-01,8.049355,0.056693498,
2015-10-02,8.038128,,
2015-10-03,8.026592,,
2015-10-04,8.014775,,
2015-10-05,8.002707,,
2015-10-06,7.990414,,
2015-10-07,7.9779277,,
2015-10-08,7.9652767,,
2015-10-09,7.9524894,,
2015-10-10,7.9395947,,
2015-10-11,7.9266205,,
2015-10-12,7.9135947,,
2015-10-13,7.9005437,,
2015-10-14,7.887494,,
2015-10-15,7.874471,,0.4656052
2015-10-16,7.8615,,
2015-10-17,7.8486037,,
2015-10-18,7.835807,,
2015-10-19,7.823132,,
2015-10-20,7.8106017,,
2015-10-21,7.7982388,,
2015-10-22,7.786064,,
2015-10-23,7.7741,,
2015-10-24,7.7623672,,
2015-10-25,7.750889,,
2015-10-26,7.739685,,
2015-10-27,7.728778,,
2015-10-28,7.7181892,,
2015-10-29,7.707941,,
2015-10-30,7.698055,,
2015-10-31,7.688553,,
2015-11-01,7.6794567,0.067990616,
2015-11-02,7.670789,,
2015-11-03,7.6625695,,
2015-11-04,7.654821,,
2015-11-05,7.647564,,
2015-11-06,7.640818,,
2015-11-07,7.6346035,,
2015-11-08,7.6289387,,
2015-11-09,7.6238403,,
2015-11-10,7.619326,,
2015-11-11,7.615411,,
2015-11-12,7.612109,,
2015-11-13,7.6094337,,
2015-11-14,7.607396,,
2015-11-15,7.6060076,,0.4758312
2015-11-16,7.605277,,
2015-11-17,7.6052127,,
2015-11-18,7.60582,,
2015-11-19,7.607106,,
2015-11-20,7.6090746,,
2015-11-21,7.611728,,
2015-11-22,7.6150694,,
2015-11-23,7.619099,,
2015-11-24,7.623819,,
2015-11-25,7.629226,,
2015-11-26,7.635321,,
2015-11-27,7.642101,,
2015-11-28,7.649562,,
2015-11-29,7.6577005,,
2015-11-30,7.666512,,
2015-12-01,7.675991,0.08691186,
2015-12-02,7.6861305,,
2015-12-03,7.6969233,,
2015-12-04,7.708361,,
2015-12-05,7.7204356,,
2015-12-06,7.733136,,
2015-12-07,7.7464533,,
2015-12-08,7.760375,,
2015-12-09,7.7748904,,
2015-12-10,7.789987,,
2015-12-11,7.805652,,
2015-12-12,7.821872,,
2015-12-13,7.838634,,
2015-12-14,7.855922,,
2015-12-15,7.873723,,0.54974055
2015-12-16,7.89202,,
2015-12-17,7.9107985,,
2015-12-18,7.930042,,
2015-12-19,7.9497323,,
2015-12-20,7.969853,,
2015-12-21,7.990386,,
2015-12-22,8.0113125,,
2015-12-23,8.032615,,
2015-12-24,8.054272,,
2015-12-25,8.076264,,
2015-12-26,8.098573,,
2015-12-27,8.121176,,
2015-12-28,8.144052,,
2015-12-29,8.167178,,
2015-12-30,8.190534,,
2015-12-31,8.214096,,
2016-01-01,8.237842,0.123756185,
2016-01-02,8.261747,,
2016-01-03,8.2857895,,
2016-01-04,8.309944,,
2016-01-05,8.334189,,
2016-01-06,8.358501,,
2016-01-07,8.382855,,
2016-01-08,8.407229,,
2016-01-09,8.431601,,
2016-01-10,8.455945,,
2016-01-11,8.480242,,
2016-01-12,8.504468,,
2016-01-13,8.528603,,
2016-01-14,8.552625,,
2016-01-15,8.576513,,0.71890545
2016-01-16,8.600248,,
2016-01-17,8.623811,,
2016-01-18,8.647182,,
2016-01-19,8.670344,,
2016-01-20,8.693278,,
2016-01-21,8.715967,,
2016-01-22,8.738395,,
2016-01-23,8.760545,,
2016-01-24,8.782401,,
2016-01-25,8.803947,,
2016-01-26,8.82517,,
2016-01-27,8.846052,,
2016-01-28,8.866581,,
2016-01-29,8.886741,,
2016-01-30,8.906518,,
2016-01-31,8.9258995,,
2016-02-01,8.944871,0.11640849,
2016-02-02,8.96342,,
2016-02-03,8.981534,,
2016-02-04,8.999201,,
2016-02-05,9.016408,,
2016-02-06,9.033144,,
2016-02-07,9.049399,,
2016-02-08,9.065164,,
2016-02-09,9.080426,,
2016-02-10,9.095178,,
2016-02-11,9.109411,,
2016-02-12,9.123117,,
2016-02-13,9.1362915,,
2016-02-14,9.148927,,
2016-02-15,9.161016,,0.7192968
2016-02-16,9.172559,,
2016-02-17,9.183548,,
2016-02-18,9.193982,,
2016-02-19,9.203858,,
2016-02-20,9.213176,,
2016-02-21,9.221933,,
2016-02-22,9.230132,,
2016-02-23,9.23777,,
2016-02-24,9.24485,,
2016-02-25,9.251373,,
2016-02-26,9.25734,,
2016-02-27,9.262756,,
2016-02-28,9.267621,,
2016-02-29,9.27194,,
2016-03-01,9.275717,0.10153781,
2016-03-02,9.2789545,,
2016-03-03,9.281658,,
2016-03-04,9.283832,,
2016-03-05,9.285481,,
2016-03-06,9.286612,,
2016-03-07,9.287228,,
2016-03-08,9.287336,,
2016-03-09,9.286943,,
2016-03-10,9.2860565,,
2016-03-11,9.284682,,
2016-03-12,9.282827,,
2016-03-13,9.280501,,
2016-03-14,9.277711,,
2016-03-15,9.274465,,0.6593832
2016-03-16,9.270772,,
2016-03-17,9.266643,,
2016-03-18,9.262087,,
2016-03-19,9.257113,,
2016-03-20,9.251733,,
2016-03-21,9.245956,,
2016-03-22,9.239795,,
2016-03-23,9.23326,,
2016-03-24,9.226365,,
2016-03-25,9.21912,,
2016-03-26,9.211539,,
2016-03-27,9.203634,,
2016-03-28,9.195419,,
2016-03-29,9.186908,,
2016-03-30,9.178112,,
2016-03-31,9.169046,,
2016-04-01,9.159724,0.06624408,
2016-04-02,9.150158,,
2016-04-03,9.140363,,
2016-04-04,9.13035,,
2016-04-05,9.120135,,
2016-04-06,9.10973,,
2016-04-07,9.099147,,
2016-04-08,9.088402,,
2016-04-09,9.077506,,
2016-04-10,9.066473,,
2016-04-11,9.055316,,
2016-04-12,9.044047,,
2016-04-13,9.0326805,,
2016-04-14,9.021229,,
2016-04-15,9.009704,,0.9946157
2016-04-16,8.998117,,
2016-04-17,8.986484,,
2016-04-18,8.9748125,,
2016-04-19,8.963117,,
2016-04-20,8.9514065,,
2016-04-21,8.939694,,
2016-04-22,8.92799,,
2016-04-23,8.916304,,
2016-04-24,8.904645,,
2016-04-25,8.8930235,,
2016-04-26,8.881449,,
2016-04-27,8.869927,,
2016-04-28,8.858468,,
2016-04-29,8.847078,,
2016-04-30,8.835764,,
2016-05-01,8.824531,0.054993972,
2016-05-02,8.813383,,
2016-05-03,8.802327,,
2016-05-04,8.791365,,
2016-05-05,8.7805,,
2016-05-06,8.769735,,
2016-05-07,8.759069,,
2016-05-08,8.748506,,
2016-05-09,8.738041,,
2016-05-10,8.727675,,
2016-05-11,8.717407,,
2016-05-12,8.707232,,
2016-05-13,8.697149,,
2016-05-14,8.687155,,
2016-05-15,8.677243,,0.13013454
2016-05-16,8.667412,,
2016-05-17,8.657657,,
2016-05-18,8.647973,,
2016-05-19,8.638358,,
2016-05-20,8.628807,,
2016-05-21,8.619317,,
2016-05-22,8.609884,,
2016-05-23,8.600507,,
2016-05-24,8.59118,,
2016-05-25,8.581903,,
2016-05-26,8.572673,,
2016-05-27,8.563487,,
2016-05-28,8.554344,,
2016-05-29,8.545242,,
2016-05-30,8.536179,,
2016-05-31,8.527152,,
2016-06-01,8.51816,0.04908444,
2016-06-02,8.509201,,
2016-06-03,8.500275,,
2016-06-04,8.491377,,
2016-06-05,8.482509,,
2016-06-06,8.473667,,
2016-06-07,8.464851,,
2016-06-08,8.456062,,
2016-06-09,8.447298,,
2016-06-10,8.4385605,,
2016-06-11,8.429849,,
2016-06-12,8.421165,,
2016-06-13,8.412511,,
2016-06-14,8.403889,,
2016-06-15,8.395301,,0.30044267
2016-06-16,8.38675,,
2016-06-17,8.378241,,
2016-06-18,8.369777,,
2016-06-19,8.361362,,
2016-06-20,8.353003,,
2016-06-21,8.344702,,
2016-06-22,8.336466,,
2016-06-23,8.328299,,
2016-06-24,8.320208,,
2016-06-25,8.312196,,
2016-06-26,8.304271,,
2016-06-27,8.296436,,
2016-06-28,8.288698,,
2016-06-29,8.281063,,
2016-06-30,8.273535,,
2016-07-01,8.266119,0.04453429,
2016-07-02,8.2588215,,
2016-07-03,8.251647,,
2016-07-04,8.2446,,
2016-07-05,8.237686,,
2016-07-06,8.230912,,
2016-07-07,8.22428,,
2016-07-08,8.217798,,
2016-07-09,8.211471,,
2016-07-10,8.205303,,
2016-07-11,8.1993,,
2016-07-12,8.193467,,
2016-07-13,8.187809,,
2016-07-14,8.18233,,
2016-07-15,8.177037,,0.29093504
2016-07-16,8.171932,,
2016-07-17,8.16702,,
2016-07-18,8.162303,,
2016-07-19,8.157785,,
2016-07-20,8.153469,,
2016-07-21,8.149355,,
2016-07-22,8.145446,,
2016-07-23,8.141742,,
2016-07-24,8.138242,,
2016-07-25,8.134945,,
2016-07-26,8.13185,,
2016-07-27,8.128954,,
2016-07-28,8.126253,,
2016-07-29,8.123742,,
2016-07-30,8.121417,,
2016-07-31,8.11927,,
2016-08-01,8.117295,0.041074462,
2016-08-02,8.115484,,
2016-08-03,8.113827,,
2016-08-04,8.112314,,
2016-08-05,8.110935,,
2016-08-06,8.109679,,
2016-08-07,8.108534,,
2016-08-08,8.107487,,
2016-08-09,8.106524,,
2016-08-10,8.105633,,
2016-08-11,8.104797,,
2016-08-12,8.104003,,
2016-08-13,8.103235,,
2016-08-14,8.102479,,
2016-08-15,8.101717,,-0.18150365
2016-08-16,8.100934,,
2016-08-17,8.100114,,
2016-08-18,8.09924,,
2016-08-19,8.098295,,
2016-08-20,8.097262,,
2016-08-21,8.096125,,
2016-08-22,8.094864,,
2016-08-23,8.093462,,
2016-08-24,8.091903,,
2016-08-25,8.090165,,
2016-08-26,8.088233,,
2016-08-27,8.086085,,
2016-08-28,8.083704,,
2016-08-29,8.081069,,
2016-08-30,8.078161,,
2016-08-31,8.07496,,
2016-09-01,8.0714445,0.044182237,
2016-09-02,8.0675955,,
2016-09-03,8.063391,,
2016-09-04,8.05881,,
2016-09-05,8.053832,,
2016-09-06,8.048436,,
2016-09-07,8.0426,,
2016-09-08,8.036304,,
2016-09-09,8.029527,,
2016-09-10,8.022247,,
2016-09-11,8.014446,,
2016-09-12,8.006103,,
2016-09-13,7.997198,,
2016-09-14,7.9877124,,
2016-09-15,7.9776278,,0.4214938
2016-09-16,7.9669266,,
2016-09-17,7.955591,,
2016-09-18,7.9436054,,
2016-09-19,7.9309535,,
2016-09-20,7.9176207,,
2016-09-21,7.9035926,,
2016-09-22,7.888856,,
2016-09-23,7.873398,,
2016-09-24,7.857207,,
2016-09-25,7.840271,,
2016-09-26,7.822581,,
2016-09-27,7.804126,,
2016-09-28,7.7848983,,
2016-09-29,7.7648892,,
2016-09-30,7.7440925,,
2016-10-01,7.7225003,0.049623393,
2016-10-02,7.7001085,,
2016-10-03,7.676912,,
2016-10-04,7.652907,,
2016-10-05,7.628091,,
2016-10-06,7.602463,,
2016-10-07,7.576022,,
2016-10-08,7.54877,,
2016-10-09,7.5207086,,
2016-10-10,7.4918413,,
2016-10-11,7.4621725,,
2016-10-12,7.4317083,,
2016-10-13,7.4004555,,
2016-10-14,7.368423,,
2016-10-15,7.3356194,,0.5743105
2016-10-16,7.3020563,,
2016-10-17,7.2677455,,
2016-10-18,7.2327,,
2016-10-19,7.196933,,
2016-10-20,7.1604605,,
2016-10-21,7.123298,,
2016-10-22,7.0854626,,
2016-10-23,7.046972,,
2016-10-24,7.0078444,,
2016-10-25,6.9681005,,
2016-10-26,6.9277596,,
2016-10-27,6.886843,,
2016-10-28,6.845373,,
2016-10-29,6.803372,,
2016-10-30,6.760863,,
2016-10-31,6.7178698,,
2016-11-01,6.674418,0.067649774,
2016-11-02,6.630532,,
2016-11-03,6.5862374,,
2016-11-04,6.541562,,
2016-11-05,6.496532,,
2016-11-06,6.451175,,
2016-11-07,6.4055195,,
2016-11-08,6.3595934,,
2016-11-09,6.3134255,,
2016-11-10,6.2670465,,
2016-11-11,6.220485,,
2016-11-12,6.1737723,,
2016-11-13,6.1269383,,
2016-11-14,6.0800147,,
2016-11-15,6.033032,,0.64672697
2016-11-16,5.9860225,,
2016-11-17,5.9390182,,
2016-11-18,5.892051,,
2016-11-19,5.845155,,
2016-11-20,5.7983613,,
2016-11-21,5.7517033,,
2016-11-22,5.705215,,
2016-11-23,5.6589284,,
2016-11-24,5.612877,,
2016-11-25,5.5670943,,
2016-11-26,5.5216126,,
2016-11-27,5.4764657,,
2016-11-28,5.4316864,,
2016-11-29,5.3873076,,
2016-11-30,5.3433614,,
2016-12-01,5.2998805,0.08772393,
2016-12-02,5.256897,,
2016-12-03,5.214443,,
2016-12-04,5.1725507,,
2016-12-05,5.1312504,,
2016-12-06,5.0905733,,
2016-12-07,5.05055,,
2016-12-08,5.0112104,,
2016-12-09,4.9725842,,
2016-12-10,4.9347,,
2016-12-11,4.897587,,
2016-12-12,4.861272,,
2016-12-13,4.825783,,
2016-12-14,4.7911463,,
2016-12-15,4.7573886,,0.63624024
2016-12-16,4.724534,,
2016-12-17,4.6926084,,
2016-12-18,4.661635,,
2016-12-19,4.631636,,
2016-12-20,4.602635,,
2016-12-21,4.5746517,,
2016-12-22,4.547707,,
2016-12-23,4.52182,,
2016-12-24,4.497009,,
2016-12-25,4.4732904,,
2016-12-26,4.4506817,,
2016-12-27,4.4291973,,
2016-12-28,4.408851,,
2016-12-29,4.389656,,
2016-12-30,4.371624,,
2016-12-31,4.3547654,,
2017-01-01,4.3390894,0.10265795,
2017-01-02,4.324605,,
2017-01-03,4.3113184,,
2017-01-04,4.2992353,,
2017-01-05,4.2883615,,
2017-01-06,4.2787,,
2017-01-07,4.2702527,,
2017-01-08,4.2630215,,
2017-01-09,4.257006,,
2017-01-10,4.252206,,
2017-01-11,4.248619,,
2017-01-12,4.246242,,
2017-01-13,4.2450714,,
2017-01-14,4.2451015,,
2017-01-15,4.2463264,,0.15039271
2017-01-16,4.2487383,,
2017-01-17,4.25233,,
2017-01-18,4.2570915,,
2017-01-19,4.263013,,
2017-01-20,4.2700834,,
2017-01-21,4.278291,,
2017-01-22,4.287624,,
2017-01-23,4.298068,,
2017-01-24,4.3096094,,
2017-01-25,4.3222337,,
2017-01-26,4.335925,,
2017-01-27,4.350669,,
2017-01-28,4.366448,,
2017-01-29,4.3832455,,
2017-01-30,4.401045,,
2017-01-31,4.4198275,,
2017-02-01,4.4395757,0.116567805,
2017-02-02,4.46027,,
2017-02-03,4.481891,,
2017-02-04,4.50442,,
2017-02-05,4.527835,,
2017-02-06,4.5521154,,
2017-02-07,4.577241,,
2017-02-08,4.603189,,
2017-02-09,4.6299376,,
2017-02-10,4.6574645,,
2017-02-11,4.6857457,,
2017-02-12,4.714759,,
2017-02-13,4.744479,,
2017-02-14,4.774884,,
2017-02-15,4.8059487,,0.2214122
2017-02-16,4.837649,,
2017-02-17,4.869961,,
2017-02-18,4.9028606,,
2017-02-19,4.9363236,,
2017-02-20,4.970326,,
2017-02-21,5.0048447,,
2017-02-22,5.0398555,,
2017-02-23,5.0753355,,
2017-02-24,5.111262,,
2017-02-25,5.147612,,
2017-02-26,5.184364,,
2017-02-27,5.2214956,,
2017-02-28,5.258985,,
2017-03-01,5.2968116,0.108667515,
2017-03-02,5.3349547,,
2017-03-03,5.3733945,,
2017-03-04,5.4121113,,
2017-03-05,5.4510856,,
2017-03-06,5.4902987,,
2017-03-07,5.5297337,,
2017-03-08,5.5693717,,
2017-03-09,5.6091957,,
2017-03-10,5.6491895,,
2017-03-11,5.689337,,
2017-03-12,5.7296214,,
2017-03-13,5.7700286,,
2017-03-14,5.810543,,
2017-03-15,5.85115,,0.5612142
2017-03-16,5.8918357,,
2017-03-17,5.9325867,,
2017-03-18,5.973389,,
2017-03-19,6.0142307,,
2017-03-20,6.055099,,
2017-03-21,6.095982,,
2017-03-22,6.1368685,,
2017-03-23,6.1777477,,
2017-03-24,6.218608,,
2017-03-25,6.2594395,,
2017-03-26,6.300233,,
2017-03-27,6.3409777,,
2017-03-28,6.381665,,
2017-03-29,6.422287,,
2017-03-30,6.4628344,,
2017-03-31,6.503299,,
2017-04-01,6.543675,0.06341996,
2017-04-02,6.5839534,,
2017-04-03,6.624129,,
2017-04-04,6.664195,,
2017-04-05,6.704146,,
2017-04-06,6.743976,,
2017-04-07,6.7836814,,
2017-04-08,6.823257,,
2017-04-09,6.8626986,,
2017-04-10,6.9020023,,
2017-04-11,6.941166,,
2017-04-12,6.980186,,
2017-04-13,7.019061,,
2017-04-14,7.057789,,
2017-04-15,7.0963693,,0.74441445
2017-04-16,7.1348004,,
2017-04-17,7.173082,,
2017-04-18,7.211214,,
2017-04-19,7.249197,,
2017-04-20,7.28703,,
2017-04-21,7.3247147,,
2017-04-22,7.362251,,
2017-04-23,7.399639,,
2017-04-24,7.4368796,,
2017-04-25,7.4739738,,
2017-04-26,7.510922,,
2017-04-27,7.547724,,
2017-04-28,7.5843806,,
2017-04-29,7.6208925,,
2017-04-30,7.6572595,,
2017-05-01,7.693482,0.047775086,
2017-05-02,7.72956,,
2017-05-03,7.765493,,
2017-05-04,7.801282,,
2017-05-05,7.8369265,,
2017-05-06,7.8724265,,
2017-05-07,7.9077826,,
2017-05-08,7.942995,,
2017-05-09,7.978063,,
2017-05-10,8.012987,,
2017-05-11,8.047767,,
2017-05-12,8.082402,,
2017-05-13,8.116892,,
2017-05-14,8.151236,,
2017-05-15,8.1854315,,0.6938408
2017-05-16,8.219478,,
2017-05-17,8.253371,,
2017-05-18,8.28711,,
2017-05-19,8.32069,,
2017-05-20,8.354106,,
2017-05-21,8.387352,,
2017-05-22,8.4204235,,
2017-05-23,8.453314,,
2017-05-24,8.486013,,
2017-05-25,8.518516,,
2017-05-26,8.550811,,
2017-05-27,8.5828905,,
2017-05-28,8.614744,,
2017-05-29,8.646361,,
2017-05-30,8.6777315,,
2017-05-31,8.708843,,
2017-06-01,8.739685,0.042763967,
2017-06-02,8.770244,,
2017-06-03,8.8005085,,
2017-06-04,8.830464,,
2017-06-05,8.8601,,
2017-06-06,8.8894,,
2017-06-07,8.918349,,
2017-06-08,8.946935,,
2017-06-09,8.975141,,
2017-06-10,9.002951,,
2017-06-11,9.030348,,
2017-06-12,9.057317,,
2017-06-13,9.083839,,
2017-06-14,9.109899,,
2017-06-15,9.135477,,1.2947748
2017-06-16,9.160557,,
2017-06-17,9.18512,,
2017-06-18,9.209147,,
2017-06-19,9.232624,,
2017-06-20,9.25553,,
2017-06-21,9.27785,,
2017-06-22,9.299565,,
2017-06-23,9.32066,,
2017-06-24,9.341118,,
2017-06-25,9.360922,,
2017-06-26,9.380057,,
2017-06-27,9.39851,,
2017-06-28,9.416263,,
2017-06-29,9.433302,,
2017-06-30,9.449614,,
2017-07-01,9.465183,0.04110171,
2017-07-02,9.479999,,
2017-07-03,9.494045,,
2017-07-04,9.507311,,
2017-07-05,9.519783,,
2017-07-06,9.53145,,
2017-07-07,9.542301,,
2017-07-08,9.552325,,
2017-07-09,9.561513,,
2017-07-10,9.569854,,
2017-07-11,9.577339,,
2017-07-12,9.583962,,
2017-07-13,9.589714,,
2017-07-14,9.59459,,
2017-07-15,9.598582,,0.76772606
2017-07-16,9.6016865,,
2017-07-17,9.603898,,
2017-07-18,9.605214,,
2017-07-19,9.605631,,
2017-07-20,9.605146,,
2017-07-21,9.603758,,
2017-07-22,9.601465,,
2017-07-23,9.598268,,
2017-07-24,9.594165,,
2017-07-25,9.589158,,
2017-07-26,9.583249,,
2017-07-27,9.57644,,
2017-07-28,9.568734,,
2017-07-29,9.560136,,
2017-07-30,9.550651,,
2017-07-31,9.540284,,
2017-08-01,9.529044,0.038708236,
2017-08-02,9.516937,,
2017-08-03,9.503975,,
2017-08-04,9.490167,,
2017-08-05,9.475523,,
2017-08-06,9.460056,,
2017-08-07,9.443779,,
2017-08-08,9.426705,,
2017-08-09,9.40885,,
2017-08-10,9.390226,,
2017-08-11,9.3708515,,
2017-08-12,9.350741,,
2017-08-13,9.329911,,
2017-08-14,9.308378,,
2017-08-15,9.2861595,,0.5305264
2017-08-16,9.26327,,
2017-08-17,9.239729,,
2017-08-18,9.215549,,
2017-08-19,9.19075,,
2017-08-20,9.165345,,
2017-08-21,9.13935,,
2017-08-22,9.112782,,
2017-08-23,9.085652,,
2017-08-24,9.057978,,
2017-08-25,9.029773,,
2017-08-26,9.001051,,
2017-08-27,8.971825,,
2017-08-28,8.942108,,
2017-08-29,8.911913,,
2017-08-30,8.881252,,
2017-08-31,8.850139,,
2017-09-01,8.818582,0.043009143,
2017-09-02,8.786594,,
2017-09-03,8.754187,,
2017-09-04,8.721369,,
2017-09-05,8.688151,,
2017-09-06,8.654545,,
2017-09-07,8.620557,,
2017-09-08,8.586199,,
2017-09-09,8.551478,,
2017-09-10,8.516405,,
2017-09-11,8.480987,,
2017-09-12,8.445232,,
2017-09-13,8.409151,,
2017-09-14,8.37275,,
2017-09-15,8.336039,,0.0683065
2017-09-16,8.299025,,
2017-09-17,8.261717,,
2017-09-18,8.224124,,
2017-09-19,8.1862545,,
2017-09-20,8.148118,,
2017-09-21,8.109723,,
2017-09-22,8.07108,,
2017-09-23,8.0322,,
2017-09-24,7.993093,,
2017-09-25,7.9537697,,
2017-09-26,7.914242,,
2017-09-27,7.8745217,,
2017-09-28,7.834622,,
2017-09-29,7.7945557,,
2017-09-30,7.754337,,
2017-10-01,7.7139797,0.049137834,
2017-10-02,7.6734996,,
2017-10-03,7.6329126,,
2017-10-04,7.5922346,,
2017-10-05,7.5514836,,
2017-10-06,7.510677,,
2017-10-07,7.4698343,,
2017-10-08,7.428974,,
2017-10-09,7.388118,,
2017-10-10,7.3472867,,
2017-10-11,7.306503,,
2017-10-12,7.26579,,
2017-10-13,7.225172,,
2017-10-14,7.1846743,,
2017-10-15,7.1443233,,-0.019220712
2017-10-16,7.104146,,
2017-10-17,7.064172,,
2017-10-18,7.024429,,
2017-10-19,6.984948,,
2017-10-20,6.945761,,
2017-10-21,6.9069,,
2017-10-22,6.868398,,
2017-10-23,6.8302903,,
2017-10-24,6.7926106,,
2017-10-25,6.755395,,
2017-10-26,6.718681,,
2017-10-27,6.682504,,
2017-10-28,6.646904,,
2017-10-29,6.611918,,
2017-10-30,6.5775847,,
2017-10-31,6.5439444,,
2017-11-01,6.511036,0.06900282,
2017-11-02,6.478899,,
2017-11-03,6.4475746,,
2017-11-04,6.417102,,
2017-11-05,6.3875217,,
2017-11-06,6.358875,,
2017-11-07,6.3312016,,
2017-11-08,6.304542,,
2017-11-09,6.278937,,
2017-11-10,6.2544265,,
2017-11-11,6.2310514,,
2017-11-12,6.208851,,
2017-11-13,6.187865,,
2017-11-14,6.168132,,
2017-11-15,6.149691,,-0.12746896
2017-11-16,6.1325803,,
2017-11-17,6.1168375,,
2017-11-18,6.1024985,,
2017-11-19,6.0896,,
2017-11-20,6.0781765,,
2017-11-21,6.0682626,,
2017-11-22,6.0598907,,
2017-11-23,6.0530934,,
2017-11-24,6.047901,,
2017-11-25,6.0443435,,
2017-11-26,6.0424485,,
2017-11-27,6.042244,,
2017-11-28,6.0437546,,
2017-11-29,6.047005,,
2017-11-30,6.0520186,,
2017-12-01,6.058816,0.10059889,
2017-12-02,6.067417,,
2017-12-03,6.077841,,
2017-12-04,6.090104,,
2017-12-05,6.1042223,,
2017-12-06,6.120209,,
2017-12-07,6.1380777,,
2017-12-08,6.1578383,,
2017-12-09,6.1795,,
2017-12-10,6.203071,,
2017-12-11,6.228556,,
2017-12-12,6.2559605,,
2017-12-13,6.2852855,,
2017-12-14,6.3165326,,
2017-12-15,6.3497,,-0.06743907
2017-12-16,6.384785,,
2017-12-17,6.421784,,
2017-12-18,6.460689,,
2017-12-19,6.5014935,,
2017-12-20,6.5441866,,
2017-12-21,6.5887575,,
2017-12-22,6.635193,,
2017-12-23,6.6834774,,
2017-12-24,6.733595,,
2017-12-25,6.7855268,,
2017-12-26,6.8392525,,
2017-12-27,6.89475,,
2017-12-28,6.951996,,
2017-12-29,7.0109644,,
2017-12-30,7.071627,,
2017-12-31,7.1339555,,
2018-01-01,7.197917,0.1133823,
2018-01-02,7.2634783,,
2018-01-03,7.330604,,
2018-01-04,7.399256,,
2018-01-05,7.4693956,,
2018-01-06,7.54098,,
2018-01-07,7.6139655,,
2018-01-08,7.6883063,,
2018-01-09,7.7639546,,
2018-01-10,7.840861,,
2018-01-11,7.9189725,,
2018-01-12,7.9982367,,
2018-01-13,8.078598,,
2018-01-14,8.159999,,
2018-01-15,8.242382,,0.20892107
2018-01-16,8.3256855,,
2018-01-17,8.409849,,
2018-01-18,8.494809,,
2018-01-19,8.580502,,
2018-01-20,8.6668625,,
2018-01-21,8.753825,,
2018-01-22,8.841323,,
2018-01-23,8.929287,,
2018-01-24,9.017649,,
2018-01-25,9.10634,,
2018-01-26,9.195291,,
2018-01-27,9.2844305,,
2018-01-28,9.373688,,
2018-01-29,9.462992,,
2018-01-30,9.552272,,
2018-01-31,9.641455,,
2018-02-01,9.730471,0.11359993,
2018-02-02,9.819245,,
2018-02-03,9.907707,,
2018-02-04,9.995784,,
2018-02-05,10.083404,,
2018-02-06,10.170495,,
2018-02-07,10.256985,,
2018-02-08,10.342801,,
2018-02-09,10.427874,,
2018-02-10,10.512132,,
2018-02-11,10.595505,,
2018-02-12,10.677923,,
2018-02-13,10.759318,,
2018-02-14,10.839622,,
2018-02-15,10.918767,,0.37050638
2018-02-16,10.996687,,
2018-02-17,11.0733185,,
2018-02-18,11.148596,,
2018-02-19,11.222457,,
2018-02-20,11.29484,,
2018-02-21,11.365686,,
2018-02-22,11.434937,,
2018-02-23,11.502535,,
2018-02-24,11.568425,,
2018-02-25,11.632554,,
2018-02-26,11.694873,,
2018-02-27,11.75533,,
2018-02-28,11.813879,,
2018-03-01,11.870476,0.1183139,
2018-03-02,11.925077,,
2018-03-03,11.977643,,
2018-03-04,12.028135,,
2018-03-05,12.076518,,
2018-03-06,12.122757,,
2018-03-07,12.166823,,
2018-03-08,12.208688,,
2018-03-09,12.248323,,
2018-03-10,12.285708,,
2018-03-11,12.320822,,
2018-03-12,12.353644,,
2018-03-13,12.384163,,
2018-03-14,12.412362,,
2018-03-15,12.438233,,0.41256884
2018-03-16,12.461769,,
2018-03-17,12.482963,,
2018-03-18,12.501814,,
2018-03-19,12.51832,,
2018-03-20,12.532486,,
2018-03-21,12.544314,,
2018-03-22,12.553814,,
2018-03-23,12.560993,,
2018-03-24,12.5658655,,
2018-03-25,12.568444,,
2018-03-26,12.568747,,
2018-03-27,12.5667925,,
2018-03-28,12.562603,,
2018-03-29,12.556203,,
2018-03-30,12.547617,,
2018-03-31,12.536875,,
2018-04-01,12.524007,0.08470753,
2018-04-02,12.509045,,
2018-04-03,12.492024,,
2018-04-04,12.472983,,
2018-04-05,12.451961,,
2018-04-06,12.428997,,
2018-04-07,12.404137,,
2018-04-08,12.377425,,
2018-04-09,12.348909,,
2018-04-10,12.31864,,
2018-04-11,12.286668,,
2018-04-12,12.253046,,
2018-04-13,12.21783,,
2018-04-14,12.181074,,
2018-04-15,12.142839,,0.88101125
2018-04-16,12.103183,,
2018-04-17,12.062166,,
2018-04-18,12.019852,,
2018-04-19,11.976303,,
2018-04-20,11.931583,,
2018-04-21,11.885757,,
2018-04-22,11.838893,,
2018-04-23,11.791055,,
2018-04-24,11.742311,,
2018-04-25,11.692727,,
2018-04-26,11.642371,,
2018-04-27,11.5913105,,
2018-04-28,11.539613,,
2018-04-29,11.487343,,
2018-04-30,11.434567,,
2018-05-01,11.381352,0.061154287,
2018-05-02,11.327764,,
2018-05-03,11.273863,,
2018-05-04,11.219716,,
2018-05-05,11.165384,,
2018-05-06,11.11093,,
2018-05-07,11.056415,,
2018-05-08,11.001896,,
2018-05-09,10.947435,,
2018-05-10,10.893089,,
2018-05-11,10.838916,,
2018-05-12,10.784971,,
2018-05-13,10.731311,,
2018-05-14,10.677988,,
2018-05-15,10.625058,,1.1898038
2018-05-16,10.572574,,
2018-05-17,10.520585,,
2018-05-18,10.469144,,
2018-05-19,10.418299,,
2018-05-20,10.368099,,
2018-05-21,10.31859,,
2018-05-22,10.269819,,
2018-05-23,10.221829,,
2018-05-24,10.174662,,
2018-05-25,10.128358,,
2018-05-26,10.082955,,
2018-05-27,10.038491,,
2018-05-28,9.995,,
2018-05-29,9.952512,,
2018-05-30,9.911059,,
2018-05-31,9.870669,,
2018-06-01,9.8313675,0.050694123,
2018-06-02,9.793178,,
2018-06-03,9.756119,,
2018-06-04,9.720212,,
2018-06-05,9.6854725,,
2018-06-06,9.651914,,
2018-06-07,9.619548,,
2018-06-08,9.588385,,
2018-06-09,9.558432,,
2018-06-10,9.529695,,
2018-06-11,9.502175,,
2018-06-12,9.475876,,
2018-06-13,9.450795,,
2018-06-14,9.42693,,
2018-06-15,9.404277,,1.0981207
2018-06-16,9.38283,,
2018-06-17,9.362578,,
2018-06-18,9.343514,,
2018-06-19,9.325626,,
2018-06-20,9.3089,,
2018-06-21,9.293322,,
2018-06-22,9.278874,,
2018-06-23,9.265541,,
2018-06-24,9.253304,,
2018-06-25,9.242141,,
2018-06-26,9.232032,,
2018-06-27,9.222958,,
2018-06-28,9.214892,,
2018-06-29,9.207816,,
2018-06-30,9.201704,,
2018-07-01,9.196532,0.04618063,
2018-07-02,9.192278,,
2018-07-03,9.188915,,
2018-07-04,9.186421,,
2018-07-05,9.184772,,
2018-07-06,9.183941,,
2018-07-07,9.183905,,
2018-07-08,9.184638,,
2018-07-09,9.186116,,
2018-07-10,9.1883135,,
2018-07-11,9.191204,,
2018-07-12,9.194761,,
2018-07-13,9.198958,,
2018-07-14,9.203768,,
2018-07-15,9.209162,,0.7016495
2018-07-16,9.215112,,
2018-07-17,9.221587,,
2018-07-18,9.228559,,
2018-07-19,9.235995,,
2018-07-20,9.243866,,
2018-07-21,9.252139,,
2018-07-22,9.260781,,
2018-07-23,9.269759,,
2018-07-24,9.279041,,
2018-07-25,9.288592,,
2018-07-26,9.298378,,
2018-07-27,9.308364,,
2018-07-28,9.318516,,
2018-07-29,9.328797,,
2018-07-30,9.339173,,
2018-07-31,9.349608,,
2018-08-01,9.360066,0.044194583,
2018-08-02,9.370511,,
2018-08-03,9.380908,,
2018-08-04,9.391221,,
2018-08-05,9.401414,,
2018-08-06,9.411454,,
2018-08-07,9.421307,,
2018-08-08,9.430939,,
2018-08-09,9.440317,,
2018-08-10,9.449411,,
2018-08-11,9.458191,,
2018-08-12,9.466629,,
2018-08-13,9.474698,,
2018-08-14,9.482373,,
2018-08-15,9.489632,,0.9065369
2018-08-16,9.496451,,
2018-08-17,9.502814,,
2018-08-18,9.508702,,
2018-08-19,9.514101,,
2018-08-20,9.518997,,
2018-08-21,9.523379,,
2018-08-22,9.527239,,
2018-08-23,9.530569,,
2018-08-24,9.533363,,
2018-08-25,9.53562,,
2018-08-26,9.537335,,
2018-08-27,9.538511,,
2018-08-28,9.539148,,
2018-08-29,9.53925,,
2018-08-30,9.538822,,
2018-08-31,9.537869,,
2018-09-01,9.536401,0.045566246,
2018-09-02,9.534424,,
2018-09-03,9.531948,,
2018-09-04,9.528985,,
2018-09-05,9.525546,,
2018-09-06,9.521643,,
2018-09-07,9.51729,,
2018-09-08,9.512501,,
2018-09-09,9.50729,,
2018-09-10,9.501673,,
2018-09-11,9.495664,,
2018-09-12,9.489281,,
2018-09-13,9.482538,,
2018-09-14,9.475454,,
2018-09-15,9.468045,,0.95809793
2018-09-16,9.460328,,
2018-09-17,9.45232,,
2018-09-18,9.444039,,
2018-09-19,9.435503,,
2018-09-20,9.426728,,
2018-09-21,9.417733,,
2018-09-22,9.408536,,
2018-09-23,9.399154,,
2018-09-24,9.3896055,,
2018-09-25,9.379909,,
2018-09-26,9.370081,,
2018-09-27,9.360141,,
2018-09-28,9.350104,,
2018-09-29,9.339991,,
2018-09-30,9.329816,,
2018-10-01,9.319596,0.057599097,
2018-10-02,9.30935,,
2018-10-03,9.29909,,
2018-10-04,9.288835,,
2018-10-05,9.278595,,
2018-10-06,9.268385,,
2018-10-07,9.258219,,
2018-10-08,9.248105,,
2018-10-09,9.238057,,
2018-10-10,9.228082,,
2018-10-11,9.218188,,
2018-10-12,9.208385,,
2018-10-13,9.198678,,
2018-10-14,9.189073,,
2018-10-15,9.179575,,0.38216755
2018-10-16,9.170189,,
2018-10-17,9.160919,,
2018-10-18,9.151769,,
2018-10-19,9.14274,,
2018-10-20,9.133837,,
2018-10-21,9.125061,,
2018-10-22,9.116413,,
2018-10-23,9.107897,,
2018-10-24,9.099511,,
2018-10-25,9.091257,,
2018-10-26,9.083137,,
2018-10-27,9.075149,,
2018-10-28,9.067293,,
2018-10-29,9.05957,,
2018-10-30,9.051979,,
2018-10-31,9.0445175,,
2018-11-01,9.037186,0.078270815,
2018-11-02,9.029981,,
2018-11-03,9.022902,,
2018-11-04,9.015945,,
2018-11-05,9.00911,,
2018-11-06,9.002394,,
2018-11-07,8.995791,,
2018-11-08,8.989302,,
2018-11-09,8.982921,,
2018-11-10,8.9766445,,
2018-11-11,8.9704685,,
2018-11-12,8.96439,,
2018-11-13,8.958403,,
2018-11-14,8.952503,,
2018-11-15,8.946686,,0.3573182
2018-11-16,8.940946,,
2018-11-17,8.935277,,
2018-11-18,8.929673,,
2018-11-19,8.924128,,
2018-11-20,8.918635,,
2018-11-21,8.913189,,
2018-11-22,8.907782,,
2018-11-23,8.902407,,
2018-11-24,8.897057,,
2018-11-25,8.891726,,
2018-11-26,8.886406,,
2018-11-27,8.881092,,
2018-11-28,8.875775,,
2018-11-29,8.87045,,
2018-11-30,8.8651085,,
2018-12-01,8.859746,0.1032457,
2018-12-02,8.854355,,
2018-12-03,8.848929,,
2018-12-04,8.843462,,
2018-12-05,8.837947,,
2018-12-06,8.832377,,
2018-12-07,8.826749,,
2018-12-08,8.821053,,
2018-12-09,8.815283,,
2018-12-10,8.809434,,
2018-12-11,8.803499,,
2018-12-12,8.797473,,
2018-12-13,8.7913475,,
2018-12-14,8.785118,,
2018-12-15,8.778777,,0.32602903
2018-12-16,8.77232,,
2018-12-17,8.765739,,
2018-12-18,8.759029,,
2018-12-19,8.752185,,
2018-12-20,8.745198,,
2018-12-21,8.738064,,
2018-12-22,8.730775,,
2018-12-23,8.723326,,
2018-12-24,8.715709,,
2018-12-25,8.707918,,
2018-12-26,8.699946,,
2018-12-27,8.691788,,
2018-12-28,8.683434,,
2018-12-29,8.674879,,
2018-12-30,8.666117,,
2018-12-31,8.657141,,
2019-01-01,8.6479435,0.113783024,
2019-01-02,8.63852,,
2019-01-03,8.628865,,
2019-01-04,8.618972,,
2019-01-05,8.608837,,
2019-01-06,8.5984535,,
2019-01-07,8.587819,,
2019-01-08,8.57693,,
2019-01-09,8.565782,,
2019-01-10,8.554371,,
2019-01-11,8.542696,,
2019-01-12,8.530755,,
2019-01-13,8.518545,,
2019-01-14,8.506065,,
2019-01-15,8.493315,,0.040548917
2019-01-16,8.480292,,
2019-01-17,8.466998,,
2019-01-18,8.453431,,
2019-01-19,8.439594,,
2019-01-20,8.425487,,
2019-01-21,8.41111,,
2019-01-22,8.396466,,
2019-01-23,8.381558,,
2019-01-24,8.366389,,
2019-01-25,8.350962,,
2019-01-26,8.33528,,
2019-01-27,8.319349,,
2019-01-28,8.303174,,
2019-01-29,8.286758,,
2019-01-30,8.270109,,
2019-01-31,8.253232,,
2019-02-01,8.236135,0.12673278,
2019-02-02,8.2188225,,
2019-02-03,8.2013035,,
2019-02-04,8.183588,,
2019-02-05,8.165682,,
2019-02-06,8.147595,,
2019-02-07,8.129338,,
2019-02-08,8.11092,,
2019-02-09,8.09235,,
2019-02-10,8.073641,,
2019-02-11,8.054802,,
2019-02-12,8.035846,,
2019-02-13,8.016782,,
2019-02-14,7.997625,,
2019-02-15,7.978386,,0.038649835
2019-02-16,7.9590774,,
2019-02-17,7.939712,,
2019-02-18,7.9203043,,
2019-02-19,7.900867,,
2019-02-20,7.8814144,,
2019-02-21,7.861961,,
2019-02-22,7.8425207,,
2019-02-23,7.823108,,
2019-02-24,7.8037386,,
2019-02-25,7.7844267,,
2019-02-26,7.7651877,,
2019-02-27,7.746036,,
2019-02-28,7.7269874,,
2019-03-01,7.7080564,0.11192774,
2019-03-02,7.689258,,
2019-03-03,7.670607,,
2019-03-04,7.652118,,
2019-03-05,7.6338067,,
2019-03-06,7.6156864,,
2019-03-07,7.5977726,,
2019-03-08,7.5800796,,
2019-03-09,7.562621,,
2019-03-10,7.5454125,,
2019-03-11,7.528468,,
2019-03-12,7.5118017,,
2019-03-13,7.4954286,,
2019-03-14,7.4793625,,
2019-03-15,7.4636183,,0.21551818
2019-03-16,7.448211,,
2019-03-17,7.433156,,
2019-03-18,7.4184685,,
2019-03-19,7.404164,,
2019-03-20,7.3902583,,
2019-03-21,7.3767676,,
2019-03-22,7.363707,,
2019-03-23,7.351093,,
2019-03-24,7.33894,,
2019-03-25,7.327264,,
2019-03-26,7.3160787,,
2019-03-27,7.305399,,
2019-03-28,7.2952385,,
2019-03-29,7.2856107,,
2019-03-30,7.2765274,,
2019-03-31,7.2680006,,
2019-04-01,7.2600417,0.08375601,
2019-04-02,7.252661,,
2019-04-03,7.2458677,,
2019-04-04,7.2396703,,
2019-04-05,7.2340765,,
2019-04-06,7.2290936,,
2019-04-07,7.2247267,,
2019-04-08,7.2209806,,
2019-04-09,7.2178607,,
2019-04-10,7.2153687,,
2019-04-11,7.213507,,
2019-04-12,7.212278,,
2019-04-13,7.2116814,,
2019-04-14,7.211717,,
2019-04-15,7.212384,,-0.014266283
2019-04-16,7.213681,,
2019-04-17,7.2156053,,
2019-04-18,7.218153,,
2019-04-19,7.2213197,,
2019-04-20,7.2251015,,
2019-04-21,7.229492,,
2019-04-22,7.2344856,,
2019-04-23,7.240075,,
2019-04-24,7.246254,,
2019-04-25,7.2530136,,
2019-04-26,7.2603464,,
2019-04-27,7.2682443,,
2019-04-28,7.276698,,
2019-04-29,7.2856994,,
2019-04-30,7.2952375,,
2019-05-01,7.305304,0.059563316,
2019-05-02,7.315888,,
2019-05-03,7.326978,,
2019-05-04,7.338564,,
2019-05-05,7.3506327,,
2019-05-06,7.3631716,,
2019-05-07,7.376167,,
2019-05-08,7.389605,,
2019-05-09,7.40347,,
2019-05-10,7.4177456,,
2019-05-11,7.4324155,,
2019-05-12,7.4474607,,
2019-05-13,7.462862,,
2019-05-14,7.4786,,
2019-05-15,7.4946527,,-0.5244574
2019-05-16,7.5109982,,
2019-05-17,7.5276136,,
2019-05-18,7.544475,,
2019-05-19,7.5615582,,
2019-05-20,7.5788374,,
2019-05-21,7.596288,,
2019-05-22,7.6138844,,
2019-05-23,7.631601,,
2019-05-24,7.6494117,,
2019-05-25,7.667291,,
2019-05-26,7.685214,,
2019-05-27,7.703156,,
2019-05-28,7.7210917,,
2019-05-29,7.738997,,
2019-05-30,7.7568474,,
2019-05-31,7.7746205,,
2019-06-01,7.792293,0.049924076,
2019-06-02,7.809842,,
2019-06-03,7.8272467,,
2019-06-04,7.8444853,,
2019-06-05,7.8615384,,
2019-06-06,7.8783855,,
2019-06-07,7.895009,,
2019-06-08,7.911391,,
2019-06-09,7.927513,,
2019-06-10,7.9433603,,
2019-06-11,7.958916,,
2019-06-12,7.9741654,,
2019-06-13,7.9890943,,
2019-06-14,8.003688,,
2019-06-15,8.017935,,0.64269334
2019-06-16,8.03182,,
2019-06-17,8.045335,,
2019-06-18,8.058465,,
2019-06-19,8.071201,,
2019-06-20,8.083533,,
2019-06-21,8.09545,,
2019-06-22,8.106944,,
2019-06-23,8.118004,,
2019-06-24,8.128624,,
2019-06-25,8.138794,,
2019-06-26,8.148507,,
2019-06-27,8.157757,,
2019-06-28,8.166536,,
2019-06-29,8.174839,,
2019-06-30,8.18266,,
2019-07-01,8.189996,0.04358109,
2019-07-02,8.19684,,
2019-07-03,8.203193,,
2019-07-04,8.20905,,
2019-07-05,8.214414,,
2019-07-06,8.219281,,
2019-07-07,8.223657,,
2019-07-08,8.227543,,
2019-07-09,8.230946,,
2019-07-10,8.23387,,
2019-07-11,8.236325,,
2019-07-12,8.238322,,
2019-07-13,8.239873,,
2019-07-14,8.24099,,
2019-07-15,8.24169,,0.9680891
2019-07-16,8.241989,,
2019-07-17,8.241907,,
2019-07-18,8.241466,,
2019-07-19,8.240685,,
2019-07-20,8.239591,,
2019-07-21,8.238207,,
2019-07-22,8.23656,,
2019-07-23,8.234677,,
2019-07-24,8.232588,,
2019-07-25,8.230322,,
2019-07-26,8.227908,,
2019-07-27,8.22538,,
2019-07-28,8.222769,,
2019-07-29,8.220106,,
2019-07-30,8.217426,,
2019-07-31,8.214763,,
2019-08-01,8.21215,0.04193352,
2019-08-02,8.209621,,
2019-08-03,8.207212,,
2019-08-04,8.204957,,
2019-08-05,8.202889,,
2019-08-06,8.201045,,
2019-08-07,8.199456,,
2019-08-08,8.198157,,
2019-08-09,8.19718,,
2019-08-10,8.196556,,
2019-08-11,8.196318,,
2019-08-12,8.196492,,
2019-08-13,8.197109,,
2019-08-14,8.198195,,
2019-08-15,8.199776,,0.5584977
2019-08-16,8.201874,,
2019-08-17,8.2045145,,
2019-08-18,8.207717,,
2019-08-19,8.211503,,
2019-08-20,8.215891,,
2019-08-21,8.220897,,
2019-08-22,8.226538,,
2019-08-23,8.232828,,
2019-08-24,8.239782,,
2019-08-25,8.247411,,
2019-08-26,8.255726,,
2019-08-27,8.264737,,
2019-08-28,8.274453,,
2019-08-29,8.284883,,
2019-08-30,8.296031,,
2019-08-31,8.307903,,
2019-09-01,8.320505,0.04431241,
2019-09-02,8.333839,,
2019-09-03,8.347908,,
2019-09-04,8.362712,,
2019-09-05,8.37825,,
2019-09-06,8.394522,,
2019-09-07,8.411522,,
2019-09-08,8.429248,,
2019-09-09,8.447691,,
2019-09-10,8.4668455,,
2019-09-11,8.4867,,
2019-09-12,8.507245,,
2019-09-13,8.528468,,
2019-09-14,8.550354,,
2019-09-15,8.57289,,0.4750358
2019-09-16,8.59606,,
2019-09-17,8.619844,,
2019-09-18,8.644228,,
2019-09-19,8.669189,,
2019-09-20,8.69471,,
2019-09-21,8.720768,,
2019-09-22,8.747341,,
2019-09-23,8.774406,,
2019-09-24,8.801942,,
2019-09-25,8.829922,,
2019-09-26,8.85832,,
2019-09-27,8.887113,,
2019-09-28,8.916271,,
2019-09-29,8.945768,,
2019-09-30,8.9755745,,
2019-10-01,9.005661,0.049179975,
2019-10-02,9.035997,,
2019-10-03,9.066552,,
2019-10-04,9.097295,,
2019-10-05,9.128193,,
2019-10-06,9.159214,,
2019-10-07,9.190325,,
2019-10-08,9.221494,,
2019-10-09,9.252687,,
2019-10-10,9.283873,,
2019-10-11,9.315018,,
2019-10-12,9.346088,,
2019-10-13,9.377053,,
2019-10-14,9.407879,,
2019-10-15,9.438532,,0.78235894
2019-10-16,9.468982,,
2019-10-17,9.499194,,
2019-10-18,9.529136,,
2019-10-19,9.558775,,
2019-10-20,9.588077,,
2019-10-21,9.617008,,
2019-10-22,9.645536,,
2019-10-23,9.673625,,
2019-10-24,9.7012415,,
2019-10-25,9.72835,,
2019-10-26,9.754915,,
2019-10-27,9.780903,,
2019-10-28,9.806278,,
2019-10-29,9.831007,,
2019-10-30,9.855054,,
2019-10-31,9.878385,,
2019-11-01,9.900966,0.0725759,
2019-11-02,9.922766,,
2019-11-03,9.943751,,
2019-11-04,9.963891,,
2019-11-05,9.983156,,
2019-11-06,10.001516,,
2019-11-07,10.018944,,
2019-11-08,10.035412,,
2019-11-09,10.050895,,
2019-11-10,10.065367,,
2019-11-11,10.078805,,
2019-11-12,10.091187,,
2019-11-13,10.102491,,
2019-11-14,10.112699,,
2019-11-15,10.12179,,0.6152598
2019-11-16,10.129748,,
2019-11-17,10.136558,,
2019-11-18,10.142203,,
2019-11-19,10.146671,,
2019-11-20,10.149951,,
2019-11-21,10.152032,,
2019-11-22,10.1529045,,
2019-11-23,10.152564,,
2019-11-24,10.151005,,
2019-11-25,10.148223,,
2019-11-26,10.1442175,,
2019-11-27,10.138988,,
2019-11-28,10.132537,,
2019-11-29,10.124867,,
2019-11-30,10.115985,,
2019-12-01,10.105896,0.10617616,
2019-12-02,10.094609,,
2019-12-03,10.082134,,
2019-12-04,10.068481,,
2019-12-05,10.053663,,
2019-12-06,10.037693,,
2019-12-07,10.020585,,
2019-12-08,10.002353,,
2019-12-09,9.983014,,
2019-12-10,9.962585,,
2019-12-11,9.941086,,
2019-12-12,9.918531,,
2019-12-13,9.894943,,
2019-12-14,9.870342,,
2019-12-15,9.8447485,,0.5200487
2019-12-16,9.818185,,
2019-12-17,9.790675,,
2019-12-18,9.762242,,
2019-12-19,9.732914,,
2019-12-20,9.702715,,
2019-12-21,9.671675,,
2019-12-22,9.639822,,
2019-12-23,9.607188,,
2019-12-24,9.573804,,
2019-12-25,9.539702,,
2019-12-26,9.504919,,
2019-12-27,9.469489,,
2019-12-28,9.433449,,
2019-12-29,9.396836,,
2019-12-30,9.359691,,
2019-12-31,9.32205,,
2020-01-01,9.283957,0.11050876,
2020-01-02,9.24545,,
2020-01-03,9.206572,,
2020-01-04,9.167364,,
2020-01-05,9.12787,,
2020-01-06,9.088132,,
2020-01-07,9.048194,,
2020-01-08,9.008099,,
2020-01-09,8.967891,,
2020-01-10,8.927613,,
2020-01-11,8.887312,,
2020-01-12,8.847029,,
2020-01-13,8.806809,,
2020-01-14,8.766698,,
2020-01-15,8.726738,,0.2842133
2020-01-16,8.686973,,
2020-01-17,8.647447,,
2020-01-18,8.608203,,
2020-01-19,8.569284,,
2020-01-20,8.530732,,
2020-01-21,8.492588,,
2020-01-22,8.454893,,
2020-01-23,8.417687,,
2020-01-24,8.381009,,
2020-01-25,8.344898,,
2020-01-26,8.30939,,
2020-01-27,8.274523,,
2020-01-28,8.240331,,
2020-01-29,8.206849,,
2020-01-30,8.17411,,
2020-01-31,8.142149,,
2020-02-01,8.110995,0.109919354,
2020-02-02,8.08068,,
2020-02-03,8.051231,,
2020-02-04,8.022679,,
2020-02-05,7.995051,,
2020-02-06,7.9683714,,
2020-02-07,7.9426675,,
2020-02-08,7.917962,,
2020-02-09,7.8942785,,
2020-02-10,7.8716393,,
2020-02-11,7.8500648,,
2020-02-12,7.829574,,
2020-02-13,7.8101864,,
2020-02-14,7.7919188,,
2020-02-15,7.774787,,0.58445406
2020-02-16,7.7588058,,
2020-02-17,7.7439885,,
2020-02-18,7.730347,,
2020-02-19,7.7178936,,
2020-02-20,7.7066364,,
2020-02-21,7.6965847,,
2020-02-22,7.687746,,
2020-02-23,7.6801257,,
2020-02-24,7.6737294,,
2020-02-25,7.6685605,,
2020-02-26,7.6646214,,
2020-02-27,7.6619143,,
2020-02-28,7.6604395,,
2020-02-29,7.6601963,,
2020-03-01,7.6611824,0.09132091,
2020-03-02,7.6633964,,
2020-03-03,7.666834,,
2020-03-04,7.6714897,,
2020-03-05,7.677359,,
2020-03-06,7.6844354,,
2020-03-07,7.6927104,,
2020-03-08,7.7021756,,
2020-03-09,7.712822,,
2020-03-10,7.7246394,,
2020-03-11,7.737615,,
2020-03-12,7.7517376,,
2020-03-13,7.766993,,
2020-03-14,7.783367,,
2020-03-15,7.8008432,,0.43980545
2020-03-16,7.8194056,,
2020-03-17,7.839036,,
2020-03-18,7.859716,,
2020-03-19,7.881426,,
2020-03-20,7.904144,,
2020-03-21,7.92785,,
2020-03-22,7.95252,,
2020-03-23,7.9781322,,
2020-03-24,8.004662,,
2020-03-25,8.032084,,
2020-03-26,8.060375,,
2020-03-27,8.089508,,
2020-03-28,8.119456,,
2020-03-29,8.150194,,
2020-03-30,8.181693,,
2020-03-31,8.213926,,
2020-04-01,8.246865,0.06479964,
2020-04-02,8.280483,,
2020-04-03,8.314752,,
2020-04-04,8.349641,,
2020-04-05,8.385122,,
2020-04-06,8.421167,,
2020-04-07,8.4577465,,
2020-04-08,8.49483,,
2020-04-09,8.53239,,
2020-04-10,8.5703945,,
2020-04-11,8.608816,,
2020-04-12,8.647623,,
2020-04-13,8.686788,,
2020-04-14,8.726278,,
2020-04-15,8.7660675,,0.47039557
2020-04-16,8.806123,,
2020-04-17,8.846417,,
2020-04-18,8.88692,,
2020-04-19,8.927602,,
2020-04-20,8.968434,,
2020-04-21,9.009387,,
2020-04-22,9.050431,,
2020-04-23,9.091539,,
2020-04-24,9.132681,,
2020-04-25,9.173828,,
2020-04-26,9.2149515,,
2020-04-27,9.256025,,
2020-04-28,9.297019,,
2020-04-29,9.337907,,
2020-04-30,9.378661,,
2020-05-01,9.419255,0.049533155,
2020-05-02,9.459663,,
2020-05-03,9.499861,,
2020-05-04,9.539822,,
2020-05-05,9.579523,,
2020-05-06,9.618941,,
2020-05-07,9.658056,,
2020-05-08,9.696845,,
2020-05-09,9.735289,,
2020-05-10,9.773367,,
2020-05-11,9.811063,,
2020-05-12,9.848358,,
2020-05-13,9.885237,,
2020-05-14,9.921681,,
2020-05-15,9.957679,,0.7805958
2020-05-16,9.993213,,
2020-05-17,10.02827,,
2020-05-18,10.062836,,
2020-05-19,10.096899,,
2020-05-20,10.1304455,,
2020-05-21,10.163464,,
2020-05-22,10.19594,,
2020-05-23,10.227864,,
2020-05-24,10.259223,,
2020-05-25,10.290006,,
2020-05-26,10.320199,,
2020-05-27,10.349793,,
2020-05-28,10.378777,,
2020-05-29,10.407138,,
2020-05-30,10.434865,,
2020-05-31,10.4619465,,
2020-06-01,10.488373,0.04351034,
2020-06-02,10.514131,,
2020-06-03,10.539208,,
2020-06-04,10.563596,,
2020-06-05,10.58728,,
2020-06-06,10.610249,,
2020-06-07,10.632488,,
2020-06-08,10.653988,,
2020-06-09,10.674734,,
2020-06-10,10.694715,,
2020-06-11,10.713916,,
2020-06-12,10.732327,,
2020-06-13,10.749937,,
2020-06-14,10.766734,,
2020-06-15,10.782708,,-0.17040071
2020-06-16,10.797851,,
2020-06-17,10.812151,,
2020-06-18,10.825605,,
2020-06-19,10.838205,,
2020-06-20,10.849949,,
2020-06-21,10.860831,,
2020-06-22,10.870852,,
2020-06-23,10.880012,,
2020-06-24,10.88831,,
2020-06-25,10.895753,,
2020-06-26,10.902343,,
2020-06-27,10.908085,,
2020-06-28,10.912986,,
2020-06-29,10.917053,,
2020-06-30,10.920295,,
2020-07-01,10.922719,0.03959735,
2020-07-02,10.924335,,
2020-07-03,10.925151,,
2020-07-04,10.925177,,
2020-07-05,10.924422,,
2020-07-06,10.922895,,
2020-07-07,10.920607,,
2020-07-08,10.917565,,
2020-07-09,10.913779,,
2020-07-10,10.909259,,
2020-07-11,10.904012,,
2020-07-12,10.898048,,
2020-07-13,10.891377,,
2020-07-14,10.884008,,
2020-07-15,10.875952,,0.4068311
2020-07-16,10.867218,,
2020-07-17,10.857818,,
2020-07-18,10.847762,,
2020-07-19,10.837065,,
2020-07-20,10.825738,,
2020-07-21,10.813795,,
2020-07-22,10.801251,,
2020-07-23,10.78812,,
2020-07-24,10.774419,,
2020-07-25,10.760163,,
2020-07-26,10.74537,,
2020-07-27,10.730057,,
2020-07-28,10.714242,,
2020-07-29,10.697945,,
2020-07-30,10.681183,,
2020-07-31,10.663978,,
2020-08-01,10.646347,0.03734817,
2020-08-02,10.628312,,
2020-08-03,10.609893,,
2020-08-04,10.59111,,
2020-08-05,10.571983,,
2020-08-06,10.552535,,
2020-08-07,10.532784,,
2020-08-08,10.512753,,
2020-08-09,10.492461,,
2020-08-10,10.4719305,,
2020-08-11,10.451183,,
2020-08-12,10.43024,,
2020-08-13,10.409122,,
2020-08-14,10.387853,,
2020-08-15,10.366453,,0.58042026
2020-08-16,10.344945,,
2020-08-17,10.323351,,
2020-08-18,10.301693,,
2020-08-19,10.279995,,
2020-08-20,10.258279,,
2020-08-21,10.236568,,
2020-08-22,10.214888,,
2020-08-23,10.193259,,
2020-08-24,10.171709,,
2020-08-25,10.150261,,
2020-08-26,10.1289425,,
2020-08-27,10.107779,,
2020-08-28,10.086797,,
2020-08-29,10.066025,,
2020-08-30,10.045492,,
2020-08-31,10.025227,,
2020-09-01,10.005259,0.044462554,
2020-09-02,9.98562,,
2020-09-03,9.966339,,
2020-09-04,9.947449,,
2020-09-05,9.928981,,
2020-09-06,9.910968,,
2020-09-07,9.893441,,
2020-09-08,9.876432,,
2020-09-09,9.859974,,
2020-09-10,9.844097,,
2020-09-11,9.828832,,
2020-09-12,9.814209,,
2020-09-13,9.800258,,
2020-09-14,9.7870035,,
2020-09-15,9.774475,,0.7516652
2020-09-16,9.762695,,
2020-09-17,9.751689,,
2020-09-18,9.741477,,
2020-09-19,9.73208,,
2020-09-20,9.723517,,
2020-09-21,9.715805,,
2020-09-22,9.708961,,
2020-09-23,9.702998,,
2020-09-24,9.697931,,
2020-09-25,9.693772,,
2020-09-26,9.690533,,
2020-09-27,9.688223,,
2020-09-28,9.686852,,
2020-09-29,9.686431,,
2020-09-30,9.686965,,
2020-10-01,9.688464,0.05373139,
2020-10-02,9.690934,,
2020-10-03,9.694381,,
2020-10-04,9.698811,,
2020-10-05,9.7042265,,
2020-10-06,9.710634,,
2020-10-07,9.718036,,
2020-10-08,9.726432,,
2020-10-09,9.735824,,
2020-10-10,9.74621,,
2020-10-11,9.757589,,
2020-10-12,9.7699585,,
2020-10-13,9.783311,,
2020-10-14,9.797642,,
2020-10-15,9.812942,,0.3655561
2020-10-16,9.829203,,
2020-10-17,9.846414,,
2020-10-18,9.864562,,
2020-10-19,9.883635,,
2020-10-20,9.903618,,
2020-10-21,9.924497,,
2020-10-22,9.946253,,
2020-10-23,9.96887,,
2020-10-24,9.99233,,
2020-10-25,10.016611,,
2020-10-26,10.041695,,
2020-10-27,10.067557,,
2020-10-28,10.094176,,
2020-10-29,10.121527,,
2020-10-30,10.149585,,
2020-10-31,10.178324,,
2020-11-01,10.207715,0.061528955,
2020-11-02,10.237731,,
2020-11-03,10.268342,,
2020-11-04,10.299517,,
2020-11-05,10.3312235,,
2020-11-06,10.363429,,
2020-11-07,10.396101,,
2020-11-08,10.429204,,
2020-11-09,10.462703,,
2020-11-10,10.496561,,
2020-11-11,10.530742,,
2020-11-12,10.5652075,,
2020-11-13,10.599921,,
2020-11-14,10.634842,,
2020-11-15,10.669932,,0.6635519
2020-11-16,10.705153,,
2020-11-17,10.740463,,
2020-11-18,10.775822,,
2020-11-19,10.811188,,
2020-11-20,10.84652,,
2020-11-21,10.881778,,
2020-11-22,10.916916,,
2020-11-23,10.951893,,
2020-11-24,10.986666,,
2020-11-25,11.021192,,
2020-11-26,11.055426,,
2020-11-27,11.089324,,
2020-11-28,11.122845,,
2020-11-29,11.155943,,
2020-11-30,11.188575,,
2020-12-01,11.220698,0.08569557,
2020-12-02,11.252271,,
2020-12-03,11.283248,,
2020-12-04,11.313591,,
2020-12-05,11.343257,,
2020-12-06,11.372208,,
2020-12-07,11.400402,,
2020-12-08,11.427804,,
2020-12-09,11.454375,,
2020-12-10,11.480079,,
2020-12-11,11.50488,,
2020-12-12,11.528744,,
2020-12-13,11.551638,,
2020-12-14,11.573527,,
2020-12-15,11.594381,,0.6699755
2020-12-16,11.614168,,
2020-12-17,11.632857,,
2020-12-18,11.650418,,
2020-12-19,11.6668215,,
2020-12-20,11.682037,,
2020-12-21,11.696039,,
2020-12-22,11.708799,,
2020-12-23,11.720289,,
2020-12-24,11.730484,,
2020-12-25,11.739358,,
2020-12-26,11.746887,,
2020-12-27,11.753048,,
2020-12-28,11.757819,,
2020-12-29,11.76118,,
2020-12-30,11.763111,,
2020-12-31,11.763596,,
2021-01-01,11.762616,0.11229644,
2021-01-02,11.76016,,
2021-01-03,11.756214,,
2021-01-04,11.750769,,
2021-01-05,11.743813,,
2021-01-06,11.735341,,
2021-01-07,11.7253475,,
2021-01-08,11.713828,,
2021-01-09,11.700781,,
2021-01-10,11.686207,,
2021-01-11,11.670105,,
2021-01-12,11.65248,,
2021-01-13,11.633336,,
2021-01-14,11.6126795,,
2021-01-15,11.590516,,0.6665427
2021-01-16,11.566857,,
2021-01-17,11.541712,,
2021-01-18,11.515092,,
2021-01-19,11.487011,,
2021-01-20,11.457485,,
2021-01-21,11.42653,,
2021-01-22,11.394164,,
2021-01-23,11.360406,,
2021-01-24,11.325276,,
2021-01-25,11.288799,,
2021-01-26,11.250998,,
2021-01-27,11.211896,,
2021-01-28,11.171521,,
2021-01-29,11.129901,,
2021-01-30,11.087067,,
2021-01-31,11.043047,,
2021-02-01,10.997875,0.11432846,
2021-02-02,10.951586,,
2021-02-03,10.904212,,
2021-02-04,10.855792,,
2021-02-05,10.806361,,
2021-02-06,10.7559595,,
2021-02-07,10.704626,,
2021-02-08,10.652403,,
2021-02-09,10.599331,,
2021-02-10,10.545453,,
2021-02-11,10.490815,,
2021-02-12,10.435461,,
2021-02-13,10.379438,,
2021-02-14,10.322792,,
2021-02-15,10.265572,,0.6722018
2021-02-16,10.207826,,
2021-02-17,10.149603,,
2021-02-18,10.090954,,
2021-02-19,10.031928,,
2021-02-20,9.972578,,
2021-02-21,9.912955,,
2021-02-22,9.85311,,
2021-02-23,9.793095,,
2021-02-24,9.732962,,
2021-02-25,9.672763,,
2021-02-26,9.612551,,
2021-02-27,9.552376,,
2021-02-28,9.49229,,
2021-03-01,9.432345,0.09184401,
2021-03-02,9.372592,,
2021-03-03,9.31308,,
2021-03-04,9.25386,,
2021-03-05,9.194983,,
2021-03-06,9.136494,,
2021-03-07,9.078444,,
2021-03-08,9.020879,,
2021-03-09,8.963846,,
2021-03-10,8.907393,,
2021-03-11,8.851564,,
2021-03-12,8.796405,,
2021-03-13,8.741959,,
2021-03-14,8.688269,,
2021-03-15,8.635377,,0.4810873
2021-03-16,8.583325,,
2021-03-17,8.532154,,
2021-03-18,8.481903,,
2021-03-19,8.43261,,
2021-03-20,8.384313,,
2021-03-21,8.337047,,
2021-03-22,8.290849,,
2021-03-23,8.245752,,
2021-03-24,8.201791,,
2021-03-25,8.158997,,
2021-03-26,8.117402,,
2021-03-27,8.077035,,
2021-03-28,8.037927,,
2021-03-29,8.000104,,
2021-03-30,7.9635944,,
2021-03-31,7.9284234,,
2021-04-01,7.894615,0.07353378,
2021-04-02,7.8621936,,
2021-04-03,7.83118,,
2021-04-04,7.801596,,
2021-04-05,7.773461,,
2021-04-06,7.7467923,,
2021-04-07,7.721607,,
2021-04-08,7.6979213,,
2021-04-09,7.675748,,
2021-04-10,7.655099,,
2021-04-11,7.6359854,,
2021-04-12,7.6184163,,
2021-04-13,7.6023984,,
2021-04-14,7.5879374,,
2021-04-15,7.5750375,,0.08462089
2021-04-16,7.5637007,,
2021-04-17,7.5539274,,
2021-04-18,7.5457177,,
2021-04-19,7.5390677,,
2021-04-20,7.533974,,
2021-04-21,7.530431,,
2021-04-22,7.52843,,
2021-04-23,7.527963,,
2021-04-24,7.52902,,
2021-04-25,7.5315876,,
2021-04-26,7.5356526,,
2021-04-27,7.5412,,
2021-04-28,7.5482135,,
2021-04-29,7.5566745,,
2021-04-30,7.566562,,
2021-05-01,7.5778556,0.052640982,
2021-05-02,7.5905313,,
2021-05-03,7.604564,,
2021-05-04,7.6199274,,
2021-05-05,7.6365933,,
2021-05-06,7.6545324,,
2021-05-07,7.6737127,,
2021-05-08,7.6941023,,
2021-05-09,7.7156672,,
2021-05-10,7.7383723,,
2021-05-11,7.7621818,,
2021-05-12,7.7870593,,
2021-05-13,7.8129663,,
2021-05-14,7.839866,,
2021-05-15,7.867719,,0.38720575
2021-05-16,7.8964868,,
2021-05-17,7.92613,,
2021-05-18,7.9566092,,
2021-05-19,7.9878855,,
2021-05-20,8.019918,,
2021-05-21,8.05267,,
2021-05-22,8.086099,,
2021-05-23,8.120165,,
2021-05-24,8.15483,,
2021-05-25,8.190052,,
2021-05-26,8.22579,,
2021-05-27,8.262004,,
2021-05-28,8.298652,,
2021-05-29,8.335691,,
2021-05-30,8.373078,,
2021-05-31,8.410772,,
2021-06-01,8.448727,0.046336666,
2021-06-02,8.486899,,
2021-06-03,8.525246,,
2021-06-04,8.563721,,
2021-06-05,8.60228,,
2021-06-06,8.64088,,
2021-06-07,8.679475,,
2021-06-08,8.718021,,
2021-06-09,8.756476,,
2021-06-10,8.794795,,
2021-06-11,8.832936,,
2021-06-12,8.870857,,
2021-06-13,8.908515,,
2021-06-14,8.94587,,
2021-06-15,8.982883,,0.5856407
2021-06-16,9.019513,,
2021-06-17,9.055721,,
2021-06-18,9.09147,,
2021-06-19,9.126721,,
2021-06-20,9.161441,,
2021-06-21,9.195591,,
2021-06-22,9.229137,,
2021-06-23,9.262045,,
2021-06-24,9.294281,,
2021-06-25,9.325812,,
2021-06-26,9.356607,,
2021-06-27,9.386633,,
2021-06-28,9.41586,,
2021-06-29,9.44426,,
2021-06-30,9.471802,,
2021-07-01,9.498461,0.043827254,
2021-07-02,9.524209,,
2021-07-03,9.549023,,
2021-07-04,9.572878,,
2021-07-05,9.595753,,
2021-07-06,9.617627,,
2021-07-07,9.638481,,
2021-07-08,9.6582985,,
2021-07-09,9.677063,,
2021-07-10,9.694761,,
2021-07-11,9.711382,,
2021-07-12,9.726913,,
2021-07-13,9.741348,,
2021-07-14,9.754679,,
2021-07-15,9.766899,,0.80857533
2021-07-16,9.778006,,
2021-07-17,9.787996,,
2021-07-18,9.79687,,
2021-07-19,9.804629,,
2021-07-20,9.811274,,
2021-07-21,9.81681,,
2021-07-22,9.821241,,
2021-07-23,9.824577,,
2021-07-24,9.826826,,
2021-07-25,9.827998,,
2021-07-26,9.828105,,
2021-07-27,9.827163,,
2021-07-28,9.825185,,
2021-07-29,9.822188,,
2021-07-30,9.818193,,
2021-07-31,9.813219,,
2021-08-01,9.807286,0.0420192,
2021-08-02,9.80042,,
2021-08-03,9.792643,,
2021-08-04,9.783979,,
2021-08-05,9.774458,,
2021-08-06,9.764104,,
2021-08-07,9.752947,,
2021-08-08,9.7410145,,
2021-08-09,9.728337,,
2021-08-10,9.714944,,
2021-08-11,9.700866,,
2021-08-12,9.686132,,
2021-08-13,9.670775,,
2021-08-14,9.654825,,
2021-08-15,9.638312,,0.6457849
2021-08-16,9.621267,,
2021-08-17,9.603721,,
2021-08-18,9.585702,,
2021-08-19,9.567243,,
2021-08-20,9.548371,,
2021-08-21,9.529117,,
2021-08-22,9.509508,,
2021-08-23,9.4895735,,
2021-08-24,9.469341,,
2021-08-25,9.448838,,
2021-08-26,9.428092,,
2021-08-27,9.407126,,
2021-08-28,9.385969,,
2021-08-29,9.364644,,
2021-08-30,9.343175,,
2021-08-31,9.321587,,
2021-09-01,9.299903,0.044983838,
2021-09-02,9.278145,,
2021-09-03,9.256337,,
2021-09-04,9.234502,,
2021-09-05,9.212659,,
2021-09-06,9.190833,,
2021-09-07,9.169044,,
2021-09-08,9.147312,,
2021-09-09,9.12566,,
2021-09-10,9.104108,,
2021-09-11,9.082677,,
2021-09-12,9.061388,,
2021-09-13,9.040261,,
2021-09-14,9.019319,,
2021-09-15,8.998581,,0.516964
2021-09-16,8.978069,,
2021-09-17,8.957806,,
2021-09-18,8.937812,,
2021-09-19,8.918109,,
2021-09-20,8.898719,,
2021-09-21,8.879663,,
2021-09-22,8.860964,,
2021-09-23,8.842641,,
2021-09-24,8.824716,,
2021-09-25,8.807208,,
2021-09-26,8.790137,,
2021-09-27,8.77352,,
2021-09-28,8.757377,,
2021-09-29,8.741719,,
2021-09-30,8.726564,,
2021-10-01,8.7119255,0.05112479,
2021-10-02,8.697812,,
2021-10-03,8.684236,,
2021-10-04,8.671203,,
2021-10-05,8.65872,,
2021-10-06,8.646793,,
2021-10-07,8.635424,,
2021-10-08,8.624613,,
2021-10-09,8.614362,,
2021-10-10,8.604669,,
2021-10-11,8.59553,,
2021-10-12,8.586941,,
2021-10-13,8.5788965,,
2021-10-14,8.57139,,
2021-10-15,8.564413,,0.13186911
2021-10-16,8.557958,,
2021-10-17,8.552012,,
2021-10-18,8.546566,,
2021-10-19,8.541606,,
2021-10-20,8.537118,,
2021-10-21,8.533088,,
2021-10-22,8.529498,,
2021-10-23,8.526331,,
2021-10-24,8.523567,,
2021-10-25,8.521189,,
2021-10-26,8.519172,,
2021-10-27,8.517495,,
2021-10-28,8.516135,,
2021-10-29,8.515067,,
2021-10-30,8.514266,,
2021-10-31,8.513705,,
2021-11-01,8.513356,0.072153226,
2021-11-02,8.513192,,
2021-11-03,8.513184,,
2021-11-04,8.5133,,
2021-11-05,8.513512,,
2021-11-06,8.513785,,
2021-11-07,8.5140915,,
2021-11-08,8.514396,,
2021-11-09,8.514666,,
2021-11-10,8.514868,,
2021-11-11,8.514969,,
2021-11-12,8.514935,,
2021-11-13,8.5147295,,
2021-11-14,8.51432,,
2021-11-15,8.51367,,0.17735085
2021-11-16,8.512744,,
2021-11-17,8.511508,,
2021-11-18,8.509925,,
2021-11-19,8.507959,,
2021-11-20,8.505577,,
2021-11-21,8.502742,,
2021-11-22,8.499419,,
2021-11-23,8.495574,,
2021-11-24,8.491172,,
2021-11-25,8.486178,,
2021-11-26,8.480559,,
2021-11-27,8.474282,,
2021-11-28,8.467315,,
2021-11-29,8.459622,,
2021-11-30,8.451176,,
2021-12-01,8.441944,0.10435579,
2021-12-02,8.431896,,
2021-12-03,8.421005,,
2021-12-04,8.409242,,
2021-12-05,8.396582,,
2021-12-06,8.3829975,,
2021-12-07,8.368467,,
2021-12-08,8.352968,,
2021-12-09,8.336479,,
2021-12-10,8.318982,,
2021-12-11,8.300458,,
2021-12-12,8.280892,,
2021-12-13,8.26027,,
2021-12-14,8.23858,,
2021-12-15,8.21581,,-0.22660743
2021-12-16,8.191954,,
2021-12-17,8.167003,,
2021-12-18,8.140953,,
2021-12-19,8.113801,,
2021-12-20,8.085544,,
2021-12-21,8.056183,,
2021-12-22,8.025721,,
2021-12-23,7.9941587,,
2021-12-24,7.961503,,
2021-12-25,7.92776,,
2021-12-26,7.892938,,
2021-12-27,7.857046,,
2021-12-28,7.820096,,
2021-12-29,7.7820992,,
2021-12-30,7.743071,,
2021-12-31,7.7030263,,
2022-01-01,7.661983,0.11026483,
2022-01-02,7.619959,,
2022-01-03,7.5769753,,
2022-01-04,7.533054,,
2022-01-05,7.488218,,
2022-01-06,7.4424934,,
2022-01-07,7.395907,,
2022-01-08,7.3484883,,
2022-01-09,7.3002677,,
2022-01-10,7.2512784,,
2022-01-11,7.2015543,,
2022-01-12,7.1511316,,
2022-01-13,7.100048,,
2022-01-14,7.048344,,
2022-01-15,6.996061,,0.046565752
2022-01-16,6.9432406,,
2022-01-17,6.8899274,,
2022-01-18,6.8361673,,
2022-01-19,6.7820067,,
2022-01-20,6.727493,,
2022-01-21,6.6726747,,
2022-01-22,6.6176023,,
2022-01-23,6.562325,,
2022-01-24,6.5068946,,
2022-01-25,6.451363,,
2022-01-26,6.3957815,,
2022-01-27,6.340204,,
2022-01-28,6.2846823,,
2022-01-29,6.2292705,,
2022-01-30,6.1740227,,
2022-01-31,6.118993,,
2022-02-01,6.064234,0.10836458,
2022-02-02,6.0098004,,
2022-02-03,5.9557467,,
2022-02-04,5.902126,,
2022-02-05,5.8489923,,
2022-02-06,5.796398,,
2022-02-07,5.7443976,,
2022-02-08,5.693043,,
2022-02-09,5.642387,,
2022-02-10,5.5924807,,
2022-02-11,5.543375,,
2022-02-12,5.495121,,
2022-02-13,5.4477673,,
2022-02-14,5.4013634,,
2022-02-15,5.355957,,0.16946049
2022-02-16,5.311594,,
2022-02-17,5.268321,,
2022-02-18,5.2261825,,
2022-02-19,5.185221,,
2022-02-20,5.14548,,
2022-02-21,5.107,,
2022-02-22,5.069821,,
2022-02-23,5.033981,,
2022-02-24,4.9995174,,
2022-02-25,4.966467,,
2022-02-26,4.934864,,
2022-02-27,4.9047422,,
2022-02-28,4.876134,,
2022-03-01,4.8490696,0.10248019,
2022-03-02,4.823579,,
2022-03-03,4.79969,,
2022-03-04,4.777429,,
2022-03-05,4.7568216,,
2022-03-06,4.7378907,,
2022-03-07,4.720659,,
2022-03-08,4.705146,,
2022-03-09,4.69137,,
2022-03-10,4.679348,,
2022-03-11,4.6690946,,
2022-03-12,4.660623,,
2022-03-13,4.653944,,
2022-03-14,4.6490674,,
2022-03-15,4.646,,-0.04815301
2022-03-16,4.6447473,,
2022-03-17,4.645313,,
2022-03-18,4.6476974,,
2022-03-19,4.651901,,
2022-03-20,4.65792,,
2022-03-21,4.66575,,
2022-03-22,4.6753845,,
2022-03-23,4.686815,,
2022-03-24,4.7000294,,
2022-03-25,4.715015,,
2022-03-26,4.731756,,
2022-03-27,4.750236,,
2022-03-28,4.7704344,,
2022-03-29,4.79233,,
2022-03-30,4.815898,,
2022-03-31,4.841114,,
2022-04-01,4.8679504,0.08680612,
2022-04-02,4.8963776,,
2022-04-03,4.926365,,
2022-04-04,4.95788,,
2022-04-05,4.990888,,
2022-04-06,5.0253544,,
2022-04-07,5.0612426,,
2022-04-08,5.098514,,
2022-04-09,5.137131,,
2022-04-10,5.1770535,,
2022-04-11,5.2182403,,
2022-04-12,5.2606497,,
2022-04-13,5.30424,,
2022-04-14,5.3489685,,
2022-04-15,5.3947906,,-0.05982546
2022-04-16,5.4416623,,
2022-04-17,5.489539,,
2022-04-18,5.5383744,,
2022-04-19,5.588123,,
2022-04-20,5.6387377,,
2022-04-21,5.6901712,,
2022-04-22,5.7423763,,
2022-04-23,5.795304,,
2022-04-24,5.848906,,
2022-04-25,5.903133,,
2022-04-26,5.957936,,
2022-04-27,6.0132647,,
2022-04-28,6.0690694,,
2022-04-29,6.1253014,,
2022-04-30,6.18191,,
2022-05-01,6.2388463,0.060230672,
2022-05-02,6.2960615,,
2022-05-03,6.3535066,,
2022-05-04,6.4111333,,
2022-05-05,6.468894,,
2022-05-06,6.5267406,,
2022-05-07,6.5846267,,
2022-05-08,6.642505,,
2022-05-09,6.7003307,,
2022-05-10,6.758057,,
2022-05-11,6.81564,,
2022-05-12,6.8730354,,
2022-05-13,6.930199,,
2022-05-14,6.9870887,,
2022-05-15,7.0436616,,0.7752438
2022-05-16,7.0998755,,
2022-05-17,7.155689,,
2022-05-18,7.211061,,
2022-05-19,7.265952,,
2022-05-20,7.3203225,,
2022-05-21,7.3741336,,
2022-05-22,7.4273477,,
2022-05-23,7.4799285,,
2022-05-24,7.53184,,
2022-05-25,7.5830483,,
2022-05-26,7.6335216,,
2022-05-27,7.6832275,,
2022-05-28,7.732139,,
2022-05-29,7.7802277,,
2022-05-30,7.827469,,
2022-05-31,7.8738394,,
2022-06-01,7.919318,0.046779994,
2022-06-02,7.963886,,
2022-06-03,8.007525,,
2022-06-04,8.0502205,,
2022-06-05,8.091959,,
2022-06-06,8.132728,,
2022-06-07,8.172517,,
2022-06-08,8.211317,,
2022-06-09,8.249121,,
2022-06-10,8.285921,,
2022-06-11,8.3217125,,
2022-06-12,8.35649,,
2022-06-13,8.390249,,
2022-06-14,8.422987,,
2022-06-15,8.4547,,1.6604502
2022-06-16,8.485385,,
2022-06-17,8.515039,,
2022-06-18,8.543662,,
2022-06-19,8.571252,,
2022-06-20,8.597806,,
2022-06-21,8.623326,,
2022-06-22,8.647812,,
2022-06-23,8.671265,,
2022-06-24,8.693687,,
2022-06-25,8.715082,,
2022-06-26,8.7354555,,
2022-06-27,8.754812,,
2022-06-28,8.773161,,
2022-06-29,8.790511,,
2022-06-30,8.806871,,
2022-07-01,8.822257,0.0428691,
2022-07-02,8.836681,,
2022-07-03,8.85016,,
2022-07-04,8.862711,,
2022-07-05,8.874354,,
2022-07-06,8.88511,,
2022-07-07,8.895001,,
2022-07-08,8.904052,,
2022-07-09,8.912285,,
2022-07-10,8.919727,,
2022-07-11,8.926405,,
2022-07-12,8.932344,,
2022-07-13,8.937575,,
2022-07-14,8.942125,,
2022-07-15,8.946024,,1.4542083
2022-07-16,8.949301,,
2022-07-17,8.951986,,
2022-07-18,8.95411,,
2022-07-19,8.955703,,
2022-07-20,8.956796,,
2022-07-21,8.95742,,
2022-07-22,8.957607,,
2022-07-23,8.957389,,
2022-07-24,8.956797,,
2022-07-25,8.955862,,
2022-07-26,8.9546175,,
2022-07-27,8.953095,,
2022-07-28,8.95133,,
2022-07-29,8.949353,,
2022-07-30,8.947199,,
2022-07-31,8.9449005,,
2022-08-01,8.942494,0.040203933,
2022-08-02,8.940015,,
2022-08-03,8.937496,,
2022-08-04,8.934977,,
2022-08-05,8.932492,,
2022-08-06,8.930081,,
2022-08-07,8.927782,,
2022-08-08,8.9256315,,
2022-08-09,8.923672,,
2022-08-10,8.921942,,
2022-08-11,8.920483,,
2022-08-12,8.919335,,
2022-08-13,8.918541,,
2022-08-14,8.918142,,
2022-08-15,8.9181795,,1.1934645
2022-08-16,8.918695,,
2022-08-17,8.919731,,
2022-08-18,8.921329,,
2022-08-19,8.923528,,
2022-08-20,8.926369,,
2022-08-21,8.929892,,
2022-08-22,8.9341345,,
2022-08-23,8.939136,,
2022-08-24,8.944929,,
2022-08-25,8.95155,,
2022-08-26,8.95903,,
2022-08-27,8.967401,,
2022-08-28,8.976689,,
2022-08-29,8.986922,,
2022-08-30,8.998123,,
2022-08-31,9.010313,,
2022-09-01,9.023512,0.04201919,
2022-09-02,9.037735,,
2022-09-03,9.052998,,
2022-09-04,9.069311,,
2022-09-05,9.086683,,
2022-09-06,9.105123,,
2022-09-07,9.124633,,
2022-09-08,9.145216,,
2022-09-09,9.166872,,
2022-09-10,9.189598,,
2022-09-11,9.213389,,
2022-09-12,9.238239,,
2022-09-13,9.264139,,
2022-09-14,9.291077,,
2022-09-15,9.319039,,1.0844667
2022-09-16,9.348011,,
2022-09-17,9.377975,,
2022-09-18,9.408913,,
2022-09-19,9.440803,,
2022-09-20,9.473621,,
2022-09-21,9.507344,,
2022-09-22,9.541946,,
2022-09-23,9.577399,,
2022-09-24,9.613674,,
2022-09-25,9.650742,,
2022-09-26,9.68857,,
2022-09-27,9.727127,,
2022-09-28,9.766379,,
2022-09-29,9.806295,,
2022-09-30,9.84684,,
2022-10-01,9.887978,0.049936682,
2022-10-02,9.929675,,
2022-10-03,9.971895,,
2022-10-04,10.014602,,
2022-10-05,10.057759,,
2022-10-06,10.101331,,
2022-10-07,10.145278,,
2022-10-08,10.189564,,
2022-10-09,10.23415,,
2022-10-10,10.278998,,
2022-10-11,10.324068,,
2022-10-12,10.36932,,
2022-10-13,10.414713,,
2022-10-14,10.460205,,
2022-10-15,10.505756,,0.5757161
2022-10-16,10.551323,,
2022-10-17,10.596862,,
2022-10-18,10.64233,,
2022-10-19,10.687683,,
2022-10-20,10.732878,,
2022-10-21,10.777868,,
2022-10-22,10.822611,,
2022-10-23,10.867061,,
2022-10-24,10.911174,,
2022-10-25,10.9549055,,
2022-10-26,10.998212,,
2022-10-27,11.041048,,
2022-10-28,11.08337,,
2022-10-29,11.125134,,
2022-10-30,11.166297,,
2022-10-31,11.206815,,
2022-11-01,11.246646,0.062543444,
2022-11-02,11.285747,,
2022-11-03,11.324076,,
2022-11-04,11.361591,,
2022-11-05,11.398255,,
2022-11-06,11.434027,,
2022-11-07,11.468866,,
2022-11-08,11.502737,,
2022-11-09,11.535602,,
2022-11-10,11.567423,,
2022-11-11,11.598166,,
2022-11-12,11.627799,,
2022-11-13,11.656287,,
2022-11-14,11.683599,,
2022-11-15,11.709706,,0.93613595
2022-11-16,11.734579,,
2022-11-17,11.758191,,
2022-11-18,11.780517,,
2022-11-19,11.801533,,
2022-11-20,11.821218,,
2022-11-21,11.839549,,
2022-11-22,11.856509,,
2022-11-23,11.872081,,
2022-11-24,11.886249,,
2022-11-25,11.898996,,
2022-11-26,11.910315,,
2022-11-27,11.920191,,
2022-11-28,11.9286175,,
2022-11-29,11.935587,,
2022-11-30,11.941093,,
2022-12-01,11.945135,0.08678925,
2022-12-02,11.947709,,
2022-12-03,11.948814,,
2022-12-04,11.948454,,
2022-12-05,11.9466305,,
2022-12-06,11.943347,,
2022-12-07,11.938612,,
2022-12-08,11.932431,,
2022-12-09,11.924816,,
2022-12-10,11.915777,,
2022-12-11,11.905329,,
2022-12-12,11.893486,,
2022-12-13,11.880265,,
2022-12-14,11.865685,,
2022-12-15,11.849766,,0.9098711
2022-12-16,11.832528,,
2022-12-17,11.813995,,
2022-12-18,11.794192,,
2022-12-19,11.773145,,
2022-12-20,11.750882,,
2022-12-21,11.727433,,
2022-12-22,11.702828,,
2022-12-23,11.677101,,
2022-12-24,11.650286,,
2022-12-25,11.6224165,,
2022-12-26,11.593533,,
2022-12-27,11.563671,,
2022-12-28,11.532872,,
2022-12-29,11.501177,,
2022-12-30,11.468626,,
2022-12-31,11.435264,,
2023-01-01,11.401133,0.09523276,
2023-01-02,11.366278,,
2023-01-03,11.330745,,
2023-01-04,11.294579,,
2023-01-05,11.257828,,
2023-01-06,11.220539,,
2023-01-07,11.182759,,
2023-01-08,11.144537,,
2023-01-09,11.10592,,
2023-01-10,11.066957,,
2023-01-11,11.027698,,
2023-01-12,10.988191,,
2023-01-13,10.948484,,
2023-01-14,10.908628,,
2023-01-15,10.868672,,1.2279127
2023-01-16,10.828665,,
2023-01-17,10.788654,,
2023-01-18,10.748692,,
2023-01-19,10.708825,,
2023-01-20,10.669103,,
2023-01-21,10.629574,,
2023-01-22,10.590285,,
2023-01-23,10.551286,,
2023-01-24,10.512622,,
2023-01-25,10.47434,,
2023-01-26,10.436487,,
2023-01-27,10.399107,,
2023-01-28,10.362243,,
2023-01-29,10.325939,,
2023-01-30,10.2902355,,
2023-01-31,10.255175,,
2023-02-01,10.220794,0.10507841,
2023-02-02,10.187131,,
2023-02-03,10.154223,,
2023-02-04,10.122106,,
2023-02-05,10.090809,,
2023-02-06,10.060367,,
2023-02-07,10.0308075,,
2023-02-08,10.002159,,
2023-02-09,9.974447,,
2023-02-10,9.947698,,
2023-02-11,9.921931,,
2023-02-12,9.897168,,
2023-02-13,9.873427,,
2023-02-14,9.850726,,
2023-02-15,9.82908,,0.6464795
2023-02-16,9.808499,,
2023-02-17,9.788999,,
2023-02-18,9.770586,,
2023-02-19,9.75327,,
2023-02-20,9.737056,,
2023-02-21,9.72195,,
2023-02-22,9.707954,,
2023-02-23,9.695069,,
2023-02-24,9.683297,,
2023-02-25,9.672633,,
2023-02-26,9.663076,,
2023-02-27,9.65462,,
2023-02-28,9.647261,,
2023-03-01,9.640988,0.0992618,
2023-03-02,9.635796,,
2023-03-03,9.631672,,
2023-03-04,9.628606,,
2023-03-05,9.626585,,
2023-03-06,9.625596,,
2023-03-07,9.625625,,
2023-03-08,9.626655,,
2023-03-09,9.628669,,
2023-03-10,9.631649,,
2023-03-11,9.635578,,
2023-03-12,9.640436,,
2023-03-13,9.646203,,
2023-03-14,9.652858,,
2023-03-15,9.660378,,0.88648695
2023-03-16,9.668744,,
2023-03-17,9.677932,,
2023-03-18,9.687919,,
2023-03-19,9.698682,,
2023-03-20,9.710197,,
2023-03-21,9.722442,,
2023-03-22,9.735391,,
2023-03-23,9.749021,,
2023-03-24,9.763308,,
2023-03-25,9.778226,,
2023-03-26,9.793754,,
2023-03-27,9.809866,,
2023-03-28,9.826538,,
2023-03-29,9.843747,,
2023-03-30,9.861469,,
2023-03-31,9.87968,,
2023-04-01,9.898357,0.06429441,
2023-04-02,9.917477,,
2023-04-03,9.937015,,
2023-04-04,9.956949,,
2023-04-05,9.977256,,
2023-04-06,9.997912,,
2023-04-07,10.018895,,
2023-04-08,10.040182,,
2023-04-09,10.061749,,
2023-04-10,10.083574,,
2023-04-11,10.105635,,
2023-04-12,10.127908,,
2023-04-13,10.150372,,
2023-04-14,10.173003,,
2023-04-15,10.195781,,0.8207897
2023-04-16,10.218682,,
2023-04-17,10.241687,,
2023-04-18,10.264773,,
2023-04-19,10.28792,,
2023-04-20,10.311108,,
2023-04-21,10.334315,,
2023-04-22,10.357525,,
2023-04-23,10.380716,,
2023-04-24,10.403873,,
2023-04-25,10.426977,,
2023-04-26,10.450011,,
2023-04-27,10.4729595,,
2023-04-28,10.495806,,
2023-04-29,10.518535,,
2023-04-30,10.541133,,
2023-05-01,10.563584,0.056196913,
2023-05-02,10.585877,,
2023-05-03,10.607997,,
2023-05-04,10.629931,,
2023-05-05,10.651668,,
2023-05-06,10.673193,,
2023-05-07,10.694498,,
2023-05-08,10.7155695,,
2023-05-09,10.736399,,
2023-05-10,10.756972,,
2023-05-11,10.777283,,
2023-05-12,10.797318,,
2023-05-13,10.817069,,
2023-05-14,10.836527,,
2023-05-15,10.85568,,0.36860874
2023-05-16,10.874522,,
2023-05-17,10.893043,,
2023-05-18,10.911235,,
2023-05-19,10.92909,,
2023-05-20,10.9466,,
2023-05-21,10.963759,,
2023-05-22,10.980562,,
2023-05-23,10.997001,,
2023-05-24,11.013071,,
2023-05-25,11.028767,,
2023-05-26,11.044085,,
2023-05-27,11.05902,,
2023-05-28,11.073567,,
2023-05-29,11.087724,,
2023-05-30,11.101485,,
2023-05-31,11.114848,,
2023-06-01,11.127808,0.051801626,
2023-06-02,11.140362,,
2023-06-03,11.152506,,
2023-06-04,11.164236,,
2023-06-05,11.175549,,
2023-06-06,11.1864395,,
2023-06-07,11.196904,,
2023-06-15,,,0.80010134
2023-07-01,,0.045011465,
2023-07-15,,,1.7588874
2023-08-01,,0.039442353,
2023-08-15,,,0.8516034
2023-09-01,,0.04173122,
2023-09-15,,,0.7074357
2023-10-01,,0.04329039,
2023-10-15,,,1.4092753
2023-11-01,,0.07077415,
2023-11-15,,,1.348947
2023-12-01,,0.09259859,
2023-12-15,,,0.96655256
