time,MSL_filtered_GIA_TPA_corrected_adjusted,trend_MSL_filtered_GIA_TPA_corrected_adjusted
1993-01-01,-2.4406073,2.0003169
1993-01-02,-2.412209,2.0009484
1993-01-03,-2.3837445,2.00158
1993-01-04,-2.3551977,2.0022116
1993-01-05,-2.326554,2.0028431
1993-01-06,-2.2977984,2.0034747
1993-01-07,-2.2689166,2.0041063
1993-01-08,-2.2398949,2.0047379
1993-01-09,-2.2107203,2.0053694
1993-01-10,-2.1813796,2.006001
1993-01-11,-2.1518605,2.0066326
1993-01-12,-2.122151,2.0072644
1993-01-13,-2.0922396,2.007896
1993-01-14,-2.0621157,2.0085275
1993-01-15,-2.0317683,2.0091593
1993-01-16,-2.001188,2.009791
1993-01-17,-1.9703648,2.0104227
1993-01-18,-1.9392899,2.0110543
1993-01-19,-1.9079548,2.011686
1993-01-20,-1.8763518,2.0123177
1993-01-21,-1.8444734,2.0129495
1993-01-22,-1.8123127,2.0135813
1993-01-23,-1.7798635,2.0142128
1993-01-24,-1.7471198,2.0148447
1993-01-25,-1.7140764,2.0154765
1993-01-26,-1.6807286,2.0161083
1993-01-27,-1.6470716,2.01674
1993-01-28,-1.6131016,2.017372
1993-01-29,-1.5788149,2.0180037
1993-01-30,-1.5442083,2.0186355
1993-01-31,-1.509279,2.0192673
1993-02-01,-1.4740248,2.0198991
1993-02-02,-1.4384435,2.020531
1993-02-03,-1.4025337,2.021163
1993-02-04,-1.3662938,2.0217948
1993-02-05,-1.329723,2.0224266
1993-02-06,-1.2928203,2.0230587
1993-02-07,-1.2555859,2.0236905
1993-02-08,-1.2180195,2.0243223
1993-02-09,-1.1801218,2.0249543
1993-02-10,-1.1418934,2.0255861
1993-02-11,-1.1033357,2.0262182
1993-02-12,-1.0644504,2.0268502
1993-02-13,-1.0252393,2.027482
1993-02-14,-0.985705,2.028114
1993-02-15,-0.94585025,2.0287461
1993-02-16,-0.9056783,2.0293782
1993-02-17,-0.86519283,2.03001
1993-02-18,-0.82439804,2.030642
1993-02-19,-0.7832985,2.031274
1993-02-20,-0.7418993,2.0319061
1993-02-21,-0.7002061,2.0325382
1993-02-22,-0.6582251,2.0331702
1993-02-23,-0.6159632,2.0338023
1993-02-24,-0.5734279,2.0344346
1993-02-25,-0.53062737,2.0350666
1993-02-26,-0.48757035,2.0356987
1993-02-27,-0.4442662,2.0363307
1993-02-28,-0.40072492,2.036963
1993-03-01,-0.3569571,2.037595
1993-03-02,-0.31297398,2.038227
1993-03-03,-0.26878732,2.0388594
1993-03-04,-0.2244095,2.0394914
1993-03-05,-0.17985347,2.0401237
1993-03-06,-0.1351328,2.040756
1993-03-07,-0.09026168,2.041388
1993-03-08,-0.045254864,2.0420203
1993-03-09,-0.00012766063,2.0426526
1993-03-10,0.045104045,2.0432847
1993-03-11,0.0904238,2.043917
1993-03-12,0.13581459,2.0445492
1993-03-13,0.1812588,2.0451815
1993-03-14,0.22673826,2.0458138
1993-03-15,0.2722342,2.046446
1993-03-16,0.3177272,2.0470784
1993-03-17,0.36319724,2.0477107
1993-03-18,0.40862367,2.048343
1993-03-19,0.45398524,2.0489752
1993-03-20,0.49926016,2.0496075
1993-03-21,0.54442596,2.05024
1993-03-22,0.5894597,2.0508723
1993-03-23,0.63433784,2.0515046
1993-03-24,0.6790363,2.0521371
1993-03-25,0.72353065,2.0527694
1993-03-26,0.767796,2.053402
1993-03-27,0.8118069,2.0540342
1993-03-28,0.8555378,2.0546668
1993-03-29,0.8989625,2.055299
1993-03-30,0.9420546,2.0559316
1993-03-31,0.9847875,2.056564
1993-04-01,1.027134,2.0571964
1993-04-02,1.0690665,2.057829
1993-04-03,1.1105576,2.0584614
1993-04-04,1.151579,2.059094
1993-04-05,1.1921027,2.0597265
1993-04-06,1.2321,2.060359
1993-04-07,1.2715423,2.0609915
1993-04-08,1.3104007,2.061624
1993-04-09,1.3486459,2.0622566
1993-04-10,1.3862487,2.062889
1993-04-11,1.4231801,2.0635216
1993-04-12,1.4594107,2.0641541
1993-04-13,1.4949114,2.064787
1993-04-14,1.5296537,2.0654194
1993-04-15,1.5636088,2.066052
1993-04-16,1.5967491,2.0666847
1993-04-17,1.6290472,2.0673172
1993-04-18,1.6604766,2.06795
1993-04-19,1.6910117,2.0685825
1993-04-20,1.7206283,2.0692153
1993-04-21,1.749303,2.0698478
1993-04-22,1.7770138,2.0704806
1993-04-23,1.8037404,2.0711133
1993-04-24,1.8294635,2.0717459
1993-04-25,1.8541656,2.0723786
1993-04-26,1.8778305,2.0730114
1993-04-27,1.9004438,2.0736442
1993-04-28,1.9219924,2.074277
1993-04-29,1.9424651,2.0749097
1993-04-30,1.961852,2.0755424
1993-05-01,1.9801447,2.0761752
1993-05-02,1.997337,2.076808
1993-05-03,2.0134234,2.0774407
1993-05-04,2.0284007,2.0780735
1993-05-05,2.0422666,2.0787065
1993-05-06,2.0550208,2.0793393
1993-05-07,2.0666642,2.079972
1993-05-08,2.0771997,2.080605
1993-05-09,2.0866313,2.0812378
1993-05-10,2.094965,2.0818706
1993-05-11,2.1022086,2.0825036
1993-05-12,2.1083715,2.0831363
1993-05-13,2.1134653,2.0837693
1993-05-14,2.1175034,2.0844023
1993-05-15,2.1205013,2.085035
1993-05-16,2.1224763,2.085668
1993-05-17,2.1234486,2.086301
1993-05-18,2.1234393,2.086934
1993-05-19,2.1224725,2.0875669
1993-05-20,2.1205738,2.0881999
1993-05-21,2.1177707,2.0888329
1993-05-22,2.1140924,2.0894659
1993-05-23,2.1095703,2.0900989
1993-05-24,2.1042368,2.0907319
1993-05-25,2.0981264,2.0913649
1993-05-26,2.0912745,2.091998
1993-05-27,2.0837178,2.092631
1993-05-28,2.075494,2.093264
1993-05-29,2.0666413,2.093897
1993-05-30,2.057199,2.0945303
1993-05-31,2.0472066,2.0951633
1993-06-01,2.0367045,2.0957963
1993-06-02,2.025733,2.0964296
1993-06-03,2.0143325,2.0970626
1993-06-04,2.0025434,2.0976958
1993-06-05,1.9904065,2.098329
1993-06-06,1.9779621,2.098962
1993-06-07,1.9652508,2.0995953
1993-06-08,1.952313,2.1002285
1993-06-09,1.9391885,2.1008615
1993-06-10,1.9259171,2.1014948
1993-06-11,1.9125384,2.102128
1993-06-12,1.8990912,2.1027613
1993-06-13,1.885614,2.1033945
1993-06-14,1.8721449,2.1040277
1993-06-15,1.8587211,2.104661
1993-06-16,1.8453796,2.1052942
1993-06-17,1.8321567,2.1059275
1993-06-18,1.819088,2.1065607
1993-06-19,1.8062084,2.107194
1993-06-20,1.7935519,2.1078274
1993-06-21,1.7811522,2.1084607
1993-06-22,1.7690417,2.109094
1993-06-23,1.7572517,2.1097274
1993-06-24,1.7458133,2.1103606
1993-06-25,1.7347559,2.110994
1993-06-26,1.7241081,2.1116273
1993-06-27,1.7138973,2.1122608
1993-06-28,1.70415,2.112894
1993-06-29,1.6948909,2.1135275
1993-06-30,1.6861435,2.114161
1993-07-01,1.6779302,2.1147943
1993-07-02,1.6702719,2.1154277
1993-07-03,1.6631871,2.1160612
1993-07-04,1.6566911,2.1166947
1993-07-05,1.6507959,2.1173282
1993-07-06,1.6455126,2.1179616
1993-07-07,1.6408509,2.1185951
1993-07-08,1.6368189,2.1192286
1993-07-09,1.6334232,2.119862
1993-07-10,1.6306694,2.1204956
1993-07-11,1.6285616,2.121129
1993-07-12,1.627103,2.1217625
1993-07-13,1.6262953,2.1223962
1993-07-14,1.6261395,2.1230297
1993-07-15,1.6266352,2.1236632
1993-07-16,1.627781,2.124297
1993-07-17,1.6295749,2.1249304
1993-07-18,1.6320133,2.125564
1993-07-19,1.635092,2.1261976
1993-07-20,1.6388057,2.1268313
1993-07-21,1.6431485,2.1274648
1993-07-22,1.6481133,2.1280985
1993-07-23,1.6536922,2.1287322
1993-07-24,1.6598773,2.1293657
1993-07-25,1.666659,2.1299994
1993-07-26,1.6740274,2.130633
1993-07-27,1.6819718,2.1312668
1993-07-28,1.6904808,2.1319005
1993-07-29,1.6995422,2.1325343
1993-07-30,1.709143,2.133168
1993-07-31,1.7192695,2.1338017
1993-08-01,1.729907,2.1344354
1993-08-02,1.7410406,2.1350691
1993-08-03,1.7526536,2.1357028
1993-08-04,1.764729,2.1363366
1993-08-05,1.7772485,2.1369705
1993-08-06,1.7901926,2.1376042
1993-08-07,1.8035406,2.138238
1993-08-08,1.8172708,2.138872
1993-08-09,1.8313602,2.1395056
1993-08-10,1.8457848,2.1401396
1993-08-11,1.8605193,2.1407733
1993-08-12,1.8755368,2.1414073
1993-08-13,1.8908094,2.1420412
1993-08-14,1.9063083,2.142675
1993-08-15,1.9220033,2.1433089
1993-08-16,1.9378637,2.1439428
1993-08-17,1.9538578,2.1445765
1993-08-18,1.9699535,2.1452105
1993-08-19,1.9861182,2.1458445
1993-08-20,2.0023189,2.1464784
1993-08-21,2.0185225,2.1471124
1993-08-22,2.0346959,2.1477463
1993-08-23,2.0508058,2.1483803
1993-08-24,2.0668194,2.1490142
1993-08-25,2.0827043,2.1496482
1993-08-26,2.0984282,2.1502824
1993-08-27,2.11396,2.1509163
1993-08-28,2.1292691,2.1515503
1993-08-29,2.1443253,2.1521842
1993-08-30,2.1591,2.1528184
1993-08-31,2.1735656,2.1534524
1993-09-01,2.1876953,2.1540866
1993-09-02,2.201464,2.1547205
1993-09-03,2.2148478,2.1553547
1993-09-04,2.2278237,2.1559887
1993-09-05,2.2403703,2.156623
1993-09-06,2.2524674,2.157257
1993-09-07,2.2640958,2.157891
1993-09-08,2.2752376,2.1585252
1993-09-09,2.2858758,2.1591594
1993-09-10,2.295995,2.1597936
1993-09-11,2.3055804,2.1604278
1993-09-12,2.314619,2.161062
1993-09-13,2.3230987,2.1616962
1993-09-14,2.331008,2.1623304
1993-09-15,2.3383365,2.1629646
1993-09-16,2.345075,2.1635988
1993-09-17,2.3512146,2.164233
1993-09-18,2.3567476,2.1648672
1993-09-19,2.3616667,2.1655016
1993-09-20,2.3659654,2.1661358
1993-09-21,2.3696382,2.16677
1993-09-22,2.3726804,2.1674044
1993-09-23,2.3750877,2.1680386
1993-09-24,2.376857,2.1686728
1993-09-25,2.377986,2.1693072
1993-09-26,2.3784735,2.1699417
1993-09-27,2.3783193,2.1705759
1993-09-28,2.3775237,2.1712103
1993-09-29,2.3760889,2.1718445
1993-09-30,2.3740172,2.172479
1993-10-01,2.371313,2.1731133
1993-10-02,2.3679807,2.1737478
1993-10-03,2.364026,2.1743822
1993-10-04,2.3594556,2.1750166
1993-10-05,2.3542771,2.1756508
1993-10-06,2.3484986,2.1762853
1993-10-07,2.3421297,2.17692
1993-10-08,2.33518,2.1775544
1993-10-09,2.3276608,2.1781888
1993-10-10,2.3195832,2.1788232
1993-10-11,2.31096,2.1794577
1993-10-12,2.301804,2.180092
1993-10-13,2.2921293,2.1807268
1993-10-14,2.28195,2.1813612
1993-10-15,2.2712812,2.1819956
1993-10-16,2.2601383,2.1826303
1993-10-17,2.2485368,2.1832647
1993-10-18,2.2364938,2.1838994
1993-10-19,2.2240255,2.1845338
1993-10-20,2.2111495,2.1851685
1993-10-21,2.1978827,2.1858032
1993-10-22,2.184243,2.1864376
1993-10-23,2.170248,2.1870723
1993-10-24,2.1559165,2.187707
1993-10-25,2.1412663,2.1883416
1993-10-26,2.126316,2.1889763
1993-10-27,2.1110842,2.189611
1993-10-28,2.0955894,2.1902456
1993-10-29,2.0798512,2.1908803
1993-10-30,2.0638878,2.191515
1993-10-31,2.0477188,2.1921496
1993-11-01,2.0313635,2.1927843
1993-11-02,2.014841,2.193419
1993-11-03,1.998171,2.1940536
1993-11-04,1.9813732,2.1946886
1993-11-05,1.9644669,2.1953232
1993-11-06,1.9474721,2.195958
1993-11-07,1.930408,2.1965928
1993-11-08,1.9132941,2.1972275
1993-11-09,1.8961495,2.1978624
1993-11-10,1.8789929,2.198497
1993-11-11,1.8618429,2.199132
1993-11-12,1.8447174,2.1997666
1993-11-13,1.827634,2.2004015
1993-11-14,1.8106093,2.2010365
1993-11-15,1.7936599,2.2016711
1993-11-16,1.7768013,2.202306
1993-11-17,1.7600484,2.202941
1993-11-18,1.7434156,2.2035758
1993-11-19,1.7269162,2.2042108
1993-11-20,1.7105631,2.2048457
1993-11-21,1.6943684,2.2054806
1993-11-22,1.678343,2.2061155
1993-11-23,1.6624979,2.2067504
1993-11-24,1.6468424,2.2073853
1993-11-25,1.6313856,2.2080202
1993-11-26,1.616136,2.2086554
1993-11-27,1.6011009,2.2092903
1993-11-28,1.5862876,2.2099252
1993-11-29,1.5717022,2.2105603
1993-11-30,1.5573506,2.2111952
1993-12-01,1.5432379,2.2118301
1993-12-02,1.5293686,2.2124653
1993-12-03,1.515747,2.2131002
1993-12-04,1.5023763,2.2137353
1993-12-05,1.48926,2.2143705
1993-12-06,1.4764004,2.2150054
1993-12-07,1.4638,2.2156405
1993-12-08,1.4514605,2.2162757
1993-12-09,1.4393833,2.2169108
1993-12-10,1.4275696,2.217546
1993-12-11,1.4160202,2.218181
1993-12-12,1.4047353,2.218816
1993-12-13,1.3937153,2.2194512
1993-12-14,1.3829597,2.2200863
1993-12-15,1.3724684,2.2207215
1993-12-16,1.3622403,2.2213569
1993-12-17,1.3522745,2.221992
1993-12-18,1.3425701,2.2226272
1993-12-19,1.3331254,2.2232623
1993-12-20,1.3239391,2.2238975
1993-12-21,1.3150095,2.2245328
1993-12-22,1.3063345,2.225168
1993-12-23,1.2979122,2.2258034
1993-12-24,1.2897404,2.2264385
1993-12-25,1.2818166,2.227074
1993-12-26,1.2741385,2.227709
1993-12-27,1.2667034,2.2283444
1993-12-28,1.2595086,2.2289796
1993-12-29,1.2525516,2.229615
1993-12-30,1.2458293,2.2302504
1993-12-31,1.2393392,2.2308857
1994-01-01,1.2330779,2.231521
1994-01-02,1.2270423,2.2321563
1994-01-03,1.2212292,2.2327917
1994-01-04,1.2156352,2.233427
1994-01-05,1.2102568,2.2340624
1994-01-06,1.2050905,2.2346978
1994-01-07,1.2001325,2.2353332
1994-01-08,1.1953788,2.2359686
1994-01-09,1.1908255,2.2366042
1994-01-10,1.1864685,2.2372396
1994-01-11,1.1823039,2.237875
1994-01-12,1.1783278,2.2385104
1994-01-13,1.1745362,2.239146
1994-01-14,1.1709256,2.2397814
1994-01-15,1.1674923,2.240417
1994-01-16,1.1642332,2.2410524
1994-01-17,1.1611454,2.241688
1994-01-18,1.1582265,2.2423234
1994-01-19,1.155474,2.242959
1994-01-20,1.1528864,2.2435944
1994-01-21,1.1504622,2.24423
1994-01-22,1.1482006,2.2448657
1994-01-23,1.1461011,2.2455013
1994-01-24,1.1441638,2.2461367
1994-01-25,1.1423894,2.2467723
1994-01-26,1.1407784,2.247408
1994-01-27,1.1393323,2.2480435
1994-01-28,1.1380525,2.2486792
1994-01-29,1.1369408,2.2493148
1994-01-30,1.1359994,2.2499504
1994-01-31,1.1352305,2.250586
1994-02-01,1.134637,2.251222
1994-02-02,1.1342216,2.2518575
1994-02-03,1.133987,2.2524931
1994-02-04,1.1339365,2.2531288
1994-02-05,1.1340733,2.2537646
1994-02-06,1.1344005,2.2544003
1994-02-07,1.1349216,2.255036
1994-02-08,1.1356401,2.2556717
1994-02-09,1.1365597,2.2563076
1994-02-10,1.1376837,2.2569432
1994-02-11,1.1390162,2.257579
1994-02-12,1.1405606,2.258215
1994-02-13,1.1423209,2.2588506
1994-02-14,1.1443007,2.2594864
1994-02-15,1.1465039,2.2601223
1994-02-16,1.1489344,2.2607582
1994-02-17,1.1515958,2.261394
1994-02-18,1.1544924,2.2620296
1994-02-19,1.1576277,2.2626655
1994-02-20,1.1610059,2.2633014
1994-02-21,1.1646305,2.2639372
1994-02-22,1.1685055,2.2645733
1994-02-23,1.1726351,2.2652092
1994-02-24,1.1770229,2.265845
1994-02-25,1.1816732,2.266481
1994-02-26,1.1865895,2.2671168
1994-02-27,1.1917757,2.267753
1994-02-28,1.1972355,2.2683887
1994-03-01,1.2029724,2.2690248
1994-03-02,1.2089896,2.2696607
1994-03-03,1.2152904,2.2702968
1994-03-04,1.2218775,2.2709327
1994-03-05,1.2287533,2.2715688
1994-03-06,1.2359207,2.2722046
1994-03-07,1.2433816,2.2728407
1994-03-08,1.251138,2.2734768
1994-03-09,1.2591914,2.2741127
1994-03-10,1.2675431,2.2747488
1994-03-11,1.2761941,2.275385
1994-03-12,1.2851449,2.276021
1994-03-13,1.2943958,2.276657
1994-03-14,1.3039466,2.2772932
1994-03-15,1.3137968,2.2779293
1994-03-16,1.3239452,2.2785654
1994-03-17,1.3343905,2.2792015
1994-03-18,1.345131,2.2798376
1994-03-19,1.3561641,2.2804737
1994-03-20,1.3674868,2.28111
1994-03-21,1.3790959,2.2817461
1994-03-22,1.3909874,2.2823822
1994-03-23,1.4031565,2.2830186
1994-03-24,1.4155983,2.2836547
1994-03-25,1.4283068,2.284291
1994-03-26,1.441276,2.2849271
1994-03-27,1.4544986,2.2855635
1994-03-28,1.4679673,2.2861996
1994-03-29,1.481674,2.286836
1994-03-30,1.49561,2.2874722
1994-03-31,1.5097666,2.2881083
1994-04-01,1.5241343,2.2887447
1994-04-02,1.5387033,2.289381
1994-04-03,1.553464,2.2900174
1994-04-04,1.5684063,2.2906537
1994-04-05,1.5835198,2.29129
1994-04-06,1.5987945,2.2919264
1994-04-07,1.6142197,2.2925627
1994-04-08,1.6297853,2.293199
1994-04-09,1.6454808,2.2938354
1994-04-10,1.6612958,2.2944717
1994-04-11,1.6772197,2.295108
1994-04-12,1.693242,2.2957447
1994-04-13,1.7093517,2.296381
1994-04-14,1.7255378,2.2970173
1994-04-15,1.741789,2.297654
1994-04-16,1.7580934,2.2982903
1994-04-17,1.7744389,2.2989266
1994-04-18,1.7908127,2.2995632
1994-04-19,1.8072014,2.3001997
1994-04-20,1.8235906,2.300836
1994-04-21,1.8399653,2.3014727
1994-04-22,1.8563097,2.3021092
1994-04-23,1.872607,2.3027456
1994-04-24,1.8888398,2.3033822
1994-04-25,1.9049901,2.3040187
1994-04-26,1.9210391,2.3046553
1994-04-27,1.9369678,2.305292
1994-04-28,1.9527568,2.3059285
1994-04-29,1.9683862,2.306565
1994-04-30,1.9838362,2.3072016
1994-05-01,1.9990867,2.3078382
1994-05-02,2.0141182,2.3084748
1994-05-03,2.0289104,2.3091114
1994-05-04,2.0434442,2.309748
1994-05-05,2.0577002,2.3103848
1994-05-06,2.0716598,2.3110213
1994-05-07,2.0853047,2.311658
1994-05-08,2.098617,2.3122947
1994-05-09,2.1115794,2.3129313
1994-05-10,2.1241753,2.313568
1994-05-11,2.136388,2.3142047
1994-05-12,2.1482015,2.3148415
1994-05-13,2.1596003,2.315478
1994-05-14,2.1705687,2.316115
1994-05-15,2.1810915,2.3167517
1994-05-16,2.1911542,2.3173883
1994-05-17,2.200742,2.318025
1994-05-18,2.2098403,2.318662
1994-05-19,2.2184358,2.3192987
1994-05-20,2.226515,2.3199356
1994-05-21,2.2340653,2.3205724
1994-05-22,2.2410748,2.3212092
1994-05-23,2.2475324,2.321846
1994-05-24,2.2534275,2.3224828
1994-05-25,2.258751,2.3231196
1994-05-26,2.2634947,2.3237565
1994-05-27,2.2676513,2.3243935
1994-05-28,2.271215,2.3250303
1994-05-29,2.2741814,2.3256671
1994-05-30,2.2765474,2.3263042
1994-05-31,2.2783115,2.326941
1994-06-01,2.279473,2.3275778
1994-06-02,2.2800336,2.328215
1994-06-03,2.2799957,2.3288517
1994-06-04,2.2793632,2.3294888
1994-06-05,2.2781417,2.3301258
1994-06-06,2.276338,2.3307626
1994-06-07,2.2739604,2.3313997
1994-06-08,2.2710178,2.3320367
1994-06-09,2.267521,2.3326738
1994-06-10,2.2634811,2.3333106
1994-06-11,2.2589116,2.3339477
1994-06-12,2.253826,2.3345847
1994-06-13,2.248239,2.3352218
1994-06-14,2.2421665,2.3358588
1994-06-15,2.2356253,2.3364959
1994-06-16,2.2286327,2.3371332
1994-06-17,2.2212064,2.3377702
1994-06-18,2.2133656,2.3384073
1994-06-19,2.2051291,2.3390443
1994-06-20,2.1965165,2.3396814
1994-06-21,2.1875477,2.3403187
1994-06-22,2.1782427,2.3409557
1994-06-23,2.1686223,2.341593
1994-06-24,2.1587067,2.34223
1994-06-25,2.148517,2.3428674
1994-06-26,2.1380734,2.3435044
1994-06-27,2.1273973,2.3441417
1994-06-28,2.1165097,2.3447788
1994-06-29,2.1054316,2.345416
1994-06-30,2.094184,2.3460534
1994-07-01,2.082788,2.3466904
1994-07-02,2.0712657,2.3473277
1994-07-03,2.059638,2.347965
1994-07-04,2.047927,2.3486023
1994-07-05,2.036154,2.3492396
1994-07-06,2.024342,2.3498769
1994-07-07,2.0125127,2.3505142
1994-07-08,2.0006886,2.3511515
1994-07-09,1.9888922,2.3517888
1994-07-10,1.977146,2.352426
1994-07-11,1.9654727,2.3530636
1994-07-12,1.9538946,2.3537009
1994-07-13,1.9424338,2.3543382
1994-07-14,1.931112,2.3549757
1994-07-15,1.9199505,2.355613
1994-07-16,1.9089701,2.3562503
1994-07-17,1.8981907,2.3568878
1994-07-18,1.8876315,2.357525
1994-07-19,1.877311,2.3581626
1994-07-20,1.8672465,2.3588002
1994-07-21,1.8574541,2.3594375
1994-07-22,1.8479488,2.360075
1994-07-23,1.8387443,2.3607125
1994-07-24,1.8298526,2.3613498
1994-07-25,1.8212849,2.3619874
1994-07-26,1.8130506,2.362625
1994-07-27,1.8051584,2.3632624
1994-07-28,1.7976153,2.3639
1994-07-29,1.7904276,2.3645375
1994-07-30,1.7836003,2.365175
1994-07-31,1.7771376,2.3658125
1994-08-01,1.7710426,2.36645
1994-08-02,1.7653174,2.3670876
1994-08-03,1.7599639,2.3677254
1994-08-04,1.7549827,2.368363
1994-08-05,1.7503746,2.3690004
1994-08-06,1.7461393,2.3696382
1994-08-07,1.7422765,2.3702757
1994-08-08,1.7387853,2.3709133
1994-08-09,1.7356644,2.371551
1994-08-10,1.7329118,2.3721886
1994-08-11,1.730526,2.3728263
1994-08-12,1.7285047,2.373464
1994-08-13,1.7268454,2.3741016
1994-08-14,1.7255459,2.3747394
1994-08-15,1.7246029,2.3753772
1994-08-16,1.7240133,2.376015
1994-08-17,1.7237735,2.3766525
1994-08-18,1.7238795,2.3772902
1994-08-19,1.724327,2.377928
1994-08-20,1.7251115,2.3785658
1994-08-21,1.7262281,2.3792036
1994-08-22,1.7276721,2.3798413
1994-08-23,1.7294381,2.380479
1994-08-24,1.7315207,2.3811169
1994-08-25,1.733914,2.3817549
1994-08-26,1.7366123,2.3823926
1994-08-27,1.7396092,2.3830304
1994-08-28,1.7428985,2.3836682
1994-08-29,1.7464734,2.3843062
1994-08-30,1.750327,2.384944
1994-08-31,1.7544519,2.385582
1994-09-01,1.7588401,2.3862197
1994-09-02,1.7634829,2.3868577
1994-09-03,1.7683716,2.3874955
1994-09-04,1.7734962,2.3881335
1994-09-05,1.7788467,2.3887715
1994-09-06,1.7844125,2.3894093
1994-09-07,1.7901825,2.3900473
1994-09-08,1.7961451,2.3906853
1994-09-09,1.8022883,2.3913233
1994-09-10,1.8085997,2.3919613
1994-09-11,1.8150661,2.3925993
1994-09-12,1.8216742,2.3932374
1994-09-13,1.8284105,2.3938754
1994-09-14,1.8352613,2.3945134
1994-09-15,1.8422129,2.3951514
1994-09-16,1.8492514,2.3957894
1994-09-17,1.8563632,2.3964274
1994-09-18,1.8635348,2.3970654
1994-09-19,1.8707528,2.3977036
1994-09-20,1.8780043,2.3983417
1994-09-21,1.8852767,2.3989797
1994-09-22,1.8925579,2.399618
1994-09-23,1.8998365,2.400256
1994-09-24,1.907102,2.4008942
1994-09-25,1.9143438,2.4015322
1994-09-26,1.9215525,2.4021704
1994-09-27,1.9287187,2.4028087
1994-09-28,1.9358338,2.4034467
1994-09-29,1.9428896,2.404085
1994-09-30,1.9498783,2.4047232
1994-10-01,1.9567934,2.4053614
1994-10-02,1.9636283,2.4059994
1994-10-03,1.9703776,2.4066377
1994-10-04,1.977036,2.407276
1994-10-05,1.9835995,2.4079142
1994-10-06,1.9900645,2.4085524
1994-10-07,1.9964277,2.4091907
1994-10-08,2.0026867,2.409829
1994-10-09,2.0088403,2.4104674
1994-10-10,2.014887,2.4111056
1994-10-11,2.0208266,2.4117439
1994-10-12,2.0266588,2.4123821
1994-10-13,2.0323842,2.4130206
1994-10-14,2.0380032,2.4136589
1994-10-15,2.043517,2.4142973
1994-10-16,2.0489273,2.4149356
1994-10-17,2.0542355,2.415574
1994-10-18,2.059444,2.4162123
1994-10-19,2.0645547,2.4168508
1994-10-20,2.06957,2.417489
1994-10-21,2.0744925,2.4181275
1994-10-22,2.0793245,2.418766
1994-10-23,2.0840683,2.4194045
1994-10-24,2.0887263,2.4200428
1994-10-25,2.093301,2.4206812
1994-10-26,2.097795,2.4213197
1994-10-27,2.1022108,2.4219582
1994-10-28,2.1065502,2.4225967
1994-10-29,2.110816,2.4232352
1994-10-30,2.11501,2.4238737
1994-10-31,2.1191344,2.4245121
1994-11-01,2.123191,2.4251509
1994-11-02,2.1271815,2.4257894
1994-11-03,2.1311078,2.4264278
1994-11-04,2.1349714,2.4270663
1994-11-05,2.1387732,2.427705
1994-11-06,2.1425145,2.4283435
1994-11-07,2.1461966,2.4289823
1994-11-08,2.14982,2.4296207
1994-11-09,2.1533856,2.4302595
1994-11-10,2.156894,2.430898
1994-11-11,2.1603453,2.4315367
1994-11-12,2.16374,2.4321752
1994-11-13,2.167078,2.432814
1994-11-14,2.17036,2.4334526
1994-11-15,2.1735857,2.4340913
1994-11-16,2.1767545,2.43473
1994-11-17,2.1798668,2.4353685
1994-11-18,2.1829221,2.4360073
1994-11-19,2.18592,2.436646
1994-11-20,2.18886,2.4372847
1994-11-21,2.191742,2.4379234
1994-11-22,2.1945655,2.4385622
1994-11-23,2.19733,2.439201
1994-11-24,2.2000349,2.4398398
1994-11-25,2.2026794,2.4404786
1994-11-26,2.2052627,2.4411173
1994-11-27,2.2077835,2.4417562
1994-11-28,2.2102404,2.442395
1994-11-29,2.2126317,2.4430337
1994-11-30,2.214955,2.4436727
1994-12-01,2.2172084,2.4443114
1994-12-02,2.2193885,2.4449503
1994-12-03,2.2214918,2.445589
1994-12-04,2.2235143,2.446228
1994-12-05,2.2254517,2.446867
1994-12-06,2.2272985,2.4475057
1994-12-07,2.2290492,2.4481447
1994-12-08,2.2306972,2.4487836
1994-12-09,2.232235,2.4494226
1994-12-10,2.2336552,2.4500616
1994-12-11,2.2349496,2.4507005
1994-12-12,2.2361093,2.4513395
1994-12-13,2.2371247,2.4519784
1994-12-14,2.237986,2.4526174
1994-12-15,2.2386835,2.4532564
1994-12-16,2.2392066,2.4538953
1994-12-17,2.2395449,2.4545343
1994-12-18,2.2396874,2.4551733
1994-12-19,2.2396235,2.4558125
1994-12-20,2.2393427,2.4564514
1994-12-21,2.2388334,2.4570904
1994-12-22,2.2380855,2.4577296
1994-12-23,2.237088,2.4583685
1994-12-24,2.2358303,2.4590077
1994-12-25,2.2343016,2.4596467
1994-12-26,2.2324915,2.460286
1994-12-27,2.2303903,2.460925
1994-12-28,2.2279878,2.461564
1994-12-29,2.225274,2.4622033
1994-12-30,2.22224,2.4628425
1994-12-31,2.218876,2.4634817
1995-01-01,2.2151735,2.4641206
1995-01-02,2.2111237,2.4647598
1995-01-03,2.206719,2.465399
1995-01-04,2.2019508,2.4660382
1995-01-05,2.1968124,2.4666774
1995-01-06,2.1912966,2.4673166
1995-01-07,2.1853971,2.467956
1995-01-08,2.1791081,2.4685953
1995-01-09,2.1724243,2.4692345
1995-01-10,2.1653411,2.4698737
1995-01-11,2.1578543,2.4705129
1995-01-12,2.1499605,2.4711523
1995-01-13,2.1416569,2.4717915
1995-01-14,2.132941,2.472431
1995-01-15,2.1238112,2.4730701
1995-01-16,2.1142666,2.4737096
1995-01-17,2.1043065,2.4743488
1995-01-18,2.0939307,2.4749882
1995-01-19,2.08314,2.4756274
1995-01-20,2.0719357,2.4762669
1995-01-21,2.0603194,2.4769063
1995-01-22,2.0482934,2.4775457
1995-01-23,2.0358608,2.478185
1995-01-24,2.023025,2.4788244
1995-01-25,2.0097902,2.4794638
1995-01-26,1.9961611,2.4801033
1995-01-27,1.9821435,2.4807427
1995-01-28,1.9677438,2.4813821
1995-01-29,1.9529686,2.4820216
1995-01-30,1.9378262,2.482661
1995-01-31,1.9223249,2.4833007
1995-02-01,1.9064742,2.4839401
1995-02-02,1.8902842,2.4845796
1995-02-03,1.8737658,2.485219
1995-02-04,1.8569306,2.4858587
1995-02-05,1.8397913,2.486498
1995-02-06,1.8223609,2.4871378
1995-02-07,1.8046534,2.4877772
1995-02-08,1.7866834,2.488417
1995-02-09,1.7684665,2.4890563
1995-02-10,1.7500188,2.489696
1995-02-11,1.7313572,2.4903355
1995-02-12,1.7124989,2.4909751
1995-02-13,1.6934619,2.4916148
1995-02-14,1.6742648,2.4922545
1995-02-15,1.6549264,2.4928942
1995-02-16,1.6354661,2.4935336
1995-02-17,1.6159035,2.4941733
1995-02-18,1.5962586,2.494813
1995-02-19,1.5765519,2.4954526
1995-02-20,1.5568037,2.4960923
1995-02-21,1.537035,2.496732
1995-02-22,1.5172669,2.497372
1995-02-23,1.4975203,2.4980116
1995-02-24,1.4778167,2.4986513
1995-02-25,1.4581773,2.499291
1995-02-26,1.4386235,2.4999309
1995-02-27,1.4191766,2.5005705
1995-02-28,1.3998579,2.5012102
1995-03-01,1.3806887,2.5018501
1995-03-02,1.3616899,2.5024898
1995-03-03,1.3428829,2.5031297
1995-03-04,1.3242884,2.5037694
1995-03-05,1.3059266,2.5044093
1995-03-06,1.2878181,2.5050492
1995-03-07,1.2699825,2.505689
1995-03-08,1.2524396,2.5063288
1995-03-09,1.2352086,2.5069687
1995-03-10,1.2183083,2.5076087
1995-03-11,1.2017573,2.5082486
1995-03-12,1.1855736,2.5088885
1995-03-13,1.1697748,2.5095284
1995-03-14,1.1543782,2.5101683
1995-03-15,1.1394007,2.5108082
1995-03-16,1.124859,2.5114481
1995-03-17,1.1107693,2.512088
1995-03-18,1.0971473,2.512728
1995-03-19,1.084009,2.513368
1995-03-20,1.0713695,2.514008
1995-03-21,1.0592436,2.514648
1995-03-22,1.0476456,2.5152879
1995-03-23,1.0365896,2.515928
1995-03-24,1.0260894,2.516568
1995-03-25,1.0161586,2.517208
1995-03-26,1.0068098,2.517848
1995-03-27,0.9980559,2.5184882
1995-03-28,0.9899088,2.5191283
1995-03-29,0.98238033,2.5197682
1995-03-30,0.9754814,2.5204084
1995-03-31,0.9692225,2.5210485
1995-04-01,0.9636136,2.5216887
1995-04-02,0.95866394,2.5223286
1995-04-03,0.95438206,2.5229688
1995-04-04,0.95077574,2.523609
1995-04-05,0.9478522,2.524249
1995-04-06,0.9456178,2.5248892
1995-04-07,0.9440784,2.5255294
1995-04-08,0.94323903,2.5261695
1995-04-09,0.9431041,2.52681
1995-04-10,0.94367725,2.52745
1995-04-11,0.94496155,2.5280902
1995-04-12,0.94695914,2.5287304
1995-04-13,0.9496716,2.5293708
1995-04-14,0.9530998,2.530011
1995-04-15,0.9572438,2.5306513
1995-04-16,0.9621031,2.5312915
1995-04-17,0.9676764,2.5319316
1995-04-18,0.9739618,2.532572
1995-04-19,0.9809567,2.5332124
1995-04-20,0.9886579,2.5338526
1995-04-21,0.9970615,2.534493
1995-04-22,1.0061631,2.5351334
1995-04-23,1.0159574,2.5357738
1995-04-24,1.0264386,2.536414
1995-04-25,1.0376002,2.5370543
1995-04-26,1.0494348,2.5376947
1995-04-27,1.0619344,2.538335
1995-04-28,1.0750897,2.5389755
1995-04-29,1.0888911,2.5396159
1995-04-30,1.103328,2.5402563
1995-05-01,1.1183887,2.5408967
1995-05-02,1.1340609,2.541537
1995-05-03,1.1503313,2.5421777
1995-05-04,1.1671857,2.542818
1995-05-05,1.184609,2.5434585
1995-05-06,1.2025853,2.544099
1995-05-07,1.2210976,2.5447395
1995-05-08,1.240128,2.5453799
1995-05-09,1.2596581,2.5460205
1995-05-10,1.2796682,2.546661
1995-05-11,1.3001378,2.5473015
1995-05-12,1.3210459,2.5479422
1995-05-13,1.3423703,2.5485826
1995-05-14,1.3640882,2.5492232
1995-05-15,1.3861762,2.5498638
1995-05-16,1.4086099,2.5505044
1995-05-17,1.4313643,2.5511448
1995-05-18,1.4544135,2.5517855
1995-05-19,1.4777312,2.552426
1995-05-20,1.5012902,2.5530667
1995-05-21,1.5250628,2.5537074
1995-05-22,1.5490206,2.554348
1995-05-23,1.5731349,2.5549886
1995-05-24,1.5973763,2.5556293
1995-05-25,1.6217151,2.5562701
1995-05-26,1.6461213,2.5569108
1995-05-27,1.6705647,2.5575514
1995-05-28,1.6950146,2.558192
1995-05-29,1.7194408,2.558833
1995-05-30,1.7438126,2.5594735
1995-05-31,1.7680995,2.5601144
1995-06-01,1.7922719,2.560755
1995-06-02,1.8163,2.561396
1995-06-03,1.8401549,2.5620365
1995-06-04,1.8638077,2.5626774
1995-06-05,1.8872304,2.5633183
1995-06-06,1.9103957,2.563959
1995-06-07,1.9332768,2.5645998
1995-06-08,1.955847,2.5652406
1995-06-09,1.9780809,2.5658815
1995-06-10,1.9999527,2.5665224
1995-06-11,2.0214372,2.567163
1995-06-12,2.0425096,2.5678039
1995-06-13,2.0631459,2.5684447
1995-06-14,2.0833216,2.5690858
1995-06-15,2.1030133,2.5697267
1995-06-16,2.1221979,2.5703676
1995-06-17,2.1408527,2.5710084
1995-06-18,2.1589553,2.5716493
1995-06-19,2.1764839,2.5722902
1995-06-20,2.1934175,2.5729313
1995-06-21,2.2097354,2.5735722
1995-06-22,2.2254171,2.5742133
1995-06-23,2.240444,2.5748541
1995-06-24,2.2547965,2.5754952
1995-06-25,2.2684567,2.576136
1995-06-26,2.2814069,2.5767772
1995-06-27,2.2936301,2.577418
1995-06-28,2.3051095,2.5780592
1995-06-29,2.3158295,2.5787003
1995-06-30,2.3257742,2.5793414
1995-07-01,2.3349295,2.5799823
1995-07-02,2.3432806,2.5806234
1995-07-03,2.3508143,2.5812645
1995-07-04,2.357517,2.5819056
1995-07-05,2.3633766,2.5825467
1995-07-06,2.3683813,2.5831878
1995-07-07,2.3725195,2.583829
1995-07-08,2.3757815,2.58447
1995-07-09,2.378158,2.5851111
1995-07-10,2.3796406,2.5857525
1995-07-11,2.3802223,2.5863936
1995-07-12,2.3798976,2.5870347
1995-07-13,2.378662,2.5876758
1995-07-14,2.3765135,2.5883172
1995-07-15,2.3734503,2.5889583
1995-07-16,2.3694737,2.5895996
1995-07-17,2.3645859,2.5902407
1995-07-18,2.358792,2.590882
1995-07-19,2.3520982,2.5915232
1995-07-20,2.3445137,2.5921645
1995-07-21,2.3360486,2.5928059
1995-07-22,2.3267162,2.593447
1995-07-23,2.3165307,2.5940883
1995-07-24,2.3055093,2.5947297
1995-07-25,2.2936707,2.595371
1995-07-26,2.2810352,2.5960124
1995-07-27,2.2676249,2.5966537
1995-07-28,2.2534633,2.597295
1995-07-29,2.2385752,2.5979364
1995-07-30,2.2229867,2.5985777
1995-07-31,2.2067256,2.599219
1995-08-01,2.1898205,2.5998604
1995-08-02,2.172301,2.6005018
1995-08-03,2.1541984,2.6011434
1995-08-04,2.1355445,2.6017847
1995-08-05,2.1163728,2.602426
1995-08-06,2.0967174,2.6030676
1995-08-07,2.0766132,2.603709
1995-08-08,2.0560973,2.6043506
1995-08-09,2.0352073,2.604992
1995-08-10,2.0139816,2.6056335
1995-08-11,1.9924601,2.6062748
1995-08-12,1.970684,2.6069164
1995-08-13,1.9486952,2.607558
1995-08-14,1.9265368,2.6081994
1995-08-15,1.904253,2.608841
1995-08-16,1.8818889,2.6094825
1995-08-17,1.8594904,2.610124
1995-08-18,1.8371041,2.6107657
1995-08-19,1.8147774,2.6114073
1995-08-20,1.7925581,2.6120489
1995-08-21,1.770494,2.6126904
1995-08-22,1.7486335,2.613332
1995-08-23,1.7270253,2.6139736
1995-08-24,1.7057179,2.6146152
1995-08-25,1.6847601,2.615257
1995-08-26,1.6642005,2.6158986
1995-08-27,1.6440881,2.6165402
1995-08-28,1.6244713,2.6171818
1995-08-29,1.6053983,2.6178236
1995-08-30,1.5869174,2.6184652
1995-08-31,1.5690767,2.619107
1995-09-01,1.5519239,2.6197486
1995-09-02,1.5355067,2.6203904
1995-09-03,1.5198724,2.6210322
1995-09-04,1.5050683,2.6216738
1995-09-05,1.4911412,2.6223156
1995-09-06,1.4781375,2.6229575
1995-09-07,1.4661037,2.623599
1995-09-08,1.4550854,2.6242409
1995-09-09,1.445128,2.6248827
1995-09-10,1.4362763,2.6255245
1995-09-11,1.4285744,2.6261663
1995-09-12,1.4220657,2.6268082
1995-09-13,1.4167924,2.62745
1995-09-14,1.4127957,2.6280918
1995-09-15,1.4101152,2.6287336
1995-09-16,1.4087899,2.6293757
1995-09-17,1.4088569,2.6300175
1995-09-18,1.4103518,2.6306593
1995-09-19,1.4133089,2.6313012
1995-09-20,1.4177606,2.6319432
1995-09-21,1.4237376,2.632585
1995-09-22,1.4312692,2.633227
1995-09-23,1.4403822,2.633869
1995-09-24,1.4511021,2.634511
1995-09-25,1.4634522,2.6351528
1995-09-26,1.4774541,2.6357949
1995-09-27,1.4931276,2.636437
1995-09-28,1.5104907,2.6370788
1995-09-29,1.5295591,2.6377208
1995-09-30,1.5503474,2.638363
1995-10-01,1.5728676,2.639005
1995-10-02,1.5971301,2.639647
1995-10-03,1.6231433,2.640289
1995-10-04,1.6509142,2.6409311
1995-10-05,1.6804477,2.6415732
1995-10-06,1.7117472,2.6422153
1995-10-07,1.7448139,2.6428573
1995-10-08,1.7796477,2.6434994
1995-10-09,1.8162465,2.6441414
1995-10-10,1.8546063,2.6447835
1995-10-11,1.8947214,2.6454258
1995-10-12,1.9365845,2.6460679
1995-10-13,1.9801865,2.64671
1995-10-14,2.0255167,2.6473522
1995-10-15,2.072563,2.6479943
1995-10-16,2.1213112,2.6486366
1995-10-17,2.1717455,2.6492786
1995-10-18,2.2238486,2.649921
1995-10-19,2.2776012,2.6505632
1995-10-20,2.332983,2.6512053
1995-10-21,2.3899715,2.6518476
1995-10-22,2.4485426,2.65249
1995-10-23,2.5086708,2.6531322
1995-10-24,2.5703287,2.6537745
1995-10-25,2.6334867,2.6544166
1995-10-26,2.698114,2.6550589
1995-10-27,2.7641773,2.6557012
1995-10-28,2.8316412,2.6563435
1995-10-29,2.9004693,2.656986
1995-10-30,2.9706218,2.6576283
1995-10-31,3.0420582,2.6582706
1995-11-01,3.114735,2.658913
1995-11-02,3.1886067,2.6595552
1995-11-03,3.263626,2.6601977
1995-11-04,3.3397431,2.66084
1995-11-05,3.4169059,2.6614823
1995-11-06,3.4950604,2.6621249
1995-11-07,3.5741508,2.6627672
1995-11-08,3.6541188,2.6634097
1995-11-09,3.7349052,2.664052
1995-11-10,3.816448,2.6646945
1995-11-11,3.8986845,2.665337
1995-11-12,3.9815497,2.6659794
1995-11-13,4.0649776,2.666622
1995-11-14,4.1489005,2.6672645
1995-11-15,4.2332506,2.667907
1995-11-16,4.317958,2.6685495
1995-11-17,4.4029527,2.6691918
1995-11-18,4.488164,2.6698344
1995-11-19,4.5735197,2.670477
1995-11-20,4.6589494,2.6711195
1995-11-21,4.7443795,2.6717622
1995-11-22,4.829739,2.6724048
1995-11-23,4.9149547,2.6730473
1995-11-24,4.999955,2.6736898
1995-11-25,5.0846677,2.6743324
1995-11-26,5.169021,2.6749752
1995-11-27,5.252944,2.6756177
1995-11-28,5.336366,2.6762602
1995-11-29,5.419218,2.676903
1995-11-30,5.5014296,2.6775455
1995-12-01,5.582933,2.6781883
1995-12-02,5.663661,2.6788309
1995-12-03,5.743548,2.6794736
1995-12-04,5.822529,2.6801164
1995-12-05,5.90054,2.680759
1995-12-06,5.9775195,2.6814017
1995-12-07,6.0534067,2.6820445
1995-12-08,6.128143,2.6826873
1995-12-09,6.2016706,2.68333
1995-12-10,6.2739344,2.6839728
1995-12-11,6.34488,2.6846156
1995-12-12,6.4144554,2.6852584
1995-12-13,6.4826107,2.6859012
1995-12-14,6.5492973,2.686544
1995-12-15,6.614468,2.6871867
1995-12-16,6.6780787,2.6878295
1995-12-17,6.740086,2.6884723
1995-12-18,6.8004484,2.6891153
1995-12-19,6.859127,2.689758
1995-12-20,6.9160833,2.6904008
1995-12-21,6.9712825,2.6910439
1995-12-22,7.0246897,2.6916866
1995-12-23,7.0762734,2.6923296
1995-12-24,7.126003,2.6929724
1995-12-25,7.173849,2.6936154
1995-12-26,7.219786,2.6942582
1995-12-27,7.2637887,2.6949012
1995-12-28,7.3058343,2.6955442
1995-12-29,7.3459015,2.6961873
1995-12-30,7.383971,2.69683
1995-12-31,7.4200263,2.697473
1996-01-01,7.454052,2.698116
1996-01-02,7.486035,2.698759
1996-01-03,7.5159645,2.699402
1996-01-04,7.5438313,2.700045
1996-01-05,7.5696287,2.7006881
1996-01-06,7.5933523,2.7013311
1996-01-07,7.614999,2.7019742
1996-01-08,7.6345677,2.7026174
1996-01-09,7.65206,2.7032604
1996-01-10,7.6674795,2.7039034
1996-01-11,7.680831,2.7045467
1996-01-12,7.692122,2.7051897
1996-01-13,7.7013607,2.7058327
1996-01-14,7.708559,2.706476
1996-01-15,7.7137284,2.707119
1996-01-16,7.716884,2.7077622
1996-01-17,7.718042,2.7084053
1996-01-18,7.71722,2.7090485
1996-01-19,7.7144384,2.7096918
1996-01-20,7.7097178,2.710335
1996-01-21,7.703082,2.710978
1996-01-22,7.6945558,2.7116213
1996-01-23,7.6841645,2.7122645
1996-01-24,7.671937,2.7129078
1996-01-25,7.6579022,2.713551
1996-01-26,7.642091,2.7141943
1996-01-27,7.624535,2.7148376
1996-01-28,7.6052675,2.7154808
1996-01-29,7.5843234,2.716124
1996-01-30,7.5617385,2.7167673
1996-01-31,7.5375485,2.7174106
1996-02-01,7.5117917,2.718054
1996-02-02,7.484506,2.7186973
1996-02-03,7.4557314,2.7193406
1996-02-04,7.4255075,2.719984
1996-02-05,7.3938756,2.7206273
1996-02-06,7.3608766,2.7212708
1996-02-07,7.3265524,2.721914
1996-02-08,7.290946,2.7225575
1996-02-09,7.2540994,2.7232008
1996-02-10,7.2160563,2.7238443
1996-02-11,7.1768603,2.7244878
1996-02-12,7.1365542,2.725131
1996-02-13,7.0951834,2.7257745
1996-02-14,7.0527916,2.726418
1996-02-15,7.009423,2.7270615
1996-02-16,6.9651227,2.727705
1996-02-17,6.919935,2.7283485
1996-02-18,6.873905,2.728992
1996-02-19,6.8270783,2.7296355
1996-02-20,6.779499,2.730279
1996-02-21,6.7312126,2.7309225
1996-02-22,6.6822634,2.731566
1996-02-23,6.6326966,2.7322094
1996-02-24,6.582557,2.7328532
1996-02-25,6.531889,2.7334967
1996-02-26,6.4807377,2.7341402
1996-02-27,6.4291472,2.734784
1996-02-28,6.377162,2.7354274
1996-02-29,6.3248253,2.736071
1996-03-01,6.272182,2.7367146
1996-03-02,6.219274,2.7373583
1996-03-03,6.166145,2.7380018
1996-03-04,6.1128364,2.7386456
1996-03-05,6.05939,2.7392893
1996-03-06,6.0058465,2.739933
1996-03-07,5.9522467,2.7405765
1996-03-08,5.898628,2.7412202
1996-03-09,5.845031,2.741864
1996-03-10,5.79149,2.7425077
1996-03-11,5.738043,2.7431514
1996-03-12,5.684723,2.7437952
1996-03-13,5.6315646,2.744439
1996-03-14,5.5785995,2.7450826
1996-03-15,5.5258574,2.7457263
1996-03-16,5.4733686,2.7463703
1996-03-17,5.4211597,2.747014
1996-03-18,5.369257,2.7476578
1996-03-19,5.3176847,2.7483015
1996-03-20,5.266465,2.7489455
1996-03-21,5.2156196,2.7495892
1996-03-22,5.1651673,2.7502332
1996-03-23,5.115126,2.750877
1996-03-24,5.0655117,2.7515209
1996-03-25,5.0163383,2.7521646
1996-03-26,4.96762,2.7528086
1996-03-27,4.9193664,2.7534523
1996-03-28,4.871589,2.7540963
1996-03-29,4.8242955,2.7547402
1996-03-30,4.7774935,2.7553842
1996-03-31,4.7311893,2.7560282
1996-04-01,4.6853876,2.7566721
1996-04-02,4.6400914,2.7573159
1996-04-03,4.595305,2.7579598
1996-04-04,4.5510287,2.7586038
1996-04-05,4.507263,2.759248
1996-04-06,4.464009,2.759892
1996-04-07,4.4212637,2.760536
1996-04-08,4.379025,2.76118
1996-04-09,4.33729,2.761824
1996-04-10,4.296055,2.762468
1996-04-11,4.2553144,2.763112
1996-04-12,4.2150636,2.763756
1996-04-13,4.1752963,2.7644002
1996-04-14,4.1360054,2.7650442
1996-04-15,4.097184,2.7656884
1996-04-16,4.058824,2.7663324
1996-04-17,4.0209174,2.7669766
1996-04-18,3.9834552,2.7676206
1996-04-19,3.9464283,2.7682648
1996-04-20,3.909828,2.768909
1996-04-21,3.8736448,2.7695532
1996-04-22,3.837869,2.7701972
1996-04-23,3.8024912,2.7708414
1996-04-24,3.7675018,2.7714856
1996-04-25,3.7328916,2.7721298
1996-04-26,3.6986506,2.772774
1996-04-27,3.6647704,2.7734182
1996-04-28,3.6312413,2.7740624
1996-04-29,3.598055,2.7747066
1996-04-30,3.5652025,2.775351
1996-05-01,3.5326755,2.7759953
1996-05-02,3.5004659,2.7766395
1996-05-03,3.4685662,2.7772837
1996-05-04,3.4369686,2.777928
1996-05-05,3.405666,2.7785723
1996-05-06,3.374652,2.7792165
1996-05-07,3.34392,2.779861
1996-05-08,3.3134637,2.7805052
1996-05-09,3.2832778,2.7811496
1996-05-10,3.253356,2.781794
1996-05-11,3.2236936,2.7824383
1996-05-12,3.1942854,2.7830827
1996-05-13,3.1651263,2.7837272
1996-05-14,3.1362119,2.7843714
1996-05-15,3.1075375,2.7850158
1996-05-16,3.0790992,2.7856603
1996-05-17,3.0508933,2.7863047
1996-05-18,3.0229158,2.7869492
1996-05-19,2.9951637,2.7875936
1996-05-20,2.9676332,2.788238
1996-05-21,2.9403214,2.7888825
1996-05-22,2.9132257,2.789527
1996-05-23,2.886343,2.7901716
1996-05-24,2.859671,2.790816
1996-05-25,2.8332086,2.7914605
1996-05-26,2.806953,2.792105
1996-05-27,2.7809033,2.7927496
1996-05-28,2.7550583,2.793394
1996-05-29,2.729417,2.7940385
1996-05-30,2.7039793,2.7946832
1996-05-31,2.678744,2.795328
1996-06-01,2.6537113,2.7959723
1996-06-02,2.6288812,2.796617
1996-06-03,2.604254,2.7972615
1996-06-04,2.5798304,2.7979062
1996-06-05,2.5556111,2.7985508
1996-06-06,2.5315976,2.7991955
1996-06-07,2.5077915,2.79984
1996-06-08,2.4841948,2.8004847
1996-06-09,2.4608104,2.8011293
1996-06-10,2.4376423,2.801774
1996-06-11,2.4146948,2.8024187
1996-06-12,2.391973,2.8030634
1996-06-13,2.3694823,2.803708
1996-06-14,2.3472288,2.804353
1996-06-15,2.3252196,2.8049977
1996-06-16,2.3034623,2.8056424
1996-06-17,2.281964,2.806287
1996-06-18,2.2607338,2.806932
1996-06-19,2.2397802,2.8075767
1996-06-20,2.2191126,2.8082213
1996-06-21,2.1987405,2.8088663
1996-06-22,2.178674,2.809511
1996-06-23,2.1589234,2.8101559
1996-06-24,2.139499,2.8108006
1996-06-25,2.1204119,2.8114455
1996-06-26,2.1016731,2.8120904
1996-06-27,2.0832944,2.812735
1996-06-28,2.0652866,2.81338
1996-06-29,2.0476623,2.814025
1996-06-30,2.0304327,2.8146698
1996-07-01,2.01361,2.8153148
1996-07-02,1.9972063,2.8159597
1996-07-03,1.9812338,2.8166046
1996-07-04,1.9657048,2.8172495
1996-07-05,1.9506311,2.8178945
1996-07-06,1.9360245,2.8185394
1996-07-07,1.9218966,2.8191843
1996-07-08,1.9082584,2.8198292
1996-07-09,1.8951209,2.8204741
1996-07-10,1.8824941,2.8211193
1996-07-11,1.8703879,2.8217642
1996-07-12,1.8588113,2.8224092
1996-07-13,1.8477727,2.8230543
1996-07-14,1.8372805,2.8236992
1996-07-15,1.8273419,2.8243444
1996-07-16,1.8179638,2.8249893
1996-07-17,1.8091528,2.8256345
1996-07-18,1.8009145,2.8262796
1996-07-19,1.7932547,2.8269246
1996-07-20,1.7861786,2.8275697
1996-07-21,1.7796912,2.828215
1996-07-22,1.7737976,2.82886
1996-07-23,1.7685027,2.829505
1996-07-24,1.7638116,2.8301501
1996-07-25,1.7597296,2.8307953
1996-07-26,1.7562625,2.8314404
1996-07-27,1.7534167,2.8320856
1996-07-28,1.7511986,2.8327308
1996-07-29,1.7496158,2.8333762
1996-07-30,1.7486757,2.8340213
1996-07-31,1.7483866,2.8346665
1996-08-01,1.7487571,2.8353117
1996-08-02,1.7497959,2.8359568
1996-08-03,1.7515125,2.8366022
1996-08-04,1.7539166,2.8372474
1996-08-05,1.7570179,2.8378928
1996-08-06,1.7608268,2.838538
1996-08-07,1.7653537,2.8391833
1996-08-08,1.7706094,2.8398285
1996-08-09,1.7766045,2.840474
1996-08-10,1.7833496,2.841119
1996-08-11,1.7908555,2.8417645
1996-08-12,1.7991326,2.8424098
1996-08-13,1.8081911,2.8430552
1996-08-14,1.8180408,2.8437004
1996-08-15,1.8286915,2.8443458
1996-08-16,1.8401525,2.8449912
1996-08-17,1.852433,2.8456366
1996-08-18,1.8655416,2.846282
1996-08-19,1.8794868,2.8469274
1996-08-20,1.894277,2.8475728
1996-08-21,1.9099199,2.8482182
1996-08-22,1.9264233,2.8488638
1996-08-23,1.9437945,2.8495092
1996-08-24,1.9620405,2.8501546
1996-08-25,1.9811679,2.8508
1996-08-26,2.001183,2.8514457
1996-08-27,2.0220916,2.852091
1996-08-28,2.0438998,2.8527367
1996-08-29,2.0666125,2.853382
1996-08-30,2.0902352,2.8540277
1996-08-31,2.1147728,2.8546731
1996-09-01,2.1402304,2.8553188
1996-09-02,2.1666126,2.8559642
1996-09-03,2.193924,2.8566098
1996-09-04,2.222169,2.8572555
1996-09-05,2.2513514,2.857901
1996-09-06,2.2814755,2.8585467
1996-09-07,2.3125448,2.8591921
1996-09-08,2.344563,2.8598378
1996-09-09,2.3775327,2.8604834
1996-09-10,2.4114575,2.861129
1996-09-11,2.4463394,2.8617747
1996-09-12,2.4821806,2.8624203
1996-09-13,2.518983,2.8630662
1996-09-14,2.5567482,2.8637118
1996-09-15,2.5954769,2.8643575
1996-09-16,2.6351702,2.865003
1996-09-17,2.6758277,2.865649
1996-09-18,2.7174494,2.8662946
1996-09-19,2.760034,2.8669403
1996-09-20,2.8035798,2.8675861
1996-09-21,2.8480847,2.8682318
1996-09-22,2.8935456,2.8688776
1996-09-23,2.9399583,2.8695233
1996-09-24,2.9873188,2.8701692
1996-09-25,3.0356207,2.870815
1996-09-26,3.084858,2.8714607
1996-09-27,3.135023,2.8721066
1996-09-28,3.1861076,2.8727524
1996-09-29,3.238102,2.8733983
1996-09-30,3.2909956,2.8740442
1996-10-01,3.3447764,2.87469
1996-10-02,3.3994317,2.875336
1996-10-03,3.4549472,2.8759818
1996-10-04,3.511307,2.8766277
1996-10-05,3.5684948,2.8772736
1996-10-06,3.626492,2.8779194
1996-10-07,3.68528,2.8785653
1996-10-08,3.7448385,2.8792112
1996-10-09,3.8051453,2.8798573
1996-10-10,3.866178,2.8805032
1996-10-11,3.927912,2.881149
1996-10-12,3.9903219,2.8817952
1996-10-13,4.053381,2.882441
1996-10-14,4.1170607,2.8830872
1996-10-15,4.181332,2.883733
1996-10-16,4.246165,2.8843791
1996-10-17,4.3115263,2.8850253
1996-10-18,4.377383,2.8856711
1996-10-19,4.4437013,2.8863173
1996-10-20,4.5104427,2.8869634
1996-10-21,4.577571,2.8876095
1996-10-22,4.6450458,2.8882554
1996-10-23,4.7128267,2.8889015
1996-10-24,4.780872,2.8895476
1996-10-25,4.8491373,2.8901937
1996-10-26,4.9175773,2.8908398
1996-10-27,4.9861455,2.891486
1996-10-28,5.054794,2.8921323
1996-10-29,5.1234736,2.8927784
1996-10-30,5.1921344,2.8934245
1996-10-31,5.2607255,2.8940706
1996-11-01,5.3291945,2.8947167
1996-11-02,5.3974886,2.895363
1996-11-03,5.465555,2.8960092
1996-11-04,5.533339,2.8966556
1996-11-05,5.6007857,2.8973017
1996-11-06,5.6678405,2.897948
1996-11-07,5.734447,2.8985941
1996-11-08,5.80055,2.8992405
1996-11-09,5.8660927,2.8998866
1996-11-10,5.9310184,2.900533
1996-11-11,5.9952703,2.9011793
1996-11-12,6.0587916,2.9018257
1996-11-13,6.121525,2.9024718
1996-11-14,6.183413,2.9031181
1996-11-15,6.2443986,2.9037645
1996-11-16,6.3044233,2.9044108
1996-11-17,6.3634295,2.9050572
1996-11-18,6.42136,2.9057035
1996-11-19,6.478156,2.90635
1996-11-20,6.533761,2.9069963
1996-11-21,6.5881157,2.9076428
1996-11-22,6.641164,2.9082892
1996-11-23,6.692848,2.9089355
1996-11-24,6.7431116,2.909582
1996-11-25,6.791898,2.9102285
1996-11-26,6.8391514,2.9108748
1996-11-27,6.884816,2.9115214
1996-11-28,6.9288383,2.9121678
1996-11-29,6.9711623,2.9128144
1996-11-30,7.011736,2.9134607
1996-12-01,7.0505066,2.9141073
1996-12-02,7.0874214,2.9147537
1996-12-03,7.122431,2.9154003
1996-12-04,7.155485,2.9160469
1996-12-05,7.1865354,2.9166934
1996-12-06,7.2155356,2.9173398
1996-12-07,7.24244,2.9179864
1996-12-08,7.267205,2.918633
1996-12-09,7.2897887,2.9192796
1996-12-10,7.3101506,2.9199262
1996-12-11,7.3282514,2.9205728
1996-12-12,7.344055,2.9212193
1996-12-13,7.357527,2.9218662
1996-12-14,7.3686337,2.9225128
1996-12-15,7.3773446,2.9231594
1996-12-16,7.383632,2.923806
1996-12-17,7.38747,2.9244528
1996-12-18,7.388834,2.9250994
1996-12-19,7.387705,2.925746
1996-12-20,7.3840637,2.9263928
1996-12-21,7.377896,2.9270394
1996-12-22,7.3691883,2.9276862
1996-12-23,7.3579316,2.9283328
1996-12-24,7.344119,2.9289796
1996-12-25,7.3277473,2.9296265
1996-12-26,7.3088155,2.930273
1996-12-27,7.287325,2.93092
1996-12-28,7.263281,2.9315667
1996-12-29,7.2366915,2.9322135
1996-12-30,7.207567,2.9328604
1996-12-31,7.1759214,2.9335072
1997-01-01,7.141772,2.934154
1997-01-02,7.105137,2.9348009
1997-01-03,7.0660396,2.9354477
1997-01-04,7.0245056,2.9360945
1997-01-05,6.980563,2.9367414
1997-01-06,6.934244,2.9373882
1997-01-07,6.885583,2.938035
1997-01-08,6.834616,2.938682
1997-01-09,6.7813845,2.939329
1997-01-10,6.725931,2.9399757
1997-01-11,6.668302,2.9406228
1997-01-12,6.6085463,2.9412696
1997-01-13,6.5467143,2.9419167
1997-01-14,6.4828615,2.9425635
1997-01-15,6.417044,2.9432106
1997-01-16,6.3493214,2.9438574
1997-01-17,6.279755,2.9445045
1997-01-18,6.2084093,2.9451516
1997-01-19,6.13535,2.9457986
1997-01-20,6.060646,2.9464455
1997-01-21,5.984367,2.9470925
1997-01-22,5.9065847,2.9477396
1997-01-23,5.827374,2.9483867
1997-01-24,5.74681,2.9490337
1997-01-25,5.6649694,2.9496808
1997-01-26,5.5819306,2.9503279
1997-01-27,5.4977736,2.950975
1997-01-28,5.4125795,2.9516222
1997-01-29,5.3264303,2.9522693
1997-01-30,5.239409,2.9529164
1997-01-31,5.1515994,2.9535635
1997-02-01,5.063087,2.9542108
1997-02-02,4.973957,2.9548578
1997-02-03,4.884295,2.955505
1997-02-04,4.7941885,2.9561522
1997-02-05,4.7037234,2.9567993
1997-02-06,4.6129885,2.9574466
1997-02-07,4.5220704,2.958094
1997-02-08,4.431057,2.958741
1997-02-09,4.3400364,2.9593883
1997-02-10,4.2490964,2.9600356
1997-02-11,4.1583242,2.9606826
1997-02-12,4.067807,2.96133
1997-02-13,3.9776323,2.9619772
1997-02-14,3.887886,2.9626245
1997-02-15,3.7986543,2.9632719
1997-02-16,3.710022,2.9639192
1997-02-17,3.6220737,2.9645665
1997-02-18,3.5348926,2.9652138
1997-02-19,3.4485607,2.965861
1997-02-20,3.3631594,2.9665084
1997-02-21,3.2787683,2.967156
1997-02-22,3.195465,2.9678032
1997-02-23,3.1133265,2.9684505
1997-02-24,3.0324268,2.969098
1997-02-25,2.952839,2.9697454
1997-02-26,2.874633,2.9703927
1997-02-27,2.797878,2.9710402
1997-02-28,2.7226398,2.9716876
1997-03-01,2.6489825,2.972335
1997-03-02,2.5769677,2.9729826
1997-03-03,2.5066543,2.97363
1997-03-04,2.438099,2.9742775
1997-03-05,2.371356,2.974925
1997-03-06,2.3064773,2.9755723
1997-03-07,2.2435117,2.97622
1997-03-08,2.182506,2.9768674
1997-03-09,2.1235046,2.977515
1997-03-10,2.0665488,2.9781625
1997-03-11,2.0116777,2.97881
1997-03-12,1.9589282,2.9794576
1997-03-13,1.9083339,2.9801052
1997-03-14,1.8599262,2.9807527
1997-03-15,1.8137338,2.9814003
1997-03-16,1.7697831,2.982048
1997-03-17,1.7280978,2.9826956
1997-03-18,1.6886991,2.9833431
1997-03-19,1.6516054,2.983991
1997-03-20,1.616833,2.9846385
1997-03-21,1.5843953,2.9852862
1997-03-22,1.5543034,2.9859338
1997-03-23,1.5265657,2.9865816
1997-03-24,1.5011878,2.987229
1997-03-25,1.4781728,2.987877
1997-03-26,1.4575207,2.9885244
1997-03-27,1.4392289,2.9891722
1997-03-28,1.423292,2.98982
1997-03-29,1.4097017,2.9904678
1997-03-30,1.3984468,2.9911156
1997-03-31,1.3895133,2.991763
1997-04-01,1.382884,2.992411
1997-04-02,1.3785393,2.9930587
1997-04-03,1.3764563,2.9937065
1997-04-04,1.3766093,2.9943542
1997-04-05,1.37897,2.995002
1997-04-06,1.383507,2.99565
1997-04-07,1.3901864,2.9962978
1997-04-08,1.3989717,2.9969456
1997-04-09,1.4098235,2.9975934
1997-04-10,1.4227002,2.9982414
1997-04-11,1.4375573,2.9988892
1997-04-12,1.4543486,2.999537
1997-04-13,1.4730252,3.000185
1997-04-14,1.4935366,3.0008328
1997-04-15,1.51583,3.0014808
1997-04-16,1.5398511,3.0021288
1997-04-17,1.5655435,3.0027766
1997-04-18,1.5928494,3.0034246
1997-04-19,1.6217093,3.0040727
1997-04-20,1.652062,3.0047204
1997-04-21,1.6838449,3.0053685
1997-04-22,1.7169942,3.0060165
1997-04-23,1.7514442,3.0066645
1997-04-24,1.7871286,3.0073125
1997-04-25,1.8239793,3.0079606
1997-04-26,1.8619275,3.0086086
1997-04-27,1.9009033,3.0092566
1997-04-28,1.940836,3.0099046
1997-04-29,1.9816537,3.0105526
1997-04-30,2.0232842,3.0112007
1997-05-01,2.0656545,3.011849
1997-05-02,2.1086912,3.012497
1997-05-03,2.1523201,3.013145
1997-05-04,2.1964672,3.0137932
1997-05-05,2.2410579,3.0144413
1997-05-06,2.2860177,3.0150895
1997-05-07,2.331272,3.0157375
1997-05-08,2.3767467,3.0163858
1997-05-09,2.4223676,3.0170338
1997-05-10,2.468062,3.017682
1997-05-11,2.513757,3.0183303
1997-05-12,2.5593808,3.0189784
1997-05-13,2.604863,3.0196266
1997-05-14,2.6501338,3.0202749
1997-05-15,2.6951253,3.0209231
1997-05-16,2.7397707,3.0215714
1997-05-17,2.7840044,3.0222197
1997-05-18,2.8277628,3.022868
1997-05-19,2.8709843,3.0235162
1997-05-20,2.913608,3.0241644
1997-05-21,2.9555764,3.0248127
1997-05-22,2.9968328,3.025461
1997-05-23,3.0373228,3.0261092
1997-05-24,3.0769944,3.0267577
1997-05-25,3.115797,3.027406
1997-05-26,3.1536827,3.0280542
1997-05-27,3.1906056,3.0287027
1997-05-28,3.2265217,3.029351
1997-05-29,3.2613897,3.0299993
1997-05-30,3.2951696,3.0306478
1997-05-31,3.3278244,3.0312963
1997-06-01,3.3593187,3.0319445
1997-06-02,3.3896198,3.032593
1997-06-03,3.4186969,3.0332415
1997-06-04,3.4465215,3.0338898
1997-06-05,3.4730673,3.0345383
1997-06-06,3.4983108,3.0351868
1997-06-07,3.5222306,3.0358353
1997-06-08,3.5448072,3.0364838
1997-06-09,3.5660243,3.0371323
1997-06-10,3.5858674,3.0377808
1997-06-11,3.6043248,3.0384293
1997-06-12,3.621387,3.0390778
1997-06-13,3.637047,3.0397263
1997-06-14,3.6513004,3.0403748
1997-06-15,3.6641452,3.0410233
1997-06-16,3.6755817,3.041672
1997-06-17,3.6856122,3.0423205
1997-06-18,3.6942422,3.042969
1997-06-19,3.701479,3.0436177
1997-06-20,3.707332,3.0442662
1997-06-21,3.711813,3.044915
1997-06-22,3.7149367,3.0455635
1997-06-23,3.7167192,3.0462122
1997-06-24,3.7171793,3.0468607
1997-06-25,3.7163382,3.0475094
1997-06-26,3.7142189,3.0481582
1997-06-27,3.7108471,3.0488067
1997-06-28,3.7062507,3.0494554
1997-06-29,3.7004595,3.0501041
1997-06-30,3.6935058,3.0507529
1997-07-01,3.6854239,3.0514016
1997-07-02,3.6762502,3.0520504
1997-07-03,3.666023,3.052699
1997-07-04,3.6547825,3.0533478
1997-07-05,3.6425714,3.0539966
1997-07-06,3.6294336,3.0546453
1997-07-07,3.6154153,3.055294
1997-07-08,3.6005645,3.055943
1997-07-09,3.5849304,3.0565917
1997-07-10,3.568564,3.0572405
1997-07-11,3.5515175,3.0578895
1997-07-12,3.5338447,3.0585382
1997-07-13,3.5156002,3.0591872
1997-07-14,3.4968393,3.059836
1997-07-15,3.4776187,3.060485
1997-07-16,3.4579952,3.0611336
1997-07-17,3.4380262,3.0617826
1997-07-18,3.4177694,3.0624313
1997-07-19,3.3972828,3.0630803
1997-07-20,3.3766239,3.0637293
1997-07-21,3.3558507,3.0643783
1997-07-22,3.3350205,3.0650272
1997-07-23,3.31419,3.065676
1997-07-24,3.2934153,3.066325
1997-07-25,3.2727525,3.066974
1997-07-26,3.2522562,3.067623
1997-07-27,3.23198,3.068272
1997-07-28,3.211977,3.068921
1997-07-29,3.1922987,3.06957
1997-07-30,3.1729956,3.070219
1997-07-31,3.1541169,3.070868
1997-08-01,3.1357105,3.0715172
1997-08-02,3.1178234,3.0721662
1997-08-03,3.1005003,3.0728152
1997-08-04,3.0837855,3.0734644
1997-08-05,3.067721,3.0741134
1997-08-06,3.052348,3.0747626
1997-08-07,3.0377052,3.0754116
1997-08-08,3.023831,3.0760608
1997-08-09,3.010762,3.0767097
1997-08-10,2.9985335,3.077359
1997-08-11,2.9871798,3.0780082
1997-08-12,2.976734,3.0786574
1997-08-13,2.967228,3.0793064
1997-08-14,2.958693,3.0799556
1997-08-15,2.9511592,3.0806048
1997-08-16,2.944656,3.081254
1997-08-17,2.9392111,3.0819032
1997-08-18,2.9348521,3.0825524
1997-08-19,2.9316058,3.0832016
1997-08-20,2.929498,3.0838509
1997-08-21,2.928553,3.0845003
1997-08-22,2.9287949,3.0851495
1997-08-23,2.9302456,3.0857987
1997-08-24,2.9329267,3.086448
1997-08-25,2.936858,3.0870974
1997-08-26,2.9420576,3.0877466
1997-08-27,2.9485424,3.088396
1997-08-28,2.9563272,3.0890453
1997-08-29,2.9654248,3.0896947
1997-08-30,2.9758463,3.090344
1997-08-31,2.9876,3.0909934
1997-09-01,3.0006933,3.0916426
1997-09-02,3.0151305,3.092292
1997-09-03,3.0309138,3.0929415
1997-09-04,3.0480442,3.093591
1997-09-05,3.0665195,3.0942402
1997-09-06,3.086336,3.0948896
1997-09-07,3.1074877,3.095539
1997-09-08,3.1299672,3.0961885
1997-09-09,3.1537642,3.096838
1997-09-10,3.1788676,3.0974874
1997-09-11,3.2052639,3.098137
1997-09-12,3.2329378,3.0987864
1997-09-13,3.261873,3.099436
1997-09-14,3.2920516,3.1000855
1997-09-15,3.3234537,3.100735
1997-09-16,3.3560588,3.1013844
1997-09-17,3.3898447,3.102034
1997-09-18,3.424788,3.1026835
1997-09-19,3.4608643,3.1033332
1997-09-20,3.4980474,3.1039827
1997-09-21,3.53631,3.1046324
1997-09-22,3.575624,3.1052818
1997-09-23,3.6159594,3.1059315
1997-09-24,3.6572857,3.106581
1997-09-25,3.6995702,3.1072307
1997-09-26,3.7427802,3.1078804
1997-09-27,3.786881,3.10853
1997-09-28,3.8318372,3.1091797
1997-09-29,3.8776119,3.1098292
1997-09-30,3.9241674,3.1104789
1997-10-01,3.9714649,3.1111286
1997-10-02,4.019464,3.1117783
1997-10-03,4.0681243,3.112428
1997-10-04,4.1174035,3.1130779
1997-10-05,4.1672583,3.1137276
1997-10-06,4.217644,3.1143773
1997-10-07,4.268516,3.115027
1997-10-08,4.3198276,3.1156766
1997-10-09,4.3715315,3.1163266
1997-10-10,4.4235797,3.1169763
1997-10-11,4.475924,3.117626
1997-10-12,4.5285144,3.118276
1997-10-13,4.5813017,3.1189256
1997-10-14,4.6342344,3.1195755
1997-10-15,4.6872625,3.1202254
1997-10-16,4.7403345,3.1208751
1997-10-17,4.793399,3.121525
1997-10-18,4.846404,3.122175
1997-10-19,4.8992996,3.1228247
1997-10-20,4.9520335,3.1234746
1997-10-21,5.0045557,3.1241245
1997-10-22,5.056816,3.1247745
1997-10-23,5.108765,3.1254244
1997-10-24,5.160353,3.1260743
1997-10-25,5.211533,3.1267242
1997-10-26,5.262257,3.1273742
1997-10-27,5.31248,3.128024
1997-10-28,5.362157,3.128674
1997-10-29,5.411244,3.129324
1997-10-30,5.4596987,3.1299741
1997-10-31,5.5074787,3.130624
1997-11-01,5.554544,3.131274
1997-11-02,5.6008544,3.1319242
1997-11-03,5.646372,3.132574
1997-11-04,5.6910596,3.1332242
1997-11-05,5.7348804,3.1338742
1997-11-06,5.7778,3.1345243
1997-11-07,5.819784,3.1351743
1997-11-08,5.8608,3.1358244
1997-11-09,5.9008155,3.1364746
1997-11-10,5.9398007,3.1371245
1997-11-11,5.9777255,3.1377747
1997-11-12,6.014562,3.1384249
1997-11-13,6.050283,3.139075
1997-11-14,6.084863,3.1397252
1997-11-15,6.1182775,3.1403754
1997-11-16,6.150503,3.1410255
1997-11-17,6.1815186,3.1416757
1997-11-18,6.211302,3.1423259
1997-11-19,6.2398343,3.142976
1997-11-20,6.267097,3.1436262
1997-11-21,6.293073,3.1442764
1997-11-22,6.3177466,3.1449265
1997-11-23,6.341102,3.145577
1997-11-24,6.3631253,3.1462271
1997-11-25,6.3838034,3.1468773
1997-11-26,6.4031243,3.1475277
1997-11-27,6.421078,3.1481779
1997-11-28,6.4376545,3.1488283
1997-11-29,6.452846,3.1494784
1997-11-30,6.4666452,3.1501288
1997-12-01,6.479047,3.1507792
1997-12-02,6.4900465,3.1514294
1997-12-03,6.4996405,3.1520798
1997-12-04,6.507828,3.1527302
1997-12-05,6.5146084,3.1533806
1997-12-06,6.519982,3.154031
1997-12-07,6.5239506,3.1546814
1997-12-08,6.526519,3.1553316
1997-12-09,6.527691,3.155982
1997-12-10,6.5274744,3.1566327
1997-12-11,6.5258765,3.157283
1997-12-12,6.522908,3.1579335
1997-12-13,6.5185804,3.1585839
1997-12-14,6.512906,3.1592343
1997-12-15,6.505901,3.1598847
1997-12-16,6.4975805,3.1605353
1997-12-17,6.4879622,3.1611857
1997-12-18,6.4770665,3.1618361
1997-12-19,6.4649124,3.1624868
1997-12-20,6.4515214,3.1631372
1997-12-21,6.4369173,3.1637878
1997-12-22,6.421123,3.1644385
1997-12-23,6.404164,3.165089
1997-12-24,6.3860655,3.1657395
1997-12-25,6.366854,3.1663902
1997-12-26,6.3465586,3.1670406
1997-12-27,6.3252068,3.1676912
1997-12-28,6.302828,3.1683419
1997-12-29,6.2794514,3.1689925
1997-12-30,6.2551084,3.1696432
1997-12-31,6.2298293,3.1702938
1998-01-01,6.203645,3.1709445
1998-01-02,6.176589,3.171595
1998-01-03,6.1486917,3.1722457
1998-01-04,6.119986,3.1728964
1998-01-05,6.0905046,3.173547
1998-01-06,6.0602803,3.1741977
1998-01-07,6.029346,3.1748486
1998-01-08,5.997735,3.1754992
1998-01-09,5.965481,3.1761498
1998-01-10,5.9326167,3.1768007
1998-01-11,5.8991756,3.1774514
1998-01-12,5.865192,3.1781023
1998-01-13,5.8306985,3.178753
1998-01-14,5.7957287,3.1794038
1998-01-15,5.7603164,3.1800544
1998-01-16,5.724495,3.1807053
1998-01-17,5.6882977,3.1813562
1998-01-18,5.6517577,3.182007
1998-01-19,5.6149077,3.1826577
1998-01-20,5.5777807,3.1833086
1998-01-21,5.5404096,3.1839595
1998-01-22,5.502826,3.1846104
1998-01-23,5.465063,3.1852612
1998-01-24,5.4271526,3.1859121
1998-01-25,5.389126,3.186563
1998-01-26,5.351014,3.187214
1998-01-27,5.3128486,3.1878648
1998-01-28,5.2746596,3.188516
1998-01-29,5.236478,3.1891668
1998-01-30,5.1983323,3.1898177
1998-01-31,5.1602535,3.1904688
1998-02-01,5.1222696,3.1911197
1998-02-02,5.08441,3.1917706
1998-02-03,5.046703,3.1924217
1998-02-04,5.0091753,3.1930726
1998-02-05,4.9718547,3.1937237
1998-02-06,4.9347677,3.1943746
1998-02-07,4.8979397,3.1950257
1998-02-08,4.8613963,3.1956768
1998-02-09,4.825162,3.1963277
1998-02-10,4.78926,3.1969788
1998-02-11,4.753714,3.19763
1998-02-12,4.7185464,3.198281
1998-02-13,4.6837783,3.1989322
1998-02-14,4.6494303,3.1995833
1998-02-15,4.6155224,3.2002344
1998-02-16,4.582073,3.2008855
1998-02-17,4.5491014,3.2015367
1998-02-18,4.516624,3.2021878
1998-02-19,4.484658,3.202839
1998-02-20,4.4532175,3.20349
1998-02-21,4.4223185,3.2041414
1998-02-22,4.3919744,3.2047925
1998-02-23,4.3621984,3.2054436
1998-02-24,4.333003,3.206095
1998-02-25,4.3043995,3.206746
1998-02-26,4.2763987,3.2073975
1998-02-27,4.2490106,3.2080486
1998-02-28,4.222244,3.2087
1998-03-01,4.1961074,3.209351
1998-03-02,4.170609,3.2100024
1998-03-03,4.1457553,3.2106538
1998-03-04,4.121553,3.211305
1998-03-05,4.098007,3.2119563
1998-03-06,4.0751233,3.2126076
1998-03-07,4.0529056,3.213259
1998-03-08,4.0313573,3.2139103
1998-03-09,4.0104814,3.2145617
1998-03-10,3.9902804,3.215213
1998-03-11,3.9707556,3.2158644
1998-03-12,3.9519079,3.2165158
1998-03-13,3.9337375,3.2171671
1998-03-14,3.916244,3.2178185
1998-03-15,3.8994262,3.2184699
1998-03-16,3.883282,3.2191215
1998-03-17,3.867809,3.2197728
1998-03-18,3.853004,3.2204242
1998-03-19,3.8388627,3.2210758
1998-03-20,3.8253808,3.2217271
1998-03-21,3.8125532,3.2223787
1998-03-22,3.8003738,3.22303
1998-03-23,3.788836,3.2236817
1998-03-24,3.777933,3.224333
1998-03-25,3.7676568,3.2249846
1998-03-26,3.758,3.2256362
1998-03-27,3.748953,3.2262876
1998-03-28,3.7405074,3.2269392
1998-03-29,3.7326534,3.2275908
1998-03-30,3.725381,3.2282424
1998-03-31,3.7186794,3.228894
1998-04-01,3.7125375,3.2295456
1998-04-02,3.7069442,3.2301972
1998-04-03,3.7018871,3.2308488
1998-04-04,3.6973538,3.2315004
1998-04-05,3.693331,3.232152
1998-04-06,3.6898057,3.2328036
1998-04-07,3.6867645,3.2334554
1998-04-08,3.6841931,3.234107
1998-04-09,3.682078,3.2347586
1998-04-10,3.6804044,3.2354105
1998-04-11,3.6791587,3.236062
1998-04-12,3.6783264,3.2367136
1998-04-13,3.6778939,3.2373655
1998-04-14,3.6778474,3.238017
1998-04-15,3.678173,3.238669
1998-04-16,3.678858,3.2393208
1998-04-17,3.6798887,3.2399724
1998-04-18,3.6812527,3.2406242
1998-04-19,3.6829374,3.241276
1998-04-20,3.684931,3.2419279
1998-04-21,3.6872215,3.2425795
1998-04-22,3.6897979,3.2432313
1998-04-23,3.6926496,3.2438831
1998-04-24,3.695766,3.244535
1998-04-25,3.699137,3.2451868
1998-04-26,3.7027533,3.2458386
1998-04-27,3.7066054,3.2464905
1998-04-28,3.7106843,3.2471426
1998-04-29,3.7149816,3.2477944
1998-04-30,3.719489,3.2484462
1998-05-01,3.7241986,3.249098
1998-05-02,3.7291026,3.2497501
1998-05-03,3.7341933,3.250402
1998-05-04,3.7394636,3.2510538
1998-05-05,3.7449067,3.251706
1998-05-06,3.7505152,3.2523577
1998-05-07,3.756283,3.2530098
1998-05-08,3.7622037,3.2536619
1998-05-09,3.7682712,3.2543137
1998-05-10,3.7744792,3.2549658
1998-05-11,3.7808218,3.2556179
1998-05-12,3.7872932,3.2562697
1998-05-13,3.7938879,3.2569218
1998-05-14,3.8005993,3.2575738
1998-05-15,3.8074224,3.258226
1998-05-16,3.814351,3.258878
1998-05-17,3.8213792,3.25953
1998-05-18,3.8285015,3.2601821
1998-05-19,3.8357112,3.2608342
1998-05-20,3.8430033,3.2614863
1998-05-21,3.8503716,3.2621384
1998-05-22,3.85781,3.2627904
1998-05-23,3.865313,3.2634428
1998-05-24,3.8728747,3.2640948
1998-05-25,3.8804893,3.264747
1998-05-26,3.8881516,3.2653992
1998-05-27,3.8958557,3.2660513
1998-05-28,3.9035962,3.2667036
1998-05-29,3.911368,3.2673557
1998-05-30,3.9191663,3.268008
1998-05-31,3.9269862,3.26866
1998-06-01,3.9348233,3.2693124
1998-06-02,3.9426734,3.2699647
1998-06-03,3.9505327,3.2706168
1998-06-04,3.958397,3.271269
1998-06-05,3.9662628,3.2719214
1998-06-06,3.9741273,3.2725737
1998-06-07,3.9819868,3.273226
1998-06-08,3.9898384,3.2738783
1998-06-09,3.9976795,3.2745306
1998-06-10,4.005507,3.275183
1998-06-11,4.013319,3.2758353
1998-06-12,4.0211134,3.2764876
1998-06-13,4.028888,3.27714
1998-06-14,4.036642,3.2777922
1998-06-15,4.044374,3.2784448
1998-06-16,4.0520844,3.279097
1998-06-17,4.059773,3.2797494
1998-06-18,4.0674396,3.280402
1998-06-19,4.075086,3.2810543
1998-06-20,4.082713,3.2817068
1998-06-21,4.0903225,3.2823591
1998-06-22,4.0979156,3.2830117
1998-06-23,4.1054955,3.283664
1998-06-24,4.1130633,3.2843165
1998-06-25,4.1206217,3.284969
1998-06-26,4.1281724,3.2856214
1998-06-27,4.1357183,3.286274
1998-06-28,4.14326,3.2869265
1998-06-29,4.1507998,3.287579
1998-06-30,4.158338,3.2882316
1998-07-01,4.165875,3.2888842
1998-07-02,4.1734114,3.2895367
1998-07-03,4.1809464,3.2901893
1998-07-04,4.188478,3.2908418
1998-07-05,4.1960053,3.2914944
1998-07-06,4.2035255,3.292147
1998-07-07,4.2110357,3.2927997
1998-07-08,4.2185326,3.2934523
1998-07-09,4.2260113,3.2941048
1998-07-10,4.233468,3.2947576
1998-07-11,4.2408977,3.2954102
1998-07-12,4.248295,3.2960627
1998-07-13,4.2556534,3.2967155
1998-07-14,4.2629685,3.297368
1998-07-15,4.270233,3.2980208
1998-07-16,4.2774425,3.2986736
1998-07-17,4.2845902,3.2993262
1998-07-18,4.2916718,3.299979
1998-07-19,4.298681,3.3006318
1998-07-20,4.3056135,3.3012846
1998-07-21,4.3124657,3.301937
1998-07-22,4.319233,3.30259
1998-07-23,4.325913,3.3032427
1998-07-24,4.3325024,3.3038955
1998-07-25,4.3389997,3.3045483
1998-07-26,4.345403,3.305201
1998-07-27,4.351712,3.3058538
1998-07-28,4.357926,3.3065069
1998-07-29,4.364044,3.3071597
1998-07-30,4.370068,3.3078125
1998-07-31,4.3759975,3.3084652
1998-08-01,4.3818345,3.3091183
1998-08-02,4.3875794,3.309771
1998-08-03,4.3932343,3.3104239
1998-08-04,4.398801,3.3110769
1998-08-05,4.404279,3.3117297
1998-08-06,4.409672,3.3123827
1998-08-07,4.4149785,3.3130355
1998-08-08,4.4202,3.3136885
1998-08-09,4.4253354,3.3143415
1998-08-10,4.4303837,3.3149946
1998-08-11,4.4353423,3.3156474
1998-08-12,4.440209,3.3163004
1998-08-13,4.444979,3.3169534
1998-08-14,4.4496474,3.3176064
1998-08-15,4.454209,3.3182595
1998-08-16,4.458656,3.3189125
1998-08-17,4.4629803,3.3195655
1998-08-18,4.467174,3.3202186
1998-08-19,4.471226,3.3208716
1998-08-20,4.475127,3.3215246
1998-08-21,4.478865,3.3221776
1998-08-22,4.482427,3.322831
1998-08-23,4.4858017,3.323484
1998-08-24,4.4889755,3.324137
1998-08-25,4.4919353,3.3247902
1998-08-26,4.4946675,3.3254433
1998-08-27,4.49716,3.3260965
1998-08-28,4.4993987,3.3267496
1998-08-29,4.501372,3.3274028
1998-08-30,4.5030665,3.3280559
1998-08-31,4.5044713,3.3287091
1998-09-01,4.5055737,3.3293624
1998-09-02,4.506363,3.3300154
1998-09-03,4.5068274,3.3306687
1998-09-04,4.506955,3.331322
1998-09-05,4.506736,3.3319752
1998-09-06,4.5061574,3.3326285
1998-09-07,4.50521,3.3332818
1998-09-08,4.503881,3.333935
1998-09-09,4.50216,3.3345883
1998-09-10,4.5000343,3.3352416
1998-09-11,4.4974933,3.3358948
1998-09-12,4.4945245,3.336548
1998-09-13,4.4911156,3.3372014
1998-09-14,4.4872546,3.3378549
1998-09-15,4.482929,3.3385081
1998-09-16,4.4781265,3.3391614
1998-09-17,4.4728336,3.339815
1998-09-18,4.4670377,3.3404682
1998-09-19,4.460725,3.3411217
1998-09-20,4.453883,3.341775
1998-09-21,4.4464993,3.3424284
1998-09-22,4.4385605,3.3430817
1998-09-23,4.430054,3.3437352
1998-09-24,4.4209685,3.3443887
1998-09-25,4.4112916,3.345042
1998-09-26,4.401013,3.3456955
1998-09-27,4.3901215,3.346349
1998-09-28,4.3786073,3.3470025
1998-09-29,4.3664613,3.347656
1998-09-30,4.353675,3.3483095
1998-10-01,4.340241,3.348963
1998-10-02,4.3261523,3.3496165
1998-10-03,4.3114038,3.35027
1998-10-04,4.29599,3.3509235
1998-10-05,4.2799077,3.351577
1998-10-06,4.2631545,3.3522305
1998-10-07,4.245729,3.3528843
1998-10-08,4.227631,3.3535378
1998-10-09,4.2088633,3.3541913
1998-10-10,4.189427,3.354845
1998-10-11,4.169327,3.3554986
1998-10-12,4.148567,3.3561523
1998-10-13,4.1271544,3.3568058
1998-10-14,4.1050963,3.3574595
1998-10-15,4.082401,3.358113
1998-10-16,4.0590773,3.3587668
1998-10-17,4.035136,3.3594205
1998-10-18,4.0105896,3.3600743
1998-10-19,3.985449,3.3607278
1998-10-20,3.9597282,3.3613815
1998-10-21,3.9334412,3.3620353
1998-10-22,3.9066024,3.362689
1998-10-23,3.8792274,3.3633428
1998-10-24,3.8513324,3.3639965
1998-10-25,3.822934,3.3646502
1998-10-26,3.7940488,3.365304
1998-10-27,3.7646945,3.3659577
1998-10-28,3.7348888,3.3666117
1998-10-29,3.7046497,3.3672655
1998-10-30,3.6739962,3.3679192
1998-10-31,3.6429474,3.368573
1998-11-01,3.6115232,3.369227
1998-11-02,3.5797436,3.3698807
1998-11-03,3.5476296,3.3705347
1998-11-04,3.5152028,3.3711884
1998-11-05,3.4824853,3.3718424
1998-11-06,3.4495,3.3724961
1998-11-07,3.4162705,3.37315
1998-11-08,3.3828213,3.373804
1998-11-09,3.3491776,3.3744578
1998-11-10,3.3153648,3.3751118
1998-11-11,3.2814095,3.3757658
1998-11-12,3.2473388,3.3764198
1998-11-13,3.2131798,3.3770738
1998-11-14,3.178961,3.3777277
1998-11-15,3.1447105,3.3783817
1998-11-16,3.1104572,3.3790357
1998-11-17,3.0762305,3.3796897
1998-11-18,3.0420594,3.3803437
1998-11-19,3.007974,3.3809977
1998-11-20,2.9740036,3.3816516
1998-11-21,2.9401784,3.3823056
1998-11-22,2.9065287,3.3829598
1998-11-23,2.8730843,3.3836138
1998-11-24,2.8398762,3.3842678
1998-11-25,2.8069344,3.384922
1998-11-26,2.7742898,3.385576
1998-11-27,2.7419734,3.3862302
1998-11-28,2.7100155,3.3868842
1998-11-29,2.678447,3.3875384
1998-11-30,2.647299,3.3881927
1998-12-01,2.616603,3.3888466
1998-12-02,2.5863895,3.3895009
1998-12-03,2.5566905,3.390155
1998-12-04,2.527537,3.3908093
1998-12-05,2.4989605,3.3914635
1998-12-06,2.4709923,3.3921175
1998-12-07,2.4436636,3.3927717
1998-12-08,2.417005,3.393426
1998-12-09,2.3910475,3.3940802
1998-12-10,2.3658202,3.3947346
1998-12-11,2.3413532,3.3953888
1998-12-12,2.317675,3.396043
1998-12-13,2.2948139,3.3966973
1998-12-14,2.2727966,3.3973515
1998-12-15,2.2516499,3.398006
1998-12-16,2.231399,3.3986602
1998-12-17,2.2120688,3.3993144
1998-12-18,2.193683,3.3999689
1998-12-19,2.1762643,3.400623
1998-12-20,2.1598346,3.4012775
1998-12-21,2.1444151,3.4019318
1998-12-22,2.1300254,3.4025862
1998-12-23,2.116685,3.4032407
1998-12-24,2.1044118,3.403895
1998-12-25,2.093223,3.4045494
1998-12-26,2.0831356,3.4052038
1998-12-27,2.0741649,3.4058583
1998-12-28,2.066326,3.4065127
1998-12-29,2.0596328,3.407167
1998-12-30,2.0540986,3.4078214
1998-12-31,2.0497358,3.4084759
1999-01-01,2.0465555,3.4091303
1999-01-02,2.0445683,3.409785
1999-01-03,2.0437832,3.4104395
1999-01-04,2.0442083,3.411094
1999-01-05,2.0458508,3.4117484
1999-01-06,2.0487163,3.4124029
1999-01-07,2.0528092,3.4130576
1999-01-08,2.0581324,3.413712
1999-01-09,2.0646877,3.4143665
1999-01-10,2.0724752,3.4150212
1999-01-11,2.0814931,3.4156756
1999-01-12,2.0917387,3.4163303
1999-01-13,2.1032078,3.416985
1999-01-14,2.115894,3.4176395
1999-01-15,2.1297905,3.4182942
1999-01-16,2.1448882,3.418949
1999-01-17,2.1611764,3.4196033
1999-01-18,2.1786442,3.420258
1999-01-19,2.1972783,3.4209127
1999-01-20,2.2170646,3.4215674
1999-01-21,2.2379875,3.4222221
1999-01-22,2.2600303,3.4228768
1999-01-23,2.2831752,3.4235315
1999-01-24,2.3074028,3.4241862
1999-01-25,2.3326926,3.424841
1999-01-26,2.3590229,3.4254956
1999-01-27,2.386371,3.4261503
1999-01-28,2.4147122,3.426805
1999-01-29,2.4440215,3.42746
1999-01-30,2.4742723,3.4281147
1999-01-31,2.5054367,3.4287694
1999-02-01,2.5374851,3.4294243
1999-02-02,2.5703876,3.430079
1999-02-03,2.6041121,3.430734
1999-02-04,2.6386256,3.4313886
1999-02-05,2.673894,3.4320436
1999-02-06,2.7098815,3.4326985
1999-02-07,2.7465518,3.4333532
1999-02-08,2.783867,3.4340081
1999-02-09,2.8217878,3.434663
1999-02-10,2.8602753,3.435318
1999-02-11,2.899288,3.4359727
1999-02-12,2.9387846,3.4366276
1999-02-13,2.9787223,3.4372826
1999-02-14,3.0190585,3.4379375
1999-02-15,3.059749,3.4385924
1999-02-16,3.100749,3.4392474
1999-02-17,3.1420138,3.4399023
1999-02-18,3.1834981,3.4405575
1999-02-19,3.225156,3.4412124
1999-02-20,3.2669418,3.4418674
1999-02-21,3.3088093,3.4425223
1999-02-22,3.3507123,3.4431775
1999-02-23,3.392605,3.4438324
1999-02-24,3.434441,3.4444873
1999-02-25,3.4761748,3.4451425
1999-02-26,3.5177605,3.4457974
1999-02-27,3.559153,3.4464526
1999-02-28,3.6003077,3.4471078
1999-03-01,3.6411796,3.4477627
1999-03-02,3.681725,3.448418
1999-03-03,3.7219007,3.449073
1999-03-04,3.7616634,3.449728
1999-03-05,3.8009715,3.4503832
1999-03-06,3.8397832,3.4510384
1999-03-07,3.878058,3.4516935
1999-03-08,3.9157562,3.4523487
1999-03-09,3.9528394,3.453004
1999-03-10,3.989269,3.453659
1999-03-11,4.0250087,3.4543142
1999-03-12,4.0600224,3.4549694
1999-03-13,4.094275,3.4556246
1999-03-14,4.1277337,3.45628
1999-03-15,4.160366,3.4569352
1999-03-16,4.1921406,3.4575903
1999-03-17,4.223027,3.4582458
1999-03-18,4.252998,3.458901
1999-03-19,4.2820244,3.459556
1999-03-20,4.310081,3.4602115
1999-03-21,4.337143,3.4608667
1999-03-22,4.3631854,3.461522
1999-03-23,4.388187,3.4621775
1999-03-24,4.412126,3.4628327
1999-03-25,4.4349833,3.463488
1999-03-26,4.45674,3.4641435
1999-03-27,4.4773793,3.4647987
1999-03-28,4.4968867,3.465454
1999-03-29,4.515247,3.4661095
1999-03-30,4.5324492,3.466765
1999-03-31,4.5484824,3.4674203
1999-04-01,4.563338,3.4680758
1999-04-02,4.5770087,3.4687312
1999-04-03,4.58949,3.4693866
1999-04-04,4.600779,3.470042
1999-04-05,4.6108747,3.4706974
1999-04-06,4.619778,3.471353
1999-04-07,4.6274924,3.4720085
1999-04-08,4.634022,3.4726639
1999-04-09,4.6393747,3.4733195
1999-04-10,4.6435585,3.473975
1999-04-11,4.6465836,3.4746304
1999-04-12,4.648462,3.475286
1999-04-13,4.6492076,3.4759417
1999-04-14,4.648835,3.476597
1999-04-15,4.6473603,3.4772527
1999-04-16,4.644801,3.4779081
1999-04-17,4.641176,3.4785638
1999-04-18,4.6365056,3.4792194
1999-04-19,4.630809,3.479875
1999-04-20,4.6241083,3.4805305
1999-04-21,4.6164265,3.4811862
1999-04-22,4.607786,3.4818418
1999-04-23,4.598212,3.4824975
1999-04-24,4.587727,3.483153
1999-04-25,4.576357,3.4838088
1999-04-26,4.564128,3.4844644
1999-04-27,4.5510664,3.4851203
1999-04-28,4.537199,3.485776
1999-04-29,4.5225544,3.4864316
1999-04-30,4.50716,3.4870872
1999-05-01,4.4910464,3.4877431
1999-05-02,4.4742436,3.4883988
1999-05-03,4.4567833,3.4890544
1999-05-04,4.4386973,3.4897103
1999-05-05,4.420019,3.490366
1999-05-06,4.400783,3.4910219
1999-05-07,4.3810234,3.4916775
1999-05-08,4.360776,3.4923334
1999-05-09,4.340077,3.4929893
1999-05-10,4.3189626,3.4936452
1999-05-11,4.297471,3.4943008
1999-05-12,4.275639,3.4949567
1999-05-13,4.2535057,3.4956126
1999-05-14,4.231108,3.4962685
1999-05-15,4.2084856,3.4969244
1999-05-16,4.1856756,3.4975803
1999-05-17,4.1627173,3.4982362
1999-05-18,4.139648,3.498892
1999-05-19,4.1165056,3.499548
1999-05-20,4.0933275,3.5002038
1999-05-21,4.070151,3.5008597
1999-05-22,4.047012,3.5015159
1999-05-23,4.023947,3.5021718
1999-05-24,4.0009904,3.5028276
1999-05-25,3.9781785,3.5034838
1999-05-26,3.9555457,3.5041397
1999-05-27,3.9331264,3.5047956
1999-05-28,3.9109547,3.5054517
1999-05-29,3.889064,3.5061078
1999-05-30,3.8674874,3.5067637
1999-05-31,3.8462572,3.5074198
1999-06-01,3.8254058,3.5080757
1999-06-02,3.804964,3.5087318
1999-06-03,3.7849631,3.509388
1999-06-04,3.7654328,3.510044
1999-06-05,3.7464027,3.5107002
1999-06-06,3.7279007,3.5113564
1999-06-07,3.7099543,3.5120122
1999-06-08,3.69259,3.5126684
1999-06-09,3.6758325,3.5133247
1999-06-10,3.659706,3.5139809
1999-06-11,3.644233,3.514637
1999-06-12,3.6294336,3.5152931
1999-06-13,3.6153271,3.5159492
1999-06-14,3.6019304,3.5166054
1999-06-15,3.589259,3.5172617
1999-06-16,3.5773265,3.5179179
1999-06-17,3.5661454,3.518574
1999-06-18,3.5557253,3.5192304
1999-06-19,3.5460756,3.5198865
1999-06-20,3.5372033,3.5205429
1999-06-21,3.529114,3.521199
1999-06-22,3.5218124,3.5218554
1999-06-23,3.5153012,3.5225117
1999-06-24,3.509582,3.5231678
1999-06-25,3.5046558,3.5238242
1999-06-26,3.500522,3.5244806
1999-06-27,3.4971786,3.525137
1999-06-28,3.494623,3.5257933
1999-06-29,3.4928513,3.5264494
1999-06-30,3.491859,3.5271058
1999-07-01,3.49164,3.5277622
1999-07-02,3.4921882,3.5284185
1999-07-03,3.4934957,3.5290751
1999-07-04,3.4955542,3.5297315
1999-07-05,3.498354,3.5303879
1999-07-06,3.5018842,3.5310442
1999-07-07,3.5061338,3.5317006
1999-07-08,3.5110896,3.5323572
1999-07-09,3.516738,3.5330136
1999-07-10,3.5230641,3.53367
1999-07-11,3.5300527,3.5343266
1999-07-12,3.5376866,3.534983
1999-07-13,3.5459485,3.5356395
1999-07-14,3.5548193,3.536296
1999-07-15,3.5642798,3.5369525
1999-07-16,3.5743086,3.537609
1999-07-17,3.5848846,3.5382655
1999-07-18,3.5959845,3.538922
1999-07-19,3.6075842,3.5395787
1999-07-20,3.619659,3.5402353
1999-07-21,3.6321824,3.540892
1999-07-22,3.6451268,3.5415485
1999-07-23,3.6584642,3.542205
1999-07-24,3.6721647,3.5428617
1999-07-25,3.6861975,3.5435183
1999-07-26,3.7005317,3.544175
1999-07-27,3.715135,3.5448315
1999-07-28,3.7299743,3.545488
1999-07-29,3.745016,3.5461447
1999-07-30,3.7602262,3.5468016
1999-07-31,3.77557,3.5474582
1999-08-01,3.7910123,3.5481148
1999-08-02,3.806518,3.5487716
1999-08-03,3.822052,3.5494282
1999-08-04,3.8375783,3.550085
1999-08-05,3.8530624,3.5507417
1999-08-06,3.868469,3.5513985
1999-08-07,3.8837636,3.5520551
1999-08-08,3.8989117,3.552712
1999-08-09,3.9138799,3.5533688
1999-08-10,3.9286346,3.5540257
1999-08-11,3.9431438,3.5546823
1999-08-12,3.957375,3.555339
1999-08-13,3.9712973,3.555996
1999-08-14,3.9848795,3.5566528
1999-08-15,3.9980915,3.5573096
1999-08-16,4.0109034,3.5579665
1999-08-17,4.0232863,3.5586233
1999-08-18,4.0352116,3.5592802
1999-08-19,4.0466504,3.559937
1999-08-20,4.057575,3.560594
1999-08-21,4.067959,3.561251
1999-08-22,4.0777745,3.5619078
1999-08-23,4.086996,3.5625648
1999-08-24,4.095598,3.5632217
1999-08-25,4.103556,3.5638785
1999-08-26,4.110845,3.5645356
1999-08-27,4.1174417,3.5651925
1999-08-28,4.1233225,3.5658495
1999-08-29,4.128466,3.5665064
1999-08-30,4.1328506,3.5671635
1999-08-31,4.136455,3.5678205
1999-09-01,4.1392612,3.5684774
1999-09-02,4.1412506,3.5691345
1999-09-03,4.142406,3.5697916
1999-09-04,4.142712,3.5704486
1999-09-05,4.1421547,3.5711057
1999-09-06,4.140722,3.5717628
1999-09-07,4.1384015,3.57242
1999-09-08,4.1351843,3.573077
1999-09-09,4.131062,3.573734
1999-09-10,4.126028,3.5743911
1999-09-11,4.120077,3.5750482
1999-09-12,4.1132054,3.5757053
1999-09-13,4.10541,3.5763626
1999-09-14,4.0966907,3.5770197
1999-09-15,4.087047,3.5776768
1999-09-16,4.0764804,3.578334
1999-09-17,4.064994,3.5789912
1999-09-18,4.052592,3.5796485
1999-09-19,4.0392795,3.5803056
1999-09-20,4.025064,3.580963
1999-09-21,4.009953,3.58162
1999-09-22,3.9939556,3.5822773
1999-09-23,3.977082,3.5829346
1999-09-24,3.9593434,3.5835917
1999-09-25,3.940752,3.584249
1999-09-26,3.9213214,3.5849063
1999-09-27,3.9010653,3.5855637
1999-09-28,3.8799996,3.586221
1999-09-29,3.8581402,3.5868783
1999-09-30,3.8355043,3.5875356
1999-10-01,3.812109,3.588193
1999-10-02,3.7879727,3.5888503
1999-10-03,3.763114,3.5895076
1999-10-04,3.7375522,3.590165
1999-10-05,3.7113068,3.5908222
1999-10-06,3.684398,3.5914798
1999-10-07,3.656846,3.592137
1999-10-08,3.6286716,3.5927944
1999-10-09,3.5998955,3.593452
1999-10-10,3.5705385,3.5941093
1999-10-11,3.5406218,3.5947669
1999-10-12,3.5101666,3.5954242
1999-10-13,3.4791949,3.5960817
1999-10-14,3.4477282,3.596739
1999-10-15,3.4157887,3.5973966
1999-10-16,3.3833995,3.5980542
1999-10-17,3.3505833,3.5987115
1999-10-18,3.3173635,3.599369
1999-10-19,3.2837641,3.6000266
1999-10-20,3.2498093,3.6006842
1999-10-21,3.215524,3.6013417
1999-10-22,3.180934,3.6019993
1999-10-23,3.1460652,3.6026568
1999-10-24,3.1109447,3.6033144
1999-10-25,3.0756001,3.603972
1999-10-26,3.0400598,3.6046295
1999-10-27,3.0043523,3.605287
1999-10-28,2.968508,3.6059449
1999-10-29,2.932557,3.6066024
1999-10-30,2.8965306,3.60726
1999-10-31,2.860461,3.6079178
1999-11-01,2.8243804,3.6085753
1999-11-02,2.7883222,3.609233
1999-11-03,2.7523196,3.6098907
1999-11-04,2.7164068,3.6105483
1999-11-05,2.6806178,3.611206
1999-11-06,2.6449876,3.6118639
1999-11-07,2.6095505,3.6125214
1999-11-08,2.5743415,3.6131792
1999-11-09,2.5393958,3.613837
1999-11-10,2.5047486,3.6144948
1999-11-11,2.4704351,3.6151524
1999-11-12,2.4364905,3.6158102
1999-11-13,2.4029503,3.616468
1999-11-14,2.3698494,3.6171257
1999-11-15,2.3372238,3.6177835
1999-11-16,2.3051083,3.6184413
1999-11-17,2.2735384,3.6190994
1999-11-18,2.2425494,3.6197572
1999-11-19,2.2121758,3.620415
1999-11-20,2.1824534,3.6210728
1999-11-21,2.1534162,3.6217306
1999-11-22,2.1250992,3.6223886
1999-11-23,2.0975366,3.6230464
1999-11-24,2.0707622,3.6237044
1999-11-25,2.0448098,3.6243622
1999-11-26,2.019713,3.62502
1999-11-27,1.9955039,3.625678
1999-11-28,1.9722152,3.626336
1999-11-29,1.9498786,3.626994
1999-11-30,1.9285252,3.627652
1999-12-01,1.9081855,3.62831
1999-12-02,1.8888892,3.6289678
1999-12-03,1.8706652,3.6296258
1999-12-04,1.8535417,3.6302838
1999-12-05,1.8375462,3.6309419
1999-12-06,1.8227054,3.6316
1999-12-07,1.809045,3.632258
1999-12-08,1.7965899,3.632916
1999-12-09,1.7853639,3.633574
1999-12-10,1.7753904,3.634232
1999-12-11,1.7666914,3.63489
1999-12-12,1.7592881,3.6355484
1999-12-13,1.7532007,3.6362064
1999-12-14,1.7484483,3.6368644
1999-12-15,1.745049,3.6375225
1999-12-16,1.74302,3.6381807
1999-12-17,1.7423772,3.6388388
1999-12-18,1.7431357,3.639497
1999-12-19,1.7453092,3.640155
1999-12-20,1.7489105,3.6408134
1999-12-21,1.7539513,3.6414714
1999-12-22,1.7604418,3.6421297
1999-12-23,1.7683909,3.642788
1999-12-24,1.7778065,3.6434462
1999-12-25,1.788695,3.6441042
1999-12-26,1.8010614,3.6447625
1999-12-27,1.8149092,3.6454208
1999-12-28,1.8302407,3.646079
1999-12-29,1.8470565,3.6467373
1999-12-30,1.8653557,3.6473956
1999-12-31,1.885136,3.648054
2000-01-01,1.9063936,3.6487122
2000-01-02,1.929123,3.6493704
2000-01-03,1.9533176,3.6500287
2000-01-04,1.9789686,3.6506872
2000-01-05,2.006066,3.6513455
2000-01-06,2.0345986,3.6520038
2000-01-07,2.064553,3.652662
2000-01-08,2.0959144,3.6533206
2000-01-09,2.1286666,3.6539788
2000-01-10,2.1627927,3.6546373
2000-01-11,2.1982734,3.6552956
2000-01-12,2.2350888,3.6559541
2000-01-13,2.273217,3.6566124
2000-01-14,2.3126354,3.657271
2000-01-15,2.3533196,3.6579294
2000-01-16,2.3952444,3.658588
2000-01-17,2.4383829,3.6592462
2000-01-18,2.482707,3.6599047
2000-01-19,2.5281875,3.6605632
2000-01-20,2.5747938,3.6612217
2000-01-21,2.6224942,3.6618803
2000-01-22,2.6712558,3.6625388
2000-01-23,2.7210445,3.6631973
2000-01-24,2.7718253,3.6638558
2000-01-25,2.8235621,3.6645143
2000-01-26,2.876218,3.6651728
2000-01-27,2.9297545,3.6658316
2000-01-28,2.984133,3.66649
2000-01-29,3.039313,3.6671486
2000-01-30,3.095254,3.6678073
2000-01-31,3.151914,3.6684659
2000-02-01,3.2092502,3.6691246
2000-02-02,3.2672195,3.669783
2000-02-03,3.3257782,3.6704419
2000-02-04,3.3848815,3.6711004
2000-02-05,3.4444845,3.6717591
2000-02-06,3.5045414,3.6724176
2000-02-07,3.5650065,3.6730764
2000-02-08,3.6258328,3.6737351
2000-02-09,3.686973,3.674394
2000-02-10,3.74838,3.6750526
2000-02-11,3.8100054,3.6757112
2000-02-12,3.8718007,3.67637
2000-02-13,3.933717,3.6770287
2000-02-14,3.9957051,3.6776874
2000-02-15,4.057715,3.6783462
2000-02-16,4.119697,3.6790051
2000-02-17,4.1816,3.679664
2000-02-18,4.243374,3.6803226
2000-02-19,4.3049664,3.6809814
2000-02-20,4.3663263,3.6816401
2000-02-21,4.427402,3.6822991
2000-02-22,4.4881415,3.682958
2000-02-23,4.5484924,3.6836169
2000-02-24,4.6084023,3.6842756
2000-02-25,4.667819,3.6849346
2000-02-26,4.7266903,3.6855934
2000-02-27,4.784964,3.6862524
2000-02-28,4.842588,3.686911
2000-02-29,4.8995113,3.68757
2000-03-01,4.955682,3.688229
2000-03-02,5.0110493,3.6888878
2000-03-03,5.0655637,3.6895468
2000-03-04,5.119175,3.6902058
2000-03-05,5.171834,3.6908648
2000-03-06,5.2234926,3.6915238
2000-03-07,5.274104,3.6921828
2000-03-08,5.323621,3.6928418
2000-03-09,5.371998,3.6935008
2000-03-10,5.419191,3.6941597
2000-03-11,5.4651556,3.6948187
2000-03-12,5.5098505,3.695478
2000-03-13,5.5532336,3.696137
2000-03-14,5.5952654,3.696796
2000-03-15,5.635907,3.697455
2000-03-16,5.6751213,3.6981142
2000-03-17,5.7128716,3.6987731
2000-03-18,5.749124,3.6994324
2000-03-19,5.783845,3.7000914
2000-03-20,5.8170033,3.7007506
2000-03-21,5.8485694,3.7014096
2000-03-22,5.8785143,3.7020688
2000-03-23,5.9068117,3.702728
2000-03-24,5.933437,3.7033873
2000-03-25,5.9583664,3.7040462
2000-03-26,5.9815793,3.7047055
2000-03-27,6.0030556,3.7053647
2000-03-28,6.0227776,3.706024
2000-03-29,6.0407286,3.7066832
2000-03-30,6.0568953,3.7073424
2000-03-31,6.0712643,3.7080016
2000-04-01,6.0838246,3.7086608
2000-04-02,6.0945673,3.70932
2000-04-03,6.103485,3.7099793
2000-04-04,6.110572,3.7106385
2000-04-05,6.1158223,3.711298
2000-04-06,6.1192346,3.7119572
2000-04-07,6.1208067,3.7126164
2000-04-08,6.1205387,3.713276
2000-04-09,6.118432,3.7139351
2000-04-10,6.1144896,3.7145946
2000-04-11,6.1087155,3.7152538
2000-04-12,6.101116,3.7159133
2000-04-13,6.0916986,3.7165725
2000-04-14,6.0804725,3.717232
2000-04-15,6.067448,3.7178915
2000-04-16,6.052638,3.718551
2000-04-17,6.0360565,3.7192101
2000-04-18,6.01772,3.7198696
2000-04-19,5.9976473,3.720529
2000-04-20,5.975858,3.7211885
2000-04-21,5.9523754,3.721848
2000-04-22,5.9272246,3.7225075
2000-04-23,5.900432,3.723167
2000-04-24,5.872028,3.7238264
2000-04-25,5.8420434,3.7244859
2000-04-26,5.810512,3.7251453
2000-04-27,5.777469,3.725805
2000-04-28,5.7429514,3.7264645
2000-04-29,5.7069974,3.727124
2000-04-30,5.669647,3.7277837
2000-05-01,5.6309404,3.7284431
2000-05-02,5.59092,3.7291026
2000-05-03,5.549628,3.7297623
2000-05-04,5.507107,3.7304218
2000-05-05,5.463401,3.7310815
2000-05-06,5.4185534,3.7317412
2000-05-07,5.372609,3.7324007
2000-05-08,5.3256116,3.7330604
2000-05-09,5.2776055,3.73372
2000-05-10,5.228635,3.7343798
2000-05-11,5.1787443,3.7350392
2000-05-12,5.1279783,3.735699
2000-05-13,5.0763807,3.7363586
2000-05-14,5.023997,3.7370183
2000-05-15,4.97087,3.737678
2000-05-16,4.9170456,3.7383378
2000-05-17,4.8625674,3.7389975
2000-05-18,4.807481,3.7396574
2000-05-19,4.7518296,3.740317
2000-05-20,4.6956587,3.7409768
2000-05-21,4.6390123,3.7416365
2000-05-22,4.581934,3.7422965
2000-05-23,4.5244675,3.7429562
2000-05-24,4.466655,3.7436159
2000-05-25,4.408539,3.7442758
2000-05-26,4.3501606,3.7449355
2000-05-27,4.2915606,3.7455955
2000-05-28,4.232779,3.7462554
2000-05-29,4.173855,3.746915
2000-05-30,4.1148257,3.747575
2000-05-31,4.0557294,3.748235
2000-06-01,3.9966028,3.7488947
2000-06-02,3.9374814,3.7495546
2000-06-03,3.878401,3.7502146
2000-06-04,3.8193958,3.7508745
2000-06-05,3.7605007,3.7515345
2000-06-06,3.7017493,3.7521944
2000-06-07,3.6431754,3.7528543
2000-06-08,3.5848124,3.7535143
2000-06-09,3.5266943,3.7541742
2000-06-10,3.4688544,3.7548342
2000-06-11,3.4113266,3.755494
2000-06-12,3.3541446,3.7561543
2000-06-13,3.297342,3.7568142
2000-06-14,3.2409527,3.7574742
2000-06-15,3.18501,3.7581344
2000-06-16,3.129547,3.7587943
2000-06-17,3.0745964,3.7594545
2000-06-18,3.0201902,3.7601144
2000-06-19,2.9663596,3.7607746
2000-06-20,2.913135,3.7614346
2000-06-21,2.8605459,3.7620947
2000-06-22,2.8086197,3.762755
2000-06-23,2.7573836,3.7634149
2000-06-24,2.7068622,3.764075
2000-06-25,2.6570787,3.7647352
2000-06-26,2.608055,3.7653954
2000-06-27,2.5598109,3.7660556
2000-06-28,2.5123641,3.7667158
2000-06-29,2.4657304,3.767376
2000-06-30,2.4199243,3.7680361
2000-07-01,2.3749576,3.7686963
2000-07-02,2.3308408,3.7693565
2000-07-03,2.2875829,3.7700167
2000-07-04,2.2451904,3.7706769
2000-07-05,2.2036695,3.7713373
2000-07-06,2.1630244,3.7719975
2000-07-07,2.1232586,3.7726576
2000-07-08,2.0843737,3.773318
2000-07-09,2.046371,3.7739782
2000-07-10,2.0092506,3.7746387
2000-07-11,1.9730122,3.7752988
2000-07-12,1.9376546,3.7759593
2000-07-13,1.9031763,3.7766194
2000-07-14,1.869575,3.7772799
2000-07-15,1.8368484,3.7779403
2000-07-16,1.8049941,3.7786005
2000-07-17,1.7740095,3.7792609
2000-07-18,1.7438917,3.7799213
2000-07-19,1.7146382,3.7805817
2000-07-20,1.6862468,3.7812421
2000-07-21,1.6587147,3.7819026
2000-07-22,1.6320403,3.782563
2000-07-23,1.6062216,3.7832234
2000-07-24,1.581257,3.7838838
2000-07-25,1.557145,3.7845442
2000-07-26,1.5338845,3.7852046
2000-07-27,1.5114743,3.785865
2000-07-28,1.4899133,3.7865257
2000-07-29,1.4692007,3.7871861
2000-07-30,1.4493357,3.7878466
2000-07-31,1.4303174,3.7885072
2000-08-01,1.4121451,3.7891676
2000-08-02,1.3948183,3.7898283
2000-08-03,1.3783362,3.7904887
2000-08-04,1.3626984,3.7911494
2000-08-05,1.3479043,3.7918098
2000-08-06,1.3339534,3.7924705
2000-08-07,1.3208454,3.793131
2000-08-08,1.3085799,3.7937918
2000-08-09,1.2971572,3.7944522
2000-08-10,1.2865772,3.7951128
2000-08-11,1.2768406,3.7957735
2000-08-12,1.2679478,3.7964342
2000-08-13,1.2599001,3.7970948
2000-08-14,1.2526993,3.7977555
2000-08-15,1.2463474,3.7984161
2000-08-16,1.2408473,3.7990768
2000-08-17,1.2362024,3.7997375
2000-08-18,1.2324167,3.8003983
2000-08-19,1.2294949,3.801059
2000-08-20,1.227442,3.8017197
2000-08-21,1.2262638,3.8023803
2000-08-22,1.2259661,3.8030412
2000-08-23,1.226555,3.8037019
2000-08-24,1.228037,3.8043628
2000-08-25,1.2304184,3.8050234
2000-08-26,1.2337058,3.8056843
2000-08-27,1.2379051,3.806345
2000-08-28,1.2430224,3.807006
2000-08-29,1.2490631,3.8076668
2000-08-30,1.2560321,3.8083274
2000-08-31,1.2639339,3.8089883
2000-09-01,1.2727721,3.8096492
2000-09-02,1.2825496,3.8103101
2000-09-03,1.2932688,3.810971
2000-09-04,1.3049313,3.811632
2000-09-05,1.3175381,3.8122928
2000-09-06,1.3310896,3.8129537
2000-09-07,1.345586,3.8136146
2000-09-08,1.3610265,3.8142755
2000-09-09,1.3774111,3.8149364
2000-09-10,1.3947389,3.8155973
2000-09-11,1.4130095,3.8162582
2000-09-12,1.4322222,3.8169193
2000-09-13,1.4523768,3.8175802
2000-09-14,1.4734732,3.8182411
2000-09-15,1.4955115,3.8189023
2000-09-16,1.5184922,3.8195632
2000-09-17,1.542416,3.8202243
2000-09-18,1.5672835,3.8208852
2000-09-19,1.593096,3.8215463
2000-09-20,1.6198546,3.8222075
2000-09-21,1.6475605,3.8228683
2000-09-22,1.6762147,3.8235295
2000-09-23,1.7058185,3.8241906
2000-09-24,1.7363728,3.8248518
2000-09-25,1.7678785,3.825513
2000-09-26,1.8003361,3.8261738
2000-09-27,1.8337462,3.826835
2000-09-28,1.8681091,3.827496
2000-09-29,1.903425,3.8281572
2000-09-30,1.9396943,3.8288186
2000-10-01,1.9769174,3.8294797
2000-10-02,2.015095,3.8301408
2000-10-03,2.0542278,3.830802
2000-10-04,2.0943167,3.831463
2000-10-05,2.1353626,3.8321245
2000-10-06,2.1773667,3.8327856
2000-10-07,2.2203302,3.8334467
2000-10-08,2.2642546,3.834108
2000-10-09,2.3091412,3.8347692
2000-10-10,2.354992,3.8354306
2000-10-11,2.4018083,3.8360918
2000-10-12,2.4495916,3.8367531
2000-10-13,2.4983432,3.8374145
2000-10-14,2.5480638,3.8380756
2000-10-15,2.5987532,3.838737
2000-10-16,2.6504111,3.8393984
2000-10-17,2.7030358,3.8400598
2000-10-18,2.7566247,3.8407211
2000-10-19,2.8111744,3.8413823
2000-10-20,2.8666797,3.8420436
2000-10-21,2.923134,3.842705
2000-10-22,2.9805303,3.8433664
2000-10-23,3.0388584,3.844028
2000-10-24,3.0981083,3.8446894
2000-10-25,3.158267,3.8453507
2000-10-26,3.219321,3.846012
2000-10-27,3.2812545,3.8466735
2000-10-28,3.3440504,3.847335
2000-10-29,3.4076896,3.8479965
2000-10-30,3.4721518,3.8486578
2000-10-31,3.537415,3.8493195
2000-11-01,3.6034555,3.8499808
2000-11-02,3.6702487,3.8506424
2000-11-03,3.7377677,3.8513038
2000-11-04,3.805985,3.8519654
2000-11-05,3.8748713,3.852627
2000-11-06,3.944396,3.8532884
2000-11-07,4.014527,3.85395
2000-11-08,4.0852313,3.8546116
2000-11-09,4.1564736,3.8552732
2000-11-10,4.228219,3.8559349
2000-11-11,4.30043,3.8565965
2000-11-12,4.373068,3.857258
2000-11-13,4.446093,3.8579197
2000-11-14,4.519465,3.8585813
2000-11-15,4.593142,3.859243
2000-11-16,4.667082,3.8599045
2000-11-17,4.7412415,3.8605661
2000-11-18,4.8155766,3.8612278
2000-11-19,4.8900423,3.8618896
2000-11-20,4.964594,3.8625512
2000-11-21,5.039186,3.8632128
2000-11-22,5.1137724,3.8638747
2000-11-23,5.188307,3.8645363
2000-11-24,5.2627435,3.8651981
2000-11-25,5.3370357,3.8658597
2000-11-26,5.411136,3.8665216
2000-11-27,5.4849987,3.8671834
2000-11-28,5.558576,3.867845
2000-11-29,5.6318216,3.868507
2000-11-30,5.704688,3.8691688
2000-12-01,5.7771287,3.8698306
2000-12-02,5.8490963,3.8704922
2000-12-03,5.920545,3.871154
2000-12-04,5.991428,3.871816
2000-12-05,6.061698,3.8724778
2000-12-06,6.1313095,3.8731396
2000-12-07,6.200217,3.8738015
2000-12-08,6.268373,3.8744633
2000-12-09,6.3357344,3.8751254
2000-12-10,6.402255,3.8757873
2000-12-11,6.4678917,3.876449
2000-12-12,6.5326004,3.877111
2000-12-13,6.5963383,3.877773
2000-12-14,6.6590633,3.878435
2000-12-15,6.720734,3.8790967
2000-12-16,6.78131,3.8797588
2000-12-17,6.8407516,3.8804207
2000-12-18,6.8990197,3.8810828
2000-12-19,6.956077,3.8817449
2000-12-20,7.011887,3.8824067
2000-12-21,7.066413,3.8830688
2000-12-22,7.1196213,3.883731
2000-12-23,7.171478,3.8843927
2000-12-24,7.2219505,3.8850548
2000-12-25,7.2710085,3.885717
2000-12-26,7.318621,3.886379
2000-12-27,7.36476,3.887041
2000-12-28,7.409398,3.8877032
2000-12-29,7.452509,3.8883653
2000-12-30,7.494068,3.8890274
2000-12-31,7.5340514,3.8896894
2001-01-01,7.5724373,3.8903515
2001-01-02,7.609205,3.8910139
2001-01-03,7.6443343,3.891676
2001-01-04,7.677808,3.892338
2001-01-05,7.7096086,3.8930001
2001-01-06,7.739721,3.8936625
2001-01-07,7.7681317,3.8943245
2001-01-08,7.794828,3.8949869
2001-01-09,7.8197985,3.895649
2001-01-10,7.843033,3.8963113
2001-01-11,7.8645234,3.8969734
2001-01-12,7.8842616,3.8976357
2001-01-13,7.902242,3.898298
2001-01-14,7.9184594,3.8989604
2001-01-15,7.9329095,3.8996224
2001-01-16,7.9455905,3.9002848
2001-01-17,7.9565005,3.900947
2001-01-18,7.965639,3.9016094
2001-01-19,7.973008,3.9022717
2001-01-20,7.9786086,3.902934
2001-01-21,7.982445,3.9035964
2001-01-22,7.9845204,3.9042587
2001-01-23,7.9848423,3.904921
2001-01-24,7.9834166,3.9055834
2001-01-25,7.980252,3.906246
2001-01-26,7.9753566,3.9069083
2001-01-27,7.9687424,3.9075706
2001-01-28,7.9604197,3.9082332
2001-01-29,7.9504023,3.9088955
2001-01-30,7.938703,3.9095578
2001-01-31,7.925338,3.9102204
2001-02-01,7.9103217,3.9108827
2001-02-02,7.893673,3.9115453
2001-02-03,7.875409,3.9122078
2001-02-04,7.8555493,3.9128702
2001-02-05,7.8341146,3.9135327
2001-02-06,7.8111253,3.9141953
2001-02-07,7.786604,3.9148579
2001-02-08,7.7605734,3.9155202
2001-02-09,7.7330585,3.9161828
2001-02-10,7.704084,3.9168453
2001-02-11,7.6736755,3.917508
2001-02-12,7.641861,3.9181705
2001-02-13,7.608668,3.918833
2001-02-14,7.574125,3.9194956
2001-02-15,7.5382624,3.9201581
2001-02-16,7.5011115,3.920821
2001-02-17,7.4627037,3.9214835
2001-02-18,7.423072,3.922146
2001-02-19,7.3822503,3.9228086
2001-02-20,7.3402724,3.9234715
2001-02-21,7.297175,3.924134
2001-02-22,7.2529926,3.9247968
2001-02-23,7.207763,3.9254594
2001-02-24,7.1615233,3.9261222
2001-02-25,7.114311,3.9267848
2001-02-26,7.066165,3.9274476
2001-02-27,7.0171227,3.9281104
2001-02-28,6.967223,3.928773
2001-03-01,6.916505,3.9294357
2001-03-02,6.865007,3.9300985
2001-03-03,6.812768,3.9307613
2001-03-04,6.759826,3.9314241
2001-03-05,6.70622,3.932087
2001-03-06,6.6519885,3.9327497
2001-03-07,6.597169,3.9334126
2001-03-08,6.541798,3.9340754
2001-03-09,6.4859147,3.9347382
2001-03-10,6.4295545,3.935401
2001-03-11,6.372755,3.9360638
2001-03-12,6.3155518,3.9367266
2001-03-13,6.2579803,3.9373896
2001-03-14,6.2000775,3.9380524
2001-03-15,6.141877,3.9387152
2001-03-16,6.0834155,3.9393783
2001-03-17,6.024726,3.940041
2001-03-18,5.9658437,3.940704
2001-03-19,5.9068027,3.941367
2001-03-20,5.8476367,3.94203
2001-03-21,5.788379,3.942693
2001-03-22,5.7290626,3.9433558
2001-03-23,5.6697197,3.9440188
2001-03-24,5.6103826,3.944682
2001-03-25,5.551082,3.945345
2001-03-26,5.4918494,3.9460077
2001-03-27,5.432714,3.9466708
2001-03-28,5.373706,3.9473338
2001-03-29,5.3148537,3.9479969
2001-03-30,5.256185,3.94866
2001-03-31,5.1977267,3.949323
2001-04-01,5.1395063,3.9499862
2001-04-02,5.0815487,3.9506493
2001-04-03,5.0238795,3.9513123
2001-04-04,4.966523,3.9519753
2001-04-05,4.909503,3.9526386
2001-04-06,4.8528423,3.9533017
2001-04-07,4.7965646,3.9539647
2001-04-08,4.7406917,3.954628
2001-04-09,4.685245,3.955291
2001-04-10,4.6302466,3.9559543
2001-04-11,4.5757174,3.9566174
2001-04-12,4.5216784,3.9572806
2001-04-13,4.4681497,3.9579437
2001-04-14,4.4151516,3.958607
2001-04-15,4.3627033,3.9592702
2001-04-16,4.3108244,3.9599335
2001-04-17,4.2595325,3.9605968
2001-04-18,4.208845,3.9612598
2001-04-19,4.158779,3.9619231
2001-04-20,4.1093507,3.9625864
2001-04-21,4.0605745,3.9632497
2001-04-22,4.0124645,3.963913
2001-04-23,3.9650342,3.9645762
2001-04-24,3.9182959,3.9652398
2001-04-25,3.8722608,3.965903
2001-04-26,3.8269398,3.9665663
2001-04-27,3.782343,3.9672296
2001-04-28,3.7384791,3.9678931
2001-04-29,3.6953573,3.9685564
2001-04-30,3.652986,3.9692197
2001-05-01,3.6113725,3.9698832
2001-05-02,3.5705247,3.9705465
2001-05-03,3.5304496,3.97121
2001-05-04,3.4911544,3.9718733
2001-05-05,3.4526458,3.9725368
2001-05-06,3.4149308,3.9732003
2001-05-07,3.3780165,3.9738636
2001-05-08,3.3419096,3.9745271
2001-05-09,3.3066173,3.9751906
2001-05-10,3.2721462,3.9758542
2001-05-11,3.2385037,3.9765177
2001-05-12,3.205696,3.977181
2001-05-13,3.1737306,3.9778445
2001-05-14,3.1426134,3.978508
2001-05-15,3.1123514,3.9791718
2001-05-16,3.082951,3.9798353
2001-05-17,3.0544186,3.9804988
2001-05-18,3.0267599,3.9811623
2001-05-19,2.9999816,3.9818258
2001-05-20,2.9740891,3.9824893
2001-05-21,2.9490888,3.983153
2001-05-22,2.9249864,3.9838166
2001-05-23,2.9017875,3.9844804
2001-05-24,2.8794982,3.985144
2001-05-25,2.8581243,3.9858077
2001-05-26,2.8376718,3.9864712
2001-05-27,2.818146,3.987135
2001-05-28,2.799553,3.9877985
2001-05-29,2.7818975,3.9884622
2001-05-30,2.7651856,3.989126
2001-05-31,2.7494218,3.9897895
2001-06-01,2.73461,3.9904532
2001-06-02,2.7207544,3.991117
2001-06-03,2.7078576,3.9917808
2001-06-04,2.6959217,3.9924445
2001-06-05,2.684948,3.9931083
2001-06-06,2.6749368,3.993772
2001-06-07,2.6658878,3.9944358
2001-06-08,2.6577992,3.9950995
2001-06-09,2.6506689,3.9957633
2001-06-10,2.6444929,3.996427
2001-06-11,2.639267,3.997091
2001-06-12,2.6349862,3.9977548
2001-06-13,2.6316447,3.9984186
2001-06-14,2.6292357,3.9990826
2001-06-15,2.6277523,3.9997463
2001-06-16,2.6271865,4.00041
2001-06-17,2.6275306,4.0010743
2001-06-18,2.6287754,4.001738
2001-06-19,2.6309125,4.002402
2001-06-20,2.6339324,4.0030656
2001-06-21,2.6378253,4.00373
2001-06-22,2.6425817,4.0043936
2001-06-23,2.6481917,4.005058
2001-06-24,2.6546443,4.0057216
2001-06-25,2.6619294,4.0063853
2001-06-26,2.6700363,4.0070496
2001-06-27,2.6789534,4.0077133
2001-06-28,2.6886697,4.0083776
2001-06-29,2.6991735,4.0090413
2001-06-30,2.7104523,4.0097055
2001-07-01,2.7224941,4.0103693
2001-07-02,2.735286,4.0110335
2001-07-03,2.7488148,4.011698
2001-07-04,2.7630665,4.0123615
2001-07-05,2.7780275,4.0130258
2001-07-06,2.7936826,4.01369
2001-07-07,2.8100164,4.0143538
2001-07-08,2.8270128,4.015018
2001-07-09,2.8446553,4.015682
2001-07-10,2.8629258,4.016346
2001-07-11,2.8818057,4.01701
2001-07-12,2.9012754,4.0176744
2001-07-13,2.9213147,4.0183387
2001-07-14,2.9419014,4.019003
2001-07-15,2.9630127,4.019667
2001-07-16,2.9846241,4.020331
2001-07-17,3.0067103,4.020995
2001-07-18,3.0292442,4.0216594
2001-07-19,3.0521975,4.0223236
2001-07-20,3.0755405,4.022988
2001-07-21,3.099243,4.023652
2001-07-22,3.1232727,4.0243163
2001-07-23,3.1475961,4.0249805
2001-07-24,3.172179,4.025645
2001-07-25,3.196986,4.026309
2001-07-26,3.2219806,4.0269737
2001-07-27,3.2471259,4.027638
2001-07-28,3.2723842,4.028302
2001-07-29,3.2977173,4.0289664
2001-07-30,3.3230867,4.0296307
2001-07-31,3.3484535,4.030295
2001-08-01,3.3737786,4.0309596
2001-08-02,3.3990226,4.031624
2001-08-03,3.4241464,4.032288
2001-08-04,3.4491107,4.032953
2001-08-05,3.473876,4.033617
2001-08-06,3.4984028,4.0342813
2001-08-07,3.5226521,4.034946
2001-08-08,3.5465844,4.03561
2001-08-09,3.5701604,4.0362744
2001-08-10,3.5933409,4.036939
2001-08-11,3.6160865,4.0376034
2001-08-12,3.6383579,4.038268
2001-08-13,3.6601162,4.0389323
2001-08-14,3.681322,4.039597
2001-08-15,3.7019367,4.0402613
2001-08-16,3.7219212,4.040926
2001-08-17,3.7412374,4.0415907
2001-08-18,3.7598464,4.042255
2001-08-19,3.777711,4.0429196
2001-08-20,3.7947931,4.043584
2001-08-21,3.8110564,4.0442486
2001-08-22,3.8264644,4.0449133
2001-08-23,3.840982,4.045578
2001-08-24,3.854575,4.046242
2001-08-25,3.8672097,4.046907
2001-08-26,3.8788545,4.0475717
2001-08-27,3.8894784,4.0482364
2001-08-28,3.8990521,4.048901
2001-08-29,3.9075475,4.0495653
2001-08-30,3.9149382,4.05023
2001-08-31,3.9211998,4.0508947
2001-09-01,3.9263086,4.0515594
2001-09-02,3.9302437,4.052224
2001-09-03,3.9329846,4.052889
2001-09-04,3.9345136,4.0535536
2001-09-05,3.9348133,4.0542183
2001-09-06,3.9338686,4.054883
2001-09-07,3.9316657,4.0555477
2001-09-08,3.928192,4.0562124
2001-09-09,3.923436,4.056877
2001-09-10,3.9173877,4.057542
2001-09-11,3.910039,4.058207
2001-09-12,3.9013817,4.0588717
2001-09-13,3.89141,4.0595365
2001-09-14,3.8801188,4.060201
2001-09-15,3.8675041,4.060866
2001-09-16,3.8535643,4.061531
2001-09-17,3.8382976,4.062196
2001-09-18,3.8217049,4.0628605
2001-09-19,3.803788,4.0635257
2001-09-20,3.7845502,4.0641904
2001-09-21,3.7639966,4.064855
2001-09-22,3.742134,4.0655203
2001-09-23,3.7189708,4.066185
2001-09-24,3.6945171,4.0668497
2001-09-25,3.6687849,4.067515
2001-09-26,3.6417875,4.0681796
2001-09-27,3.6135411,4.068845
2001-09-28,3.5840626,4.0695095
2001-09-29,3.553371,4.0701747
2001-09-30,3.5214865,4.0708394
2001-10-01,3.4884315,4.0715046
2001-10-02,3.454229,4.07217
2001-10-03,3.418904,4.0728345
2001-10-04,3.3824828,4.0734997
2001-10-05,3.344992,4.074165
2001-10-06,3.3064604,4.0748296
2001-10-07,3.266917,4.075495
2001-10-08,3.2263927,4.07616
2001-10-09,3.1849186,4.0768247
2001-10-10,3.142527,4.07749
2001-10-11,3.0992513,4.078155
2001-10-12,3.0551255,4.07882
2001-10-13,3.0101845,4.0794854
2001-10-14,2.9644647,4.0801506
2001-10-15,2.9180028,4.080816
2001-10-16,2.8708372,4.0814805
2001-10-17,2.8230078,4.0821457
2001-10-18,2.7745547,4.082811
2001-10-19,2.7255204,4.083476
2001-10-20,2.6759484,4.0841413
2001-10-21,2.6258836,4.0848064
2001-10-22,2.5753722,4.0854716
2001-10-23,2.524462,4.086137
2001-10-24,2.4732025,4.0868025
2001-10-25,2.4216437,4.0874677
2001-10-26,2.3698378,4.088133
2001-10-27,2.317838,4.088798
2001-10-28,2.2656984,4.089463
2001-10-29,2.2134743,4.0901284
2001-10-30,2.161222,4.0907936
2001-10-31,2.1089988,4.0914593
2001-11-01,2.0568628,4.0921245
2001-11-02,2.0048728,4.0927896
2001-11-03,1.953088,4.0934553
2001-11-04,1.9015684,4.0941205
2001-11-05,1.850374,4.0947857
2001-11-06,1.7995654,4.0954514
2001-11-07,1.7492034,4.0961165
2001-11-08,1.6993487,4.0967817
2001-11-09,1.6500621,4.0974474
2001-11-10,1.6014049,4.0981126
2001-11-11,1.553438,4.0987782
2001-11-12,1.5062225,4.0994434
2001-11-13,1.4598191,4.100109
2001-11-14,1.4142883,4.1007743
2001-11-15,1.3696902,4.10144
2001-11-16,1.3260844,4.1021056
2001-11-17,1.2835295,4.102771
2001-11-18,1.2420838,4.1034365
2001-11-19,1.2018043,4.1041017
2001-11-20,1.162747,4.1047673
2001-11-21,1.1249669,4.105433
2001-11-22,1.0885177,4.1060987
2001-11-23,1.0534514,4.106764
2001-11-24,1.0198191,4.1074295
2001-11-25,0.98767,4.108095
2001-11-26,0.9570517,4.108761
2001-11-27,0.9280101,4.1094265
2001-11-28,0.9005893,4.1100917
2001-11-29,0.87483156,4.1107574
2001-11-30,0.85077715,4.111423
2001-12-01,0.82846415,4.1120887
2001-12-02,0.80792856,4.1127543
2001-12-03,0.78920424,4.11342
2001-12-04,0.7723227,4.1140857
2001-12-05,0.75731343,4.1147513
2001-12-06,0.74420315,4.115417
2001-12-07,0.73301643,4.1160827
2001-12-08,0.7237754,4.1167483
2001-12-09,0.7164998,4.117414
2001-12-10,0.71120715,4.1180797
2001-12-11,0.70791227,4.118746
2001-12-12,0.7066277,4.1194115
2001-12-13,0.70736367,4.120077
2001-12-14,0.71012783,4.120743
2001-12-15,0.71492535,4.1214085
2001-12-16,0.72175926,4.1220746
2001-12-17,0.7306301,4.1227403
2001-12-18,0.741536,4.123406
2001-12-19,0.75447303,4.1240716
2001-12-20,0.76943487,4.1247377
2001-12-21,0.7864129,4.1254034
2001-12-22,0.80539656,4.1260695
2001-12-23,0.8263731,4.126735
2001-12-24,0.8493277,4.127401
2001-12-25,0.8742433,4.128067
2001-12-26,0.9011011,4.1287327
2001-12-27,0.9298801,4.129399
2001-12-28,0.96055716,4.1300645
2001-12-29,0.9931074,4.1307306
2001-12-30,1.027504,4.1313963
2001-12-31,1.0637178,4.1320624
2002-01-01,1.1017185,4.1327286
2002-01-02,1.1414737,4.1333942
2002-01-03,1.1829492,4.1340604
2002-01-04,1.2261093,4.1347265
2002-01-05,1.2709165,4.135392
2002-01-06,1.3173317,4.1360583
2002-01-07,1.365314,4.1367245
2002-01-08,1.414821,4.13739
2002-01-09,1.4658087,4.1380563
2002-01-10,1.5182313,4.1387224
2002-01-11,1.5720415,4.1393886
2002-01-12,1.6271906,4.1400547
2002-01-13,1.683628,4.140721
2002-01-14,1.7413017,4.1413865
2002-01-15,1.8001581,4.1420527
2002-01-16,1.8601425,4.142719
2002-01-17,1.921198,4.143385
2002-01-18,1.983267,4.144051
2002-01-19,2.0462902,4.144717
2002-01-20,2.110207,4.1453834
2002-01-21,2.174956,4.1460495
2002-01-22,2.240474,4.1467156
2002-01-23,2.3066971,4.147382
2002-01-24,2.3735604,4.1480484
2002-01-25,2.4409978,4.1487145
2002-01-26,2.5089436,4.1493807
2002-01-27,2.57733,4.150047
2002-01-28,2.6460903,4.150713
2002-01-29,2.715156,4.151379
2002-01-30,2.7844596,4.1520457
2002-01-31,2.8539326,4.152712
2002-02-01,2.923507,4.153378
2002-02-02,2.9931142,4.1540446
2002-02-03,3.0626867,4.154711
2002-02-04,3.1321561,4.155377
2002-02-05,3.2014554,4.1560435
2002-02-06,3.270517,4.1567097
2002-02-07,3.3392744,4.157376
2002-02-08,3.407661,4.1580424
2002-02-09,3.4756112,4.1587086
2002-02-10,3.54306,4.159375
2002-02-11,3.6099432,4.1600413
2002-02-12,3.6761966,4.160708
2002-02-13,3.7417579,4.161374
2002-02-14,3.806565,4.1620407
2002-02-15,3.870557,4.1627073
2002-02-16,3.9336739,4.1633735
2002-02-17,3.995856,4.16404
2002-02-18,4.0570464,4.164706
2002-02-19,4.117187,4.165373
2002-02-20,4.1762233,4.1660395
2002-02-21,4.234101,4.166706
2002-02-22,4.290766,4.167372
2002-02-23,4.3461676,4.168039
2002-02-24,4.4002557,4.1687055
2002-02-25,4.452982,4.169372
2002-02-26,4.5042996,4.170038
2002-02-27,4.554164,4.170705
2002-02-28,4.602532,4.1713715
2002-03-01,4.649362,4.172038
2002-03-02,4.694616,4.1727047
2002-03-03,4.7382555,4.1733713
2002-03-04,4.7802463,4.174038
2002-03-05,4.820555,4.1747046
2002-03-06,4.859151,4.175371
2002-03-07,4.8960047,4.176038
2002-03-08,4.9310904,4.1767044
2002-03-09,4.9643836,4.177371
2002-03-10,4.995861,4.1780376
2002-03-11,5.025504,4.1787043
2002-03-12,5.0532937,4.179371
2002-03-13,5.0792146,4.180038
2002-03-14,5.1032534,4.1807046
2002-03-15,5.125398,4.181371
2002-03-16,5.14564,4.182038
2002-03-17,5.163972,4.182705
2002-03-18,5.1803885,4.1833715
2002-03-19,5.1948867,4.184038
2002-03-20,5.207466,4.184705
2002-03-21,5.2181273,4.185372
2002-03-22,5.2268734,4.1860385
2002-03-23,5.2337093,4.186705
2002-03-24,5.238643,4.187372
2002-03-25,5.2416844,4.188039
2002-03-26,5.2428436,4.188706
2002-03-27,5.2421346,4.1893725
2002-03-28,5.239573,4.1900396
2002-03-29,5.235177,4.1907063
2002-03-30,5.2289658,4.1913733
2002-03-31,5.220961,4.19204
2002-04-01,5.211188,4.192707
2002-04-02,5.199671,4.193374
2002-04-03,5.1864395,4.194041
2002-04-04,5.171523,4.194708
2002-04-05,5.154955,4.1953745
2002-04-06,5.136769,4.1960416
2002-04-07,5.1170006,4.1967087
2002-04-08,5.095689,4.197376
2002-04-09,5.0728726,4.1980424
2002-04-10,5.0485926,4.1987095
2002-04-11,5.0228915,4.1993766
2002-04-12,4.9958134,4.2000437
2002-04-13,4.967402,4.200711
2002-04-14,4.9377036,4.2013774
2002-04-15,4.906765,4.2020445
2002-04-16,4.874634,4.2027116
2002-04-17,4.8413587,4.2033787
2002-04-18,4.8069887,4.204046
2002-04-19,4.7715745,4.204713
2002-04-20,4.7351665,4.20538
2002-04-21,4.697816,4.206047
2002-04-22,4.6595755,4.206714
2002-04-23,4.6204967,4.2073812
2002-04-24,4.5806336,4.2080483
2002-04-25,4.540039,4.2087154
2002-04-26,4.498768,4.209383
2002-04-27,4.4568744,4.21005
2002-04-28,4.414414,4.210717
2002-04-29,4.371442,4.2113843
2002-04-30,4.328015,4.2120514
2002-05-01,4.284189,4.212719
2002-05-02,4.2400217,4.213386
2002-05-03,4.195569,4.214053
2002-05-04,4.1508894,4.2147202
2002-05-05,4.1060395,4.215388
2002-05-06,4.0610766,4.216055
2002-05-07,4.0160584,4.216722
2002-05-08,3.9710414,4.2173896
2002-05-09,3.926083,4.2180567
2002-05-10,3.8812397,4.2187243
2002-05-11,3.8365674,4.2193913
2002-05-12,3.7921216,4.220059
2002-05-13,3.7479572,4.220726
2002-05-14,3.704128,4.2213936
2002-05-15,3.660687,4.2220607
2002-05-16,3.6176856,4.2227283
2002-05-17,3.575174,4.2233953
2002-05-18,3.533202,4.224063
2002-05-19,3.4918158,4.2247305
2002-05-20,3.451062,4.2253976
2002-05-21,3.4109845,4.226065
2002-05-22,3.3716257,4.2267327
2002-05-23,3.3330262,4.2274
2002-05-24,3.295225,4.2280674
2002-05-25,3.2582595,4.228735
2002-05-26,3.222165,4.2294025
2002-05-27,3.1869757,4.23007
2002-05-28,3.1527236,4.230737
2002-05-29,3.1194394,4.231405
2002-05-30,3.0871525,4.2320724
2002-05-31,3.055891,4.23274
2002-06-01,3.0256817,4.2334075
2002-06-02,2.9965508,4.234075
2002-06-03,2.968523,4.2347426
2002-06-04,2.941622,4.23541
2002-06-05,2.9158704,4.236078
2002-06-06,2.8912904,4.2367454
2002-06-07,2.8679023,4.237413
2002-06-08,2.8457255,4.2380805
2002-06-09,2.8247786,4.238748
2002-06-10,2.8050785,4.2394156
2002-06-11,2.7866416,4.240083
2002-06-12,2.7694817,4.240751
2002-06-13,2.7536125,4.241419
2002-06-14,2.7390451,4.2420864
2002-06-15,2.72579,4.242754
2002-06-16,2.7138557,4.2434216
2002-06-17,2.703249,4.2440896
2002-06-18,2.6939754,4.244757
2002-06-19,2.6860385,4.2454247
2002-06-20,2.6794407,4.246093
2002-06-21,2.674183,4.2467604
2002-06-22,2.670264,4.247428
2002-06-23,2.6676824,4.248096
2002-06-24,2.666434,4.2487636
2002-06-25,2.666514,4.2494316
2002-06-26,2.6679153,4.250099
2002-06-27,2.6706307,4.250767
2002-06-28,2.6746504,4.251435
2002-06-29,2.679964,4.252103
2002-06-30,2.6865597,4.2527704
2002-07-01,2.6944232,4.2534385
2002-07-02,2.7035403,4.254106
2002-07-03,2.7138944,4.254774
2002-07-04,2.7254674,4.255442
2002-07-05,2.73824,4.2561097
2002-07-06,2.752191,4.256778
2002-07-07,2.7672985,4.257446
2002-07-08,2.7835383,4.2581134
2002-07-09,2.8008857,4.2587814
2002-07-10,2.8193145,4.2594495
2002-07-11,2.8387969,4.2601175
2002-07-12,2.8593051,4.2607856
2002-07-13,2.8808103,4.261453
2002-07-14,2.9032829,4.262121
2002-07-15,2.9266934,4.2627892
2002-07-16,2.9510124,4.2634573
2002-07-17,2.9762096,4.2641253
2002-07-18,3.0022562,4.2647934
2002-07-19,3.0291226,4.2654614
2002-07-20,3.0567794,4.2661295
2002-07-21,3.0851977,4.2667975
2002-07-22,3.1143494,4.2674656
2002-07-23,3.1442053,4.2681336
2002-07-24,3.1747384,4.2688017
2002-07-25,3.2059207,4.2694697
2002-07-26,3.237725,4.270138
2002-07-27,3.270124,4.2708063
2002-07-28,3.3030906,4.2714744
2002-07-29,3.336598,4.2721424
2002-07-30,3.3706188,4.2728105
2002-07-31,3.4051256,4.2734785
2002-08-01,3.4400916,4.274147
2002-08-02,3.4754887,4.274815
2002-08-03,3.5112894,4.275483
2002-08-04,3.5474656,4.2761517
2002-08-05,3.5839896,4.2768197
2002-08-06,3.6208334,4.2774878
2002-08-07,3.6579692,4.2781563
2002-08-08,3.6953695,4.2788243
2002-08-09,3.7330072,4.279493
2002-08-10,3.7708557,4.280161
2002-08-11,3.8088892,4.280829
2002-08-12,3.8470824,4.2814975
2002-08-13,3.8854108,4.2821655
2002-08-14,3.9238505,4.282834
2002-08-15,3.9623783,4.2835026
2002-08-16,4.0009723,4.2841706
2002-08-17,4.039611,4.284839
2002-08-18,4.0782733,4.285507
2002-08-19,4.11694,4.2861757
2002-08-20,4.155592,4.2868443
2002-08-21,4.194211,4.2875123
2002-08-22,4.232779,4.288181
2002-08-23,4.27128,4.2888494
2002-08-24,4.3096967,4.289518
2002-08-25,4.3480144,4.290186
2002-08-26,4.3862176,4.2908545
2002-08-27,4.424292,4.291523
2002-08-28,4.462224,4.2921915
2002-08-29,4.5,4.29286
2002-08-30,4.5376067,4.2935286
2002-08-31,4.5750313,4.294197
2002-09-01,4.6122622,4.2948656
2002-09-02,4.649288,4.295534
2002-09-03,4.6860967,4.2962027
2002-09-04,4.7226777,4.296871
2002-09-05,4.7590218,4.2975397
2002-09-06,4.7951183,4.298208
2002-09-07,4.8309593,4.298877
2002-09-08,4.8665357,4.2995453
2002-09-09,4.9018407,4.300214
2002-09-10,4.936866,4.3008823
2002-09-11,4.971606,4.301551
2002-09-12,5.0060534,4.3022194
2002-09-13,5.040203,4.3028884
2002-09-14,5.0740504,4.303557
2002-09-15,5.1075907,4.3042254
2002-09-16,5.140819,4.304894
2002-09-17,5.1737313,4.305563
2002-09-18,5.206325,4.3062315
2002-09-19,5.2385955,4.3069
2002-09-20,5.2705407,4.307569
2002-09-21,5.3021564,4.3082376
2002-09-22,5.3334413,4.308906
2002-09-23,5.3643913,4.309575
2002-09-24,5.3950043,4.3102436
2002-09-25,5.4252768,4.3109126
2002-09-26,5.455206,4.311581
2002-09-27,5.4847884,4.31225
2002-09-28,5.5140204,4.3129187
2002-09-29,5.5428977,4.3135877
2002-09-30,5.5714173,4.3142567
2002-10-01,5.599574,4.314925
2002-10-02,5.627364,4.315594
2002-10-03,5.6547823,4.3162627
2002-10-04,5.681824,4.3169317
2002-10-05,5.7084846,4.3176007
2002-10-06,5.7347584,4.3182693
2002-10-07,5.76064,4.3189383
2002-10-08,5.7861247,4.3196073
2002-10-09,5.811207,4.3202763
2002-10-10,5.8358808,4.3209453
2002-10-11,5.8601413,4.321614
2002-10-12,5.8839836,4.322283
2002-10-13,5.907402,4.322952
2002-10-14,5.9303923,4.323621
2002-10-15,5.9529486,4.32429
2002-10-16,5.9750657,4.324959
2002-10-17,5.996739,4.325628
2002-10-18,6.0179625,4.326297
2002-10-19,6.0387306,4.326966
2002-10-20,6.0590367,4.327635
2002-10-21,6.078875,4.328304
2002-10-22,6.0982375,4.328973
2002-10-23,6.117117,4.329642
2002-10-24,6.1355042,4.330311
2002-10-25,6.1533914,4.33098
2002-10-26,6.170768,4.331649
2002-10-27,6.187623,4.332318
2002-10-28,6.203946,4.3329873
2002-10-29,6.2197247,4.3336563
2002-10-30,6.234947,4.3343253
2002-10-31,6.2495995,4.3349943
2002-11-01,6.2636685,4.335664
2002-11-02,6.277139,4.336333
2002-11-03,6.2899976,4.337002
2002-11-04,6.3022275,4.3376713
2002-11-05,6.3138146,4.3383403
2002-11-06,6.324743,4.3390093
2002-11-07,6.3349957,4.339679
2002-11-08,6.344558,4.340348
2002-11-09,6.3534126,4.3410172
2002-11-10,6.361544,4.3416862
2002-11-11,6.368935,4.3423557
2002-11-12,6.3755693,4.3430247
2002-11-13,6.381429,4.343694
2002-11-14,6.386499,4.344363
2002-11-15,6.390761,4.3450327
2002-11-16,6.394198,4.345702
2002-11-17,6.3967943,4.346371
2002-11-18,6.398532,4.3470407
2002-11-19,6.399395,4.3477097
2002-11-20,6.3993664,4.348379
2002-11-21,6.398431,4.3490486
2002-11-22,6.3965716,4.349718
2002-11-23,6.3937736,4.350387
2002-11-24,6.3900213,4.3510566
2002-11-25,6.3853006,4.351726
2002-11-26,6.3795967,4.3523955
2002-11-27,6.372896,4.353065
2002-11-28,6.3651857,4.3537345
2002-11-29,6.3564525,4.3544035
2002-11-30,6.3466845,4.355073
2002-12-01,6.3358703,4.3557425
2002-12-02,6.324,4.356412
2002-12-03,6.3110633,4.3570814
2002-12-04,6.297052,4.357751
2002-12-05,6.281957,4.3584204
2002-12-06,6.265773,4.35909
2002-12-07,6.248493,4.3597593
2002-12-08,6.2301126,4.3604293
2002-12-09,6.210627,4.361099
2002-12-10,6.1900344,4.3617682
2002-12-11,6.1683316,4.3624377
2002-12-12,6.1455183,4.363107
2002-12-13,6.121594,4.3637767
2002-12-14,6.096559,4.3644466
2002-12-15,6.070416,4.365116
2002-12-16,6.0431666,4.3657856
2002-12-17,6.0148144,4.366455
2002-12-18,5.9853635,4.367125
2002-12-19,5.9548197,4.3677945
2002-12-20,5.9231873,4.368464
2002-12-21,5.890474,4.369134
2002-12-22,5.856686,4.3698034
2002-12-23,5.8218317,4.3704734
2002-12-24,5.78592,4.371143
2002-12-25,5.7489595,4.371813
2002-12-26,5.710961,4.3724823
2002-12-27,5.6719346,4.3731523
2002-12-28,5.6318927,4.3738217
2002-12-29,5.590847,4.3744917
2002-12-30,5.548811,4.375161
2002-12-31,5.505799,4.375831
2003-01-01,5.461826,4.3765006
2003-01-02,5.416908,4.3771706
2003-01-03,5.3710613,4.3778405
2003-01-04,5.324304,4.37851
2003-01-05,5.276655,4.37918
2003-01-06,5.228134,4.37985
2003-01-07,5.1787615,4.38052
2003-01-08,5.128559,4.3811893
2003-01-09,5.077551,4.3818593
2003-01-10,5.0257597,4.3825293
2003-01-11,4.9732113,4.383199
2003-01-12,4.9199324,4.383869
2003-01-13,4.8659496,4.384539
2003-01-14,4.8112917,4.385209
2003-01-15,4.7559886,4.3858786
2003-01-16,4.700071,4.3865485
2003-01-17,4.6435704,4.3872185
2003-01-18,4.5865197,4.3878884
2003-01-19,4.528952,4.3885584
2003-01-20,4.470903,4.3892283
2003-01-21,4.412407,4.3898983
2003-01-22,4.353501,4.3905687
2003-01-23,4.294221,4.3912387
2003-01-24,4.2346053,4.3919086
2003-01-25,4.1746917,4.3925786
2003-01-26,4.1145196,4.3932486
2003-01-27,4.054128,4.3939185
2003-01-28,3.9935565,4.394589
2003-01-29,3.9328456,4.395259
2003-01-30,3.8720357,4.395929
2003-01-31,3.8111677,4.396599
2003-02-01,3.750283,4.3972692
2003-02-02,3.6894226,4.397939
2003-02-03,3.6286283,4.398609
2003-02-04,3.567942,4.3992796
2003-02-05,3.5074048,4.3999496
2003-02-06,3.4470587,4.4006195
2003-02-07,3.3869455,4.40129
2003-02-08,3.3271067,4.40196
2003-02-09,3.2675838,4.4026303
2003-02-10,3.208418,4.4033003
2003-02-11,3.1496494,4.4039707
2003-02-12,3.0913193,4.4046407
2003-02-13,3.0334673,4.405311
2003-02-14,2.976133,4.4059815
2003-02-15,2.9193554,4.4066515
2003-02-16,2.8631728,4.407322
2003-02-17,2.807623,4.407992
2003-02-18,2.752743,4.4086623
2003-02-19,2.6985698,4.4093328
2003-02-20,2.6451387,4.410003
2003-02-21,2.5924852,4.410673
2003-02-22,2.540643,4.4113436
2003-02-23,2.4896455,4.412014
2003-02-24,2.4395254,4.4126844
2003-02-25,2.390314,4.4133544
2003-02-26,2.3420424,4.414025
2003-02-27,2.2947404,4.4146953
2003-02-28,2.2484365,4.4153657
2003-03-01,2.2031589,4.416036
2003-03-02,2.1589346,4.4167066
2003-03-03,2.11579,4.417377
2003-03-04,2.07375,4.4180474
2003-03-05,2.0328395,4.418718
2003-03-06,1.9930815,4.4193883
2003-03-07,1.9544988,4.4200587
2003-03-08,1.9171127,4.420729
2003-03-09,1.8809439,4.4213996
2003-03-10,1.8460116,4.42207
2003-03-11,1.8123344,4.4227405
2003-03-12,1.7799296,4.4234114
2003-03-13,1.7488136,4.424082
2003-03-14,1.7190017,4.424752
2003-03-15,1.6905077,4.4254227
2003-03-16,1.6633447,4.426093
2003-03-17,1.6375247,4.426764
2003-03-18,1.6130582,4.4274344
2003-03-19,1.5899546,4.428105
2003-03-20,1.5682219,4.428776
2003-03-21,1.5478673,4.429446
2003-03-22,1.5288966,4.4301167
2003-03-23,1.5113142,4.4307876
2003-03-24,1.4951233,4.431458
2003-03-25,1.4803257,4.432129
2003-03-26,1.4669222,4.4327993
2003-03-27,1.4549117,4.4334702
2003-03-28,1.4442921,4.4341407
2003-03-29,1.4350598,4.4348116
2003-03-30,1.4272095,4.435482
2003-03-31,1.4207344,4.436153
2003-04-01,1.4156262,4.4368234
2003-04-02,1.4118743,4.4374943
2003-04-03,1.409467,4.438165
2003-04-04,1.4083905,4.4388356
2003-04-05,1.4086299,4.4395065
2003-04-06,1.4101682,4.4401774
2003-04-07,1.4129871,4.440848
2003-04-08,1.417067,4.441519
2003-04-09,1.422387,4.4421897
2003-04-10,1.428925,4.4428606
2003-04-11,1.436658,4.4435315
2003-04-12,1.445562,4.444202
2003-04-13,1.4556122,4.444873
2003-04-14,1.4667832,4.445544
2003-04-15,1.479049,4.4462147
2003-04-16,1.492383,4.4468856
2003-04-17,1.5067583,4.4475565
2003-04-18,1.5221473,4.4482274
2003-04-19,1.5385221,4.4488983
2003-04-20,1.5558544,4.449569
2003-04-21,1.5741154,4.45024
2003-04-22,1.5932757,4.450911
2003-04-23,1.6133052,4.451582
2003-04-24,1.6341734,4.452253
2003-04-25,1.6558489,4.452924
2003-04-26,1.6782992,4.453595
2003-04-27,1.7014917,4.454266
2003-04-28,1.7253923,4.454937
2003-04-29,1.7499665,4.455608
2003-04-30,1.7751787,4.456279
2003-05-01,1.8009927,4.45695
2003-05-02,1.8273715,4.457621
2003-05-03,1.8542776,4.458292
2003-05-04,1.8816732,4.4589634
2003-05-05,1.9095204,4.4596343
2003-05-06,1.9377812,4.460305
2003-05-07,1.9664176,4.4609766
2003-05-08,1.9953917,4.4616475
2003-05-09,2.0246663,4.4623184
2003-05-10,2.0542047,4.46299
2003-05-11,2.0839705,4.4636607
2003-05-12,2.113929,4.464332
2003-05-13,2.1440456,4.465003
2003-05-14,2.1742876,4.4656744
2003-05-15,2.2046227,4.466346
2003-05-16,2.2350206,4.4670167
2003-05-17,2.2654517,4.467688
2003-05-18,2.2958882,4.468359
2003-05-19,2.3263037,4.4690304
2003-05-20,2.356673,4.469702
2003-05-21,2.3869722,4.4703727
2003-05-22,2.417179,4.471044
2003-05-23,2.4472725,4.4717155
2003-05-24,2.4772325,4.472387
2003-05-25,2.5070395,4.4730577
2003-05-26,2.5366757,4.473729
2003-05-27,2.5661242,4.4744005
2003-05-28,2.595368,4.475072
2003-05-29,2.6243913,4.4757433
2003-05-30,2.6531792,4.4764147
2003-05-31,2.681717,4.477086
2003-06-01,2.7099898,4.4777575
2003-06-02,2.7379844,4.4784284
2003-06-03,2.765687,4.4790998
2003-06-04,2.7930846,4.479771
2003-06-05,2.8201654,4.480443
2003-06-06,2.8469176,4.4811144
2003-06-07,2.87333,4.481786
2003-06-08,2.8993928,4.482457
2003-06-09,2.9250968,4.4831285
2003-06-10,2.9504335,4.4838
2003-06-11,2.9753954,4.4844713
2003-06-12,2.9999764,4.4851427
2003-06-13,3.0241706,4.4858146
2003-06-14,3.0479739,4.486486
2003-06-15,3.0713825,4.4871573
2003-06-16,3.0943944,4.4878287
2003-06-17,3.1170082,4.4885006
2003-06-18,3.1392238,4.489172
2003-06-19,3.1610427,4.4898434
2003-06-20,3.1824665,4.490515
2003-06-21,3.2034986,4.4911866
2003-06-22,3.2241435,4.491858
2003-06-23,3.2444057,4.49253
2003-06-24,3.2642922,4.4932013
2003-06-25,3.2838097,4.493873
2003-06-26,3.3029659,4.4945445
2003-06-27,3.3217702,4.4952164
2003-06-28,3.3402321,4.4958878
2003-06-29,3.358362,4.4965596
2003-06-30,3.3761706,4.497231
2003-07-01,3.3936703,4.497903
2003-07-02,3.410873,4.4985747
2003-07-03,3.427791,4.499246
2003-07-04,3.4444387,4.499918
2003-07-05,3.4608293,4.50059
2003-07-06,3.4769766,4.501261
2003-07-07,3.4928958,4.501933
2003-07-08,3.508601,4.502605
2003-07-09,3.5241067,4.503277
2003-07-10,3.5394282,4.503948
2003-07-11,3.5545802,4.50462
2003-07-12,3.5695772,4.505292
2003-07-13,3.5844333,4.505964
2003-07-14,3.5991623,4.5066357
2003-07-15,3.6137779,4.5073075
2003-07-16,3.6282926,4.5079794
2003-07-17,3.6427188,4.5086513
2003-07-18,3.657068,4.5093226
2003-07-19,3.6713507,4.5099945
2003-07-20,3.6855779,4.5106664
2003-07-21,3.699759,4.5113387
2003-07-22,3.7139032,4.5120106
2003-07-23,3.7280197,4.5126824
2003-07-24,3.742116,4.5133543
2003-07-25,3.7561998,4.514026
2003-07-26,3.7702777,4.514698
2003-07-27,3.7843564,4.51537
2003-07-28,3.7984407,4.5160418
2003-07-29,3.812536,4.516714
2003-07-30,3.8266466,4.517386
2003-07-31,3.840776,4.518058
2003-08-01,3.8549278,4.5187297
2003-08-02,3.8691046,4.519402
2003-08-03,3.8833091,4.520074
2003-08-04,3.897544,4.5207458
2003-08-05,3.9118104,4.521418
2003-08-06,3.9261105,4.52209
2003-08-07,3.9404457,4.5227623
2003-08-08,3.9548173,4.523434
2003-08-09,3.9692256,4.524106
2003-08-10,3.9836712,4.5247784
2003-08-11,3.998154,4.52545
2003-08-12,4.0126734,4.5261226
2003-08-13,4.0272284,4.5267944
2003-08-14,4.0418177,4.527467
2003-08-15,4.0564404,4.528139
2003-08-16,4.0710945,4.528811
2003-08-17,4.0857778,4.5294833
2003-08-18,4.1004877,4.5301557
2003-08-19,4.115221,4.5308275
2003-08-20,4.1299744,4.5315
2003-08-21,4.1447425,4.532172
2003-08-22,4.1595206,4.532844
2003-08-23,4.174302,4.5335164
2003-08-24,4.18908,4.5341887
2003-08-25,4.203847,4.534861
2003-08-26,4.2185936,4.5355334
2003-08-27,4.2333097,4.5362053
2003-08-28,4.2479854,4.5368776
2003-08-29,4.26261,4.53755
2003-08-30,4.2771716,4.5382223
2003-08-31,4.291659,4.5388947
2003-09-01,4.3060603,4.539567
2003-09-02,4.3203635,4.5402393
2003-09-03,4.334556,4.5409117
2003-09-04,4.3486257,4.541584
2003-09-05,4.36256,4.5422564
2003-09-06,4.376346,4.5429287
2003-09-07,4.3899717,4.543601
2003-09-08,4.403425,4.5442734
2003-09-09,4.4166946,4.5449457
2003-09-10,4.429768,4.5456185
2003-09-11,4.4426355,4.546291
2003-09-12,4.4552855,4.546963
2003-09-13,4.4677086,4.5476356
2003-09-14,4.479895,4.548308
2003-09-15,4.4918365,4.5489807
2003-09-16,4.5035243,4.549653
2003-09-17,4.5149517,4.5503254
2003-09-18,4.526112,4.550998
2003-09-19,4.5369987,4.5516706
2003-09-20,4.547607,4.552343
2003-09-21,4.5579314,4.5530157
2003-09-22,4.567969,4.553688
2003-09-23,4.5777154,4.554361
2003-09-24,4.5871687,4.555033
2003-09-25,4.596326,4.555706
2003-09-26,4.605186,4.5563784
2003-09-27,4.6137476,4.557051
2003-09-28,4.6220107,4.5577235
2003-09-29,4.6299763,4.5583963
2003-09-30,4.637644,4.5590687
2003-10-01,4.645015,4.5597415
2003-10-02,4.652091,4.5604143
2003-10-03,4.658874,4.5610867
2003-10-04,4.6653666,4.5617595
2003-10-05,4.6715713,4.5624323
2003-10-06,4.6774917,4.5631046
2003-10-07,4.6831307,4.5637774
2003-10-08,4.6884933,4.5644503
2003-10-09,4.693583,4.565123
2003-10-10,4.698405,4.565796
2003-10-11,4.7029634,4.5664682
2003-10-12,4.7072654,4.567141
2003-10-13,4.7113156,4.567814
2003-10-14,4.7151217,4.5684867
2003-10-15,4.71869,4.5691595
2003-10-16,4.7220287,4.5698323
2003-10-17,4.7251453,4.570505
2003-10-18,4.728049,4.571178
2003-10-19,4.7307477,4.571851
2003-10-20,4.733251,4.5725236
2003-10-21,4.7355685,4.5731964
2003-10-22,4.7377105,4.573869
2003-10-23,4.739687,4.574542
2003-10-24,4.741509,4.575215
2003-10-25,4.743187,4.5758877
2003-10-26,4.7447324,4.576561
2003-10-27,4.7461557,4.577234
2003-10-28,4.7474685,4.5779066
2003-10-29,4.748682,4.5785794
2003-10-30,4.749807,4.5792527
2003-10-31,4.7508545,4.5799255
2003-11-01,4.751835,4.5805984
2003-11-02,4.7527585,4.581271
2003-11-03,4.753635,4.5819445
2003-11-04,4.754474,4.5826173
2003-11-05,4.7552853,4.5832906
2003-11-06,4.756077,4.5839634
2003-11-07,4.7568564,4.584636
2003-11-08,4.7576323,4.5853095
2003-11-09,4.758412,4.5859823
2003-11-10,4.759202,4.5866556
2003-11-11,4.760009,4.5873284
2003-11-12,4.7608395,4.5880017
2003-11-13,4.7617,4.5886745
2003-11-14,4.762596,4.589348
2003-11-15,4.763534,4.590021
2003-11-16,4.764519,4.590694
2003-11-17,4.7655582,4.5913672
2003-11-18,4.7666574,4.5920405
2003-11-19,4.767823,4.5927134
2003-11-20,4.769062,4.5933867
2003-11-21,4.770381,4.59406
2003-11-22,4.771787,4.594733
2003-11-23,4.773288,4.595406
2003-11-24,4.7748904,4.5960793
2003-11-25,4.7766027,4.5967526
2003-11-26,4.7784324,4.597426
2003-11-27,4.780388,4.598099
2003-11-28,4.7824764,4.5987725
2003-11-29,4.784706,4.5994453
2003-11-30,4.7870855,4.6001186
2003-12-01,4.789622,4.600792
2003-12-02,4.7923226,4.601465
2003-12-03,4.795195,4.6021385
2003-12-04,4.7982464,4.602812
2003-12-05,4.801482,4.603485
2003-12-06,4.80491,4.604159
2003-12-07,4.8085346,4.604832
2003-12-08,4.8123617,4.6055055
2003-12-09,4.8163967,4.6061788
2003-12-10,4.8206434,4.606852
2003-12-11,4.8251066,4.6075253
2003-12-12,4.82979,4.6081986
2003-12-13,4.834697,4.6088724
2003-12-14,4.8398304,4.6095457
2003-12-15,4.845193,4.610219
2003-12-16,4.8507876,4.6108923
2003-12-17,4.8566155,4.611566
2003-12-18,4.862679,4.6122394
2003-12-19,4.868979,4.6129127
2003-12-20,4.875516,4.6135864
2003-12-21,4.882291,4.6142597
2003-12-22,4.8893027,4.6149335
2003-12-23,4.8965526,4.615607
2003-12-24,4.9040384,4.6162806
2003-12-25,4.91176,4.616954
2003-12-26,4.9197154,4.6176276
2003-12-27,4.9279027,4.618301
2003-12-28,4.9363194,4.6189747
2003-12-29,4.9449635,4.619648
2003-12-30,4.9538307,4.6203218
2003-12-31,4.962918,4.620995
2004-01-01,4.972221,4.621669
2004-01-02,4.981735,4.6223426
2004-01-03,4.991455,4.623016
2004-01-04,5.0013757,4.6236897
2004-01-05,5.011491,4.6243634
2004-01-06,5.0217943,4.625037
2004-01-07,5.032279,4.6257105
2004-01-08,5.042938,4.6263843
2004-01-09,5.053764,4.627058
2004-01-10,5.064748,4.627732
2004-01-11,5.075882,4.6284056
2004-01-12,5.0871572,4.6290793
2004-01-13,5.0985646,4.6297526
2004-01-14,5.110094,4.6304264
2004-01-15,5.1217356,4.6311
2004-01-16,5.133479,4.631774
2004-01-17,5.1453137,4.6324477
2004-01-18,5.157229,4.6331215
2004-01-19,5.169213,4.6337953
2004-01-20,5.181254,4.634469
2004-01-21,5.1933413,4.635143
2004-01-22,5.205462,4.635817
2004-01-23,5.2176046,4.636491
2004-01-24,5.229756,4.6371646
2004-01-25,5.241904,4.6378384
2004-01-26,5.2540345,4.638512
2004-01-27,5.266135,4.639186
2004-01-28,5.2781916,4.63986
2004-01-29,5.29019,4.640534
2004-01-30,5.3021164,4.6412077
2004-01-31,5.313956,4.641882
2004-02-01,5.3256936,4.6425557
2004-02-02,5.337315,4.6432295
2004-02-03,5.348804,4.6439037
2004-02-04,5.3601456,4.6445775
2004-02-05,5.3713236,4.6452513
2004-02-06,5.3823223,4.6459255
2004-02-07,5.393125,4.6465993
2004-02-08,5.4037156,4.6472735
2004-02-09,5.414077,4.6479473
2004-02-10,5.4241924,4.6486216
2004-02-11,5.434046,4.6492953
2004-02-12,5.4436197,4.6499696
2004-02-13,5.4528975,4.6506433
2004-02-14,5.461863,4.6513176
2004-02-15,5.4705,4.651992
2004-02-16,5.478791,4.6526656
2004-02-17,5.4867215,4.65334
2004-02-18,5.4942746,4.654014
2004-02-19,5.5014353,4.654688
2004-02-20,5.508188,4.655362
2004-02-21,5.514518,4.6560364
2004-02-22,5.520411,4.6567106
2004-02-23,5.5258536,4.6573844
2004-02-24,5.530833,4.6580586
2004-02-25,5.535335,4.658733
2004-02-26,5.5393496,4.659407
2004-02-27,5.542864,4.6600814
2004-02-28,5.5458674,4.6607556
2004-02-29,5.5483503,4.66143
2004-03-01,5.550302,4.662104
2004-03-02,5.5517135,4.6627784
2004-03-03,5.5525765,4.6634526
2004-03-04,5.552882,4.664127
2004-03-05,5.5526233,4.664801
2004-03-06,5.551792,4.6654754
2004-03-07,5.550382,4.6661496
2004-03-08,5.548387,4.666824
2004-03-09,5.5458016,4.667498
2004-03-10,5.542621,4.6681724
2004-03-11,5.53884,4.668847
2004-03-12,5.5344553,4.6695213
2004-03-13,5.529463,4.6701956
2004-03-14,5.5238605,4.67087
2004-03-15,5.5176454,4.671544
2004-03-16,5.5108166,4.672219
2004-03-17,5.5033727,4.672893
2004-03-18,5.4953136,4.6735673
2004-03-19,5.48664,4.674242
2004-03-20,5.477352,4.6749163
2004-03-21,5.467452,4.675591
2004-03-22,5.4569426,4.6762652
2004-03-23,5.4458256,4.6769395
2004-03-24,5.4341054,4.677614
2004-03-25,5.4217863,4.6782885
2004-03-26,5.4088726,4.678963
2004-03-27,5.3953705,4.6796374
2004-03-28,5.381285,4.680312
2004-03-29,5.3666244,4.680987
2004-03-30,5.351395,4.681661
2004-03-31,5.335606,4.682336
2004-04-01,5.319267,4.68301
2004-04-02,5.302387,4.683685
2004-04-03,5.284978,4.6843596
2004-04-04,5.267051,4.685034
2004-04-05,5.2486196,4.6857085
2004-04-06,5.2296953,4.6863832
2004-04-07,5.210293,4.687058
2004-04-08,5.190426,4.687732
2004-04-09,5.1701097,4.688407
2004-04-10,5.14936,4.6890817
2004-04-11,5.1281915,4.6897564
2004-04-12,5.1066213,4.690431
2004-04-13,5.084665,4.691106
2004-04-14,5.062339,4.6917806
2004-04-15,5.03966,4.6924553
2004-04-16,5.0166454,4.69313
2004-04-17,4.9933114,4.6938047
2004-04-18,4.969676,4.6944795
2004-04-19,4.945756,4.695154
2004-04-20,4.921569,4.695829
2004-04-21,4.8971324,4.6965036
2004-04-22,4.8724647,4.6971784
2004-04-23,4.8475842,4.697853
2004-04-24,4.82251,4.698528
2004-04-25,4.797261,4.6992025
2004-04-26,4.7718577,4.6998777
2004-04-27,4.7463193,4.7005525
2004-04-28,4.7206664,4.701227
2004-04-29,4.6949205,4.701902
2004-04-30,4.6691017,4.7025766
2004-05-01,4.6432323,4.703252
2004-05-02,4.617333,4.7039266
2004-05-03,4.591426,4.7046013
2004-05-04,4.565532,4.7052765
2004-05-05,4.5396743,4.705951
2004-05-06,4.513872,4.7066264
2004-05-07,4.488148,4.707301
2004-05-08,4.462522,4.7079763
2004-05-09,4.437014,4.708651
2004-05-10,4.411645,4.709326
2004-05-11,4.386433,4.710001
2004-05-12,4.3613977,4.710676
2004-05-13,4.3365564,4.711351
2004-05-14,4.311928,4.712026
2004-05-15,4.287529,4.712701
2004-05-16,4.2633767,4.713376
2004-05-17,4.2394886,4.7140512
2004-05-18,4.21588,4.714726
2004-05-19,4.1925683,4.715401
2004-05-20,4.169568,4.7160764
2004-05-21,4.1468964,4.716751
2004-05-22,4.124568,4.7174263
2004-05-23,4.102599,4.7181015
2004-05-24,4.0810056,4.7187767
2004-05-25,4.059803,4.719452
2004-05-26,4.0390077,4.7201266
2004-05-27,4.0186353,4.720802
2004-05-28,3.998702,4.721477
2004-05-29,3.9792247,4.722152
2004-05-30,3.9602191,4.7228274
2004-05-31,3.9417021,4.7235026
2004-06-01,3.9236898,4.724178
2004-06-02,3.906199,4.724853
2004-06-03,3.8892453,4.7255282
2004-06-04,3.872845,4.7262034
2004-06-05,3.8570132,4.7268786
2004-06-06,3.8417656,4.727554
2004-06-07,3.8271163,4.728229
2004-06-08,3.8130796,4.7289042
2004-06-09,3.799669,4.72958
2004-06-10,3.786898,4.730255
2004-06-11,3.7747788,4.7309303
2004-06-12,3.763324,4.7316055
2004-06-13,3.7525454,4.7322807
2004-06-14,3.742454,4.7329564
2004-06-15,3.7330608,4.7336316
2004-06-16,3.7243764,4.734307
2004-06-17,3.7164102,4.7349825
2004-06-18,3.7091713,4.7356577
2004-06-19,3.7026687,4.736333
2004-06-20,3.69691,4.7370086
2004-06-21,3.6919026,4.737684
2004-06-22,3.687653,4.7383595
2004-06-23,3.6841671,4.7390347
2004-06-24,3.6814501,4.7397103
2004-06-25,3.6795058,4.7403855
2004-06-26,3.678338,4.741061
2004-06-27,3.677949,4.7417364
2004-06-28,3.6783407,4.742412
2004-06-29,3.679514,4.7430873
2004-06-30,3.6814692,4.743763
2004-07-01,3.684206,4.7444386
2004-07-02,3.6877227,4.745114
2004-07-03,3.6920178,4.7457895
2004-07-04,3.6970885,4.746465
2004-07-05,3.7029316,4.7471404
2004-07-06,3.709544,4.747816
2004-07-07,3.7169209,4.748492
2004-07-08,3.7250583,4.7491674
2004-07-09,3.7339509,4.749843
2004-07-10,3.7435937,4.7505183
2004-07-11,3.7539806,4.751194
2004-07-12,3.765106,4.7518697
2004-07-13,3.776963,4.7525454
2004-07-14,3.7895446,4.753221
2004-07-15,3.802843,4.7538967
2004-07-16,3.8168502,4.7545724
2004-07-17,3.831557,4.755248
2004-07-18,3.8469534,4.7559237
2004-07-19,3.863029,4.7565994
2004-07-20,3.8797717,4.757275
2004-07-21,3.8971689,4.757951
2004-07-22,3.9152064,4.7586265
2004-07-23,3.9338691,4.759302
2004-07-24,3.9531407,4.759978
2004-07-25,3.9730031,4.760654
2004-07-26,3.9934378,4.7613297
2004-07-27,4.0144243,4.7620053
2004-07-28,4.035941,4.762681
2004-07-29,4.0579658,4.7633567
2004-07-30,4.0804744,4.764033
2004-07-31,4.103442,4.7647085
2004-08-01,4.1268435,4.765384
2004-08-02,4.150651,4.7660604
2004-08-03,4.174836,4.766736
2004-08-04,4.1993713,4.7674117
2004-08-05,4.2242265,4.768088
2004-08-06,4.249371,4.7687635
2004-08-07,4.274774,4.7694397
2004-08-08,4.300404,4.7701154
2004-08-09,4.3262296,4.7707915
2004-08-10,4.3522177,4.771467
2004-08-11,4.378337,4.7721434
2004-08-12,4.4045544,4.772819
2004-08-13,4.4308367,4.773495
2004-08-14,4.457151,4.7741714
2004-08-15,4.483464,4.774847
2004-08-16,4.509742,4.775523
2004-08-17,4.5359516,4.776199
2004-08-18,4.562059,4.776875
2004-08-19,4.5880313,4.777551
2004-08-20,4.6138353,4.7782273
2004-08-21,4.6394377,4.778903
2004-08-22,4.664806,4.779579
2004-08-23,4.6899076,4.7802553
2004-08-24,4.71471,4.7809315
2004-08-25,4.739182,4.7816076
2004-08-26,4.7632914,4.7822833
2004-08-27,4.787007,4.7829595
2004-08-28,4.810296,4.7836356
2004-08-29,4.833127,4.784312
2004-08-30,4.8554683,4.784988
2004-08-31,4.8772864,4.785664
2004-09-01,4.8985496,4.78634
2004-09-02,4.9192247,4.7870164
2004-09-03,4.9392796,4.7876925
2004-09-04,4.9586806,4.7883687
2004-09-05,4.9773955,4.789045
2004-09-06,4.9953904,4.7897215
2004-09-07,5.012633,4.7903976
2004-09-08,5.0290895,4.791074
2004-09-09,5.0447264,4.79175
2004-09-10,5.059511,4.792426
2004-09-11,5.0734105,4.7931023
2004-09-12,5.086392,4.793779
2004-09-13,5.098423,4.794455
2004-09-14,5.1094723,4.795131
2004-09-15,5.1195083,4.795808
2004-09-16,5.1285,4.796484
2004-09-17,5.136418,4.79716
2004-09-18,5.143233,4.797837
2004-09-19,5.1489167,4.798513
2004-09-20,5.1534433,4.799189
2004-09-21,5.1567864,4.7998657
2004-09-22,5.158922,4.800542
2004-09-23,5.159827,4.8012185
2004-09-24,5.159481,4.8018947
2004-09-25,5.1578627,4.8025713
2004-09-26,5.154955,4.8032475
2004-09-27,5.15074,4.803924
2004-09-28,5.1452036,4.8046007
2004-09-29,5.1383324,4.805277
2004-09-30,5.1301155,4.8059535
2004-10-01,5.120543,4.8066297
2004-10-02,5.109608,4.8073063
2004-10-03,5.0973053,4.807983
2004-10-04,5.083631,4.8086596
2004-10-05,5.068584,4.8093357
2004-10-06,5.0521646,4.8100123
2004-10-07,5.034375,4.810689
2004-10-08,5.0152206,4.8113656
2004-10-09,4.9947076,4.812042
2004-10-10,4.9728436,4.8127184
2004-10-11,4.949639,4.813395
2004-10-12,4.925105,4.8140717
2004-10-13,4.8992553,4.8147483
2004-10-14,4.872104,4.815425
2004-10-15,4.843668,4.8161016
2004-10-16,4.813965,4.816778
2004-10-17,4.783014,4.817455
2004-10-18,4.7508364,4.8181314
2004-10-19,4.7174544,4.818808
2004-10-20,4.6828923,4.8194847
2004-10-21,4.6471753,4.8201613
2004-10-22,4.6103306,4.820838
2004-10-23,4.5723877,4.821515
2004-10-24,4.5333757,4.8221917
2004-10-25,4.4933276,4.8228683
2004-10-26,4.4522767,4.823545
2004-10-27,4.410259,4.8242216
2004-10-28,4.36731,4.8248987
2004-10-29,4.323469,4.8255754
2004-10-30,4.2787766,4.826252
2004-10-31,4.2332745,4.8269286
2004-11-01,4.187005,4.8276057
2004-11-02,4.140013,4.8282824
2004-11-03,4.0923457,4.8289595
2004-11-04,4.044049,4.829636
2004-11-05,3.9951718,4.8303127
2004-11-06,3.945763,4.83099
2004-11-07,3.8958738,4.8316665
2004-11-08,3.8455544,4.8323436
2004-11-09,3.794857,4.83302
2004-11-10,3.7438338,4.8336973
2004-11-11,3.6925373,4.834374
2004-11-12,3.641021,4.835051
2004-11-13,3.589338,4.835728
2004-11-14,3.537542,4.836405
2004-11-15,3.4856865,4.837082
2004-11-16,3.4338248,4.837759
2004-11-17,3.3820107,4.8384356
2004-11-18,3.330297,4.8391128
2004-11-19,3.2787373,4.83979
2004-11-20,3.2273843,4.8404665
2004-11-21,3.1762908,4.8411436
2004-11-22,3.1255085,4.8418207
2004-11-23,3.0750902,4.842498
2004-11-24,3.0250874,4.843175
2004-11-25,2.975551,4.843852
2004-11-26,2.9265323,4.844529
2004-11-27,2.8780816,4.845206
2004-11-28,2.830249,4.845883
2004-11-29,2.7830842,4.84656
2004-11-30,2.7366357,4.847237
2004-12-01,2.690952,4.847914
2004-12-02,2.646081,4.8485913
2004-12-03,2.6020691,4.8492684
2004-12-04,2.5589628,4.8499455
2004-12-05,2.5168073,4.850623
2004-12-06,2.4756465,4.8513002
2004-12-07,2.435524,4.8519773
2004-12-08,2.3964815,4.8526545
2004-12-09,2.35856,4.8533316
2004-12-10,2.3217995,4.8540087
2004-12-11,2.2862377,4.8546863
2004-12-12,2.2519119,4.8553634
2004-12-13,2.2188573,4.8560405
2004-12-14,2.1871083,4.8567176
2004-12-15,2.1566973,4.857395
2004-12-16,2.1276553,4.8580723
2004-12-17,2.1000123,4.8587494
2004-12-18,2.0737963,4.859427
2004-12-19,2.0490339,4.860104
2004-12-20,2.0257502,4.860781
2004-12-21,2.003969,4.861459
2004-12-22,1.983712,4.862136
2004-12-23,1.9649999,4.8628135
2004-12-24,1.9478517,4.8634906
2004-12-25,1.9322846,4.864168
2004-12-26,1.9183143,4.8648453
2004-12-27,1.9059552,4.865523
2004-12-28,1.8952196,4.8662004
2004-12-29,1.8861184,4.8668776
2004-12-30,1.878661,4.867555
2004-12-31,1.8728553,4.8682327
2005-01-01,1.8687071,4.86891
2005-01-02,1.8662206,4.8695874
2005-01-03,1.8653985,4.870265
2005-01-04,1.8662413,4.870942
2005-01-05,1.8687481,4.8716197
2005-01-06,1.8729159,4.8722973
2005-01-07,1.8787402,4.872975
2005-01-08,1.8862146,4.8736525
2005-01-09,1.8953313,4.8743296
2005-01-10,1.9060805,4.875007
2005-01-11,1.918451,4.8756847
2005-01-12,1.9324298,4.8763623
2005-01-13,1.9480027,4.87704
2005-01-14,1.9651537,4.8777175
2005-01-15,1.9838655,4.878395
2005-01-16,2.0041194,4.8790727
2005-01-17,2.025895,4.8797503
2005-01-18,2.049171,4.880428
2005-01-19,2.0739238,4.8811054
2005-01-20,2.100129,4.881783
2005-01-21,2.1277604,4.8824606
2005-01-22,2.156791,4.8831387
2005-01-23,2.1871917,4.8838162
2005-01-24,2.2189329,4.884494
2005-01-25,2.2519832,4.8851714
2005-01-26,2.2863095,4.885849
2005-01-27,2.321878,4.886527
2005-01-28,2.3586535,4.8872046
2005-01-29,2.3965995,4.887882
2005-01-30,2.4356785,4.8885603
2005-01-31,2.4758515,4.889238
2005-02-01,2.5170794,4.8899155
2005-02-02,2.559321,4.8905935
2005-02-03,2.6025352,4.891271
2005-02-04,2.6466799,4.8919487
2005-02-05,2.6917121,4.892627
2005-02-06,2.7375886,4.8933043
2005-02-07,2.7842655,4.8939824
2005-02-08,2.8316987,4.89466
2005-02-09,2.8798432,4.895338
2005-02-10,2.9286544,4.896016
2005-02-11,2.978087,4.8966937
2005-02-12,3.028095,4.897372
2005-02-13,3.078633,4.8980494
2005-02-14,3.129655,4.8987274
2005-02-15,3.1811142,4.8994055
2005-02-16,3.2329652,4.900083
2005-02-17,3.285161,4.900761
2005-02-18,3.337655,4.901439
2005-02-19,3.390401,4.9021173
2005-02-20,3.4433513,4.902795
2005-02-21,3.4964592,4.903473
2005-02-22,3.5496778,4.904151
2005-02-23,3.60296,4.904829
2005-02-24,3.6562593,4.905507
2005-02-25,3.7095282,4.906185
2005-02-26,3.7627208,4.9068627
2005-02-27,3.815791,4.907541
2005-02-28,3.8686924,4.908219
2005-03-01,3.9213798,4.908897
2005-03-02,3.973809,4.909575
2005-03-03,4.025935,4.910253
2005-03-04,4.077715,4.910931
2005-03-05,4.129106,4.911609
2005-03-06,4.1800656,4.9122877
2005-03-07,4.230553,4.912966
2005-03-08,4.280528,4.913644
2005-03-09,4.329951,4.914322
2005-03-10,4.3787837,4.915
2005-03-11,4.426989,4.915678
2005-03-12,4.474531,4.9163566
2005-03-13,4.521375,4.9170346
2005-03-14,4.5674872,4.9177127
2005-03-15,4.6128345,4.9183908
2005-03-16,4.657387,4.9190693
2005-03-17,4.7011137,4.9197474
2005-03-18,4.743987,4.9204254
2005-03-19,4.7859797,4.921104
2005-03-20,4.827067,4.921782
2005-03-21,4.8672233,4.9224606
2005-03-22,4.9064274,4.9231386
2005-03-23,4.9446588,4.9238167
2005-03-24,4.9818974,4.924495
2005-03-25,5.0181265,4.9251733
2005-03-26,5.053331,4.925852
2005-03-27,5.0874963,4.92653
2005-03-28,5.1206107,4.9272084
2005-03-29,5.152664,4.927887
2005-03-30,5.1836476,4.928565
2005-03-31,5.2135544,4.9292436
2005-04-01,5.2423778,4.929922
2005-04-02,5.2701135,4.9306
2005-04-03,5.2967596,4.9312787
2005-04-04,5.322314,4.9319572
2005-04-05,5.346776,4.9326353
2005-04-06,5.370148,4.933314
2005-04-07,5.392432,4.9339924
2005-04-08,5.4136324,4.934671
2005-04-09,5.4337535,4.9353495
2005-04-10,5.452801,4.9360275
2005-04-11,5.470784,4.936706
2005-04-12,5.48771,4.9373846
2005-04-13,5.503589,4.938063
2005-04-14,5.518432,4.9387417
2005-04-15,5.5322514,4.93942
2005-04-16,5.545059,4.940099
2005-04-17,5.5568705,4.9407773
2005-04-18,5.5677004,4.941456
2005-04-19,5.5775647,4.9421344
2005-04-20,5.58648,4.942813
2005-04-21,5.5944653,4.9434915
2005-04-22,5.601538,4.94417
2005-04-23,5.607719,4.944849
2005-04-24,5.6130266,4.9455276
2005-04-25,5.6174827,4.946206
2005-04-26,5.621108,4.9468846
2005-04-27,5.623925,4.947563
2005-04-28,5.625956,4.948242
2005-04-29,5.627224,4.9489207
2005-04-30,5.6277523,4.9495993
2005-05-01,5.627565,4.9502783
2005-05-02,5.6266856,4.950957
2005-05-03,5.625139,4.9516354
2005-05-04,5.622949,4.9523144
2005-05-05,5.6201415,4.952993
2005-05-06,5.6167397,4.9536715
2005-05-07,5.61277,4.9543505
2005-05-08,5.608257,4.955029
2005-05-09,5.603225,4.955708
2005-05-10,5.5977,4.9563866
2005-05-11,5.591707,4.9570656
2005-05-12,5.585272,4.957744
2005-05-13,5.578418,4.958423
2005-05-14,5.5711703,4.959102
2005-05-15,5.5635543,4.9597807
2005-05-16,5.5555925,4.9604597
2005-05-17,5.54731,4.9611387
2005-05-18,5.538728,4.9618173
2005-05-19,5.5298715,4.9624963
2005-05-20,5.520761,4.9631753
2005-05-21,5.511419,4.9638543
2005-05-22,5.501865,4.964533
2005-05-23,5.4921203,4.965212
2005-05-24,5.482204,4.965891
2005-05-25,5.472134,4.96657
2005-05-26,5.4619284,4.967249
2005-05-27,5.451603,4.967928
2005-05-28,5.441174,4.9686065
2005-05-29,5.4306555,4.9692855
2005-05-30,5.4200616,4.9699645
2005-05-31,5.4094043,4.9706435
2005-06-01,5.3986955,4.9713225
2005-06-02,5.387945,4.9720016
2005-06-03,5.377163,4.9726806
2005-06-04,5.366358,4.9733596
2005-06-05,5.355537,4.974039
2005-06-06,5.344707,4.974718
2005-06-07,5.3338737,4.975397
2005-06-08,5.323042,4.976076
2005-06-09,5.312216,4.976755
2005-06-10,5.3013983,4.977434
2005-06-11,5.2905912,4.9781137
2005-06-12,5.2797966,4.9787927
2005-06-13,5.269015,4.9794717
2005-06-14,5.258247,4.9801507
2005-06-15,5.247492,4.98083
2005-06-16,5.236749,4.981509
2005-06-17,5.226017,4.982188
2005-06-18,5.2152944,4.9828677
2005-06-19,5.2045784,4.9835467
2005-06-20,5.1938667,4.9842257
2005-06-21,5.183157,4.9849052
2005-06-22,5.1724463,4.9855843
2005-06-23,5.1617312,4.9862638
2005-06-24,5.151009,4.986943
2005-06-25,5.140277,4.9876223
2005-06-26,5.129531,4.9883013
2005-06-27,5.1187677,4.988981
2005-06-28,5.107984,4.9896603
2005-06-29,5.097176,4.9903393
2005-06-30,5.086339,4.991019
2005-07-01,5.0754685,4.9916983
2005-07-02,5.06456,4.9923773
2005-07-03,5.053608,4.993057
2005-07-04,5.0426064,4.9937363
2005-07-05,5.031549,4.9944153
2005-07-06,5.0204296,4.995095
2005-07-07,5.0092397,4.9957743
2005-07-08,4.9979715,4.996454
2005-07-09,4.986617,4.9971333
2005-07-10,4.975167,4.9978123
2005-07-11,4.9636106,4.998492
2005-07-12,4.951939,4.9991713
2005-07-13,4.9401417,4.9998507
2005-07-14,4.928208,5.0005302
2005-07-15,4.916127,5.0012097
2005-07-16,4.9038887,5.001889
2005-07-17,4.891483,5.0025687
2005-07-18,4.8788986,5.003248
2005-07-19,4.8661275,5.0039277
2005-07-20,4.85316,5.004607
2005-07-21,4.8399873,5.0052867
2005-07-22,4.826602,5.005966
2005-07-23,4.8129973,5.006646
2005-07-24,4.7991676,5.0073256
2005-07-25,4.7851067,5.008005
2005-07-26,4.7708116,5.0086846
2005-07-27,4.756278,5.009364
2005-07-28,4.741504,5.010044
2005-07-29,4.726488,5.0107236
2005-07-30,4.7112284,5.011403
2005-07-31,4.6957254,5.0120826
2005-08-01,4.679979,5.0127625
2005-08-02,4.6639886,5.013442
2005-08-03,4.647755,5.014122
2005-08-04,4.6312795,5.0148015
2005-08-05,4.614561,5.015481
2005-08-06,4.597601,5.016161
2005-08-07,4.5803976,5.0168405
2005-08-08,4.5629516,5.0175204
2005-08-09,4.54526,5.0182
2005-08-10,4.527322,5.01888
2005-08-11,4.5091343,5.0195594
2005-08-12,4.4906936,5.0202394
2005-08-13,4.471997,5.0209193
2005-08-14,4.45304,5.021599
2005-08-15,4.4338183,5.022279
2005-08-16,4.414328,5.0229588
2005-08-17,4.3945637,5.0236382
2005-08-18,4.374521,5.024318
2005-08-19,4.354195,5.024998
2005-08-20,4.333582,5.0256777
2005-08-21,4.3126783,5.0263577
2005-08-22,4.29148,5.0270376
2005-08-23,4.269985,5.0277176
2005-08-24,4.248192,5.0283976
2005-08-25,4.2260976,5.0290775
2005-08-26,4.2037024,5.029757
2005-08-27,4.181006,5.030437
2005-08-28,4.158009,5.031117
2005-08-29,4.134713,5.031797
2005-08-30,4.1111197,5.032477
2005-08-31,4.087232,5.033157
2005-09-01,4.0630527,5.033837
2005-09-02,4.038585,5.034517
2005-09-03,4.0138335,5.035197
2005-09-04,3.9888017,5.0358768
2005-09-05,3.9634943,5.036557
2005-09-06,3.9379165,5.037237
2005-09-07,3.9120731,5.037917
2005-09-08,3.8859694,5.038597
2005-09-09,3.8596106,5.039277
2005-09-10,3.8330023,5.039957
2005-09-11,3.8061497,5.0406375
2005-09-12,3.7790582,5.0413175
2005-09-13,3.7517333,5.0419974
2005-09-14,3.7241802,5.0426774
2005-09-15,3.6964042,5.043358
2005-09-16,3.6684103,5.044038
2005-09-17,3.6402037,5.0447183
2005-09-18,3.6117897,5.045398
2005-09-19,3.5831728,5.046078
2005-09-20,3.554358,5.0467587
2005-09-21,3.5253508,5.0474386
2005-09-22,3.4961562,5.048119
2005-09-23,3.4667797,5.048799
2005-09-24,3.4372268,5.0494795
2005-09-25,3.4075036,5.0501595
2005-09-26,3.3776164,5.05084
2005-09-27,3.3475723,5.05152
2005-09-28,3.317379,5.0522003
2005-09-29,3.2870443,5.052881
2005-09-30,3.256577,5.0535607
2005-10-01,3.2259862,5.054241
2005-10-02,3.195282,5.0549216
2005-10-03,3.164475,5.0556016
2005-10-04,3.1335757,5.056282
2005-10-05,3.1025963,5.0569625
2005-10-06,3.0715485,5.057643
2005-10-07,3.0404449,5.0583234
2005-10-08,3.0092988,5.0590034
2005-10-09,2.9781237,5.059684
2005-10-10,2.9469335,5.0603642
2005-10-11,2.915743,5.0610447
2005-10-12,2.8845673,5.061725
2005-10-13,2.8534214,5.0624056
2005-10-14,2.8223221,5.063086
2005-10-15,2.7912855,5.0637665
2005-10-16,2.7603292,5.064447
2005-10-17,2.729471,5.0651274
2005-10-18,2.6987295,5.065808
2005-10-19,2.668124,5.0664883
2005-10-20,2.6376746,5.0671687
2005-10-21,2.6074023,5.067849
2005-10-22,2.577329,5.0685296
2005-10-23,2.547477,5.0692105
2005-10-24,2.51787,5.069891
2005-10-25,2.4885318,5.0705714
2005-10-26,2.4594874,5.071252
2005-10-27,2.430762,5.0719323
2005-10-28,2.4023824,5.0726132
2005-10-29,2.3743746,5.0732937
2005-10-30,2.3467665,5.073974
2005-10-31,2.3195858,5.074655
2005-11-01,2.2928612,5.0753355
2005-11-02,2.2666216,5.076016
2005-11-03,2.2408967,5.076697
2005-11-04,2.2157161,5.0773773
2005-11-05,2.1911108,5.0780582
2005-11-06,2.1671112,5.0787387
2005-11-07,2.143749,5.0794196
2005-11-08,2.1210556,5.0801
2005-11-09,2.0990627,5.080781
2005-11-10,2.0778022,5.0814614
2005-11-11,2.0573065,5.0821424
2005-11-12,2.0376077,5.082823
2005-11-13,2.0187378,5.0835037
2005-11-14,2.000729,5.0841846
2005-11-15,1.9836135,5.084865
2005-11-16,1.9674227,5.085546
2005-11-17,1.9521883,5.086227
2005-11-18,1.9379412,5.086908
2005-11-19,1.9247118,5.0875883
2005-11-20,1.9125304,5.088269
2005-11-21,1.9014264,5.08895
2005-11-22,1.8914285,5.089631
2005-11-23,1.8825648,5.090312
2005-11-24,1.8748629,5.0909925
2005-11-25,1.8683496,5.0916734
2005-11-26,1.8630507,5.0923543
2005-11-27,1.8589915,5.093035
2005-11-28,1.8561963,5.093716
2005-11-29,1.8546885,5.094397
2005-11-30,1.854491,5.095078
2005-12-01,1.8556254,5.095759
2005-12-02,1.8581128,5.09644
2005-12-03,1.8619733,5.097121
2005-12-04,1.8672259,5.0978017
2005-12-05,1.8738889,5.0984826
2005-12-06,1.8819793,5.0991635
2005-12-07,1.8915136,5.099845
2005-12-08,1.902507,5.100526
2005-12-09,1.9149741,5.101207
2005-12-10,1.9289284,5.1018877
2005-12-11,1.9443825,5.1025686
2005-12-12,1.961348,5.10325
2005-12-13,1.9798353,5.103931
2005-12-14,1.9998536,5.104612
2005-12-15,2.0214112,5.1052933
2005-12-16,2.044515,5.105974
2005-12-17,2.0691705,5.106655
2005-12-18,2.0953825,5.1073365
2005-12-19,2.1231537,5.1080174
2005-12-20,2.152486,5.108699
2005-12-21,2.1833797,5.10938
2005-12-22,2.2158325,5.110061
2005-12-23,2.2498412,5.110742
2005-12-24,2.2854006,5.1114235
2005-12-25,2.3225036,5.1121044
2005-12-26,2.3611412,5.112786
2005-12-27,2.4013028,5.1134667
2005-12-28,2.442975,5.114148
2005-12-29,2.4861436,5.1148295
2005-12-30,2.5307908,5.1155105
2005-12-31,2.5768983,5.116192
2006-01-01,2.6244447,5.1168733
2006-01-02,2.6734076,5.117554
2006-01-03,2.723762,5.1182356
2006-01-04,2.7754815,5.118917
2006-01-05,2.8285377,5.1195984
2006-01-06,2.882901,5.1202793
2006-01-07,2.938539,5.1209607
2006-01-08,2.995419,5.121642
2006-01-09,3.053506,5.1223235
2006-01-10,3.1127634,5.123005
2006-01-11,3.173154,5.1236863
2006-01-12,3.234639,5.1243677
2006-01-13,3.2971776,5.125049
2006-01-14,3.3607287,5.1257305
2006-01-15,3.4252498,5.126412
2006-01-16,3.4906971,5.1270933
2006-01-17,3.5570261,5.1277747
2006-01-18,3.6241915,5.128456
2006-01-19,3.6921468,5.1291375
2006-01-20,3.7608447,5.129819
2006-01-21,3.8302379,5.1305003
2006-01-22,3.9002776,5.1311817
2006-01-23,3.9709146,5.1318636
2006-01-24,4.0420995,5.132545
2006-01-25,4.113782,5.1332264
2006-01-26,4.185911,5.133908
2006-01-27,4.2584352,5.134589
2006-01-28,4.3313026,5.135271
2006-01-29,4.404461,5.1359525
2006-01-30,4.4778557,5.136634
2006-01-31,4.5514345,5.1373158
2006-02-01,4.6251416,5.137997
2006-02-02,4.6989226,5.138679
2006-02-03,4.772722,5.1393604
2006-02-04,4.846483,5.140042
2006-02-05,4.9201493,5.1407237
2006-02-06,4.9936643,5.141405
2006-02-07,5.066969,5.142087
2006-02-08,5.1400065,5.1427684
2006-02-09,5.212718,5.1434503
2006-02-10,5.2850456,5.144132
2006-02-11,5.3569307,5.1448135
2006-02-12,5.4283147,5.1454954
2006-02-13,5.4991393,5.146177
2006-02-14,5.569347,5.1468587
2006-02-15,5.63888,5.1475406
2006-02-16,5.7076807,5.1482224
2006-02-17,5.7756934,5.148904
2006-02-18,5.842862,5.1495857
2006-02-19,5.9091325,5.1502676
2006-02-20,5.97445,5.1509495
2006-02-21,6.0387626,5.151631
2006-02-22,6.1020184,5.1523128
2006-02-23,6.164167,5.1529946
2006-02-24,6.225159,5.1536765
2006-02-25,6.2849464,5.1543584
2006-02-26,6.3434825,5.1550403
2006-02-27,6.4007215,5.155722
2006-02-28,6.45662,5.156404
2006-03-01,6.511136,5.157086
2006-03-02,6.564227,5.157768
2006-03-03,6.6158543,5.1584496
2006-03-04,6.66598,5.1591315
2006-03-05,6.714567,5.1598134
2006-03-06,6.7615824,5.1604953
2006-03-07,6.806992,5.161177
2006-03-08,6.8507648,5.161859
2006-03-09,6.892872,5.1625414
2006-03-10,6.933285,5.1632233
2006-03-11,6.9719796,5.163905
2006-03-12,7.00893,5.164587
2006-03-13,7.0441155,5.165269
2006-03-14,7.077515,5.1659513
2006-03-15,7.109111,5.166633
2006-03-16,7.138886,5.167315
2006-03-17,7.166826,5.1679974
2006-03-18,7.192918,5.168679
2006-03-19,7.2171516,5.169361
2006-03-20,7.2395177,5.1700435
2006-03-21,7.26001,5.1707253
2006-03-22,7.2786226,5.1714077
2006-03-23,7.2953534,5.1720896
2006-03-24,7.310201,5.172772
2006-03-25,7.323167,5.173454
2006-03-26,7.3342524,5.174136
2006-03-27,7.3434634,5.174818
2006-03-28,7.3508058,5.1755004
2006-03-29,7.356288,5.1761827
2006-03-30,7.35992,5.1768646
2006-03-31,7.3617144,5.177547
2006-04-01,7.3616858,5.1782293
2006-04-02,7.3598495,5.178911
2006-04-03,7.3562245,5.1795936
2006-04-04,7.35083,5.180276
2006-04-05,7.3436894,5.1809583
2006-04-06,7.3348255,5.18164
2006-04-07,7.3242645,5.1823225
2006-04-08,7.312035,5.183005
2006-04-09,7.298167,5.183687
2006-04-10,7.2826924,5.1843696
2006-04-11,7.265645,5.185052
2006-04-12,7.2470603,5.185734
2006-04-13,7.2269764,5.186416
2006-04-14,7.2054324,5.1870985
2006-04-15,7.18247,5.187781
2006-04-16,7.158132,5.188463
2006-04-17,7.1324625,5.1891456
2006-04-18,7.105508,5.189828
2006-04-19,7.0773153,5.1905107
2006-04-20,7.047933,5.191193
2006-04-21,7.0174103,5.1918755
2006-04-22,6.985797,5.192558
2006-04-23,6.9531446,5.19324
2006-04-24,6.9195046,5.1939225
2006-04-25,6.884929,5.194605
2006-04-26,6.849471,5.1952877
2006-04-27,6.8131833,5.19597
2006-04-28,6.7761188,5.1966524
2006-04-29,6.738331,5.197335
2006-04-30,6.6998734,5.1980176
2006-05-01,6.6608005,5.1987
2006-05-02,6.621165,5.1993823
2006-05-03,6.5810204,5.200065
2006-05-04,6.5404215,5.2007475
2006-05-05,6.4994216,5.2014303
2006-05-06,6.4580746,5.2021127
2006-05-07,6.4164333,5.2027955
2006-05-08,6.374553,5.203478
2006-05-09,6.3324866,5.2041607
2006-05-10,6.2902875,5.204843
2006-05-11,6.24801,5.205526
2006-05-12,6.205708,5.206208
2006-05-13,6.1634345,5.206891
2006-05-14,6.1212416,5.207574
2006-05-15,6.0791817,5.2082562
2006-05-16,6.037307,5.208939
2006-05-17,5.9956665,5.209622
2006-05-18,5.954312,5.2103043
2006-05-19,5.913291,5.210987
2006-05-20,5.8726525,5.21167
2006-05-21,5.832443,5.2123523
2006-05-22,5.7927084,5.213035
2006-05-23,5.753493,5.213718
2006-05-24,5.7148404,5.214401
2006-05-25,5.6767936,5.2150836
2006-05-26,5.639394,5.2157664
2006-05-27,5.602681,5.2164493
2006-05-28,5.5666947,5.217132
2006-05-29,5.531473,5.2178144
2006-05-30,5.4970536,5.2184973
2006-05-31,5.463472,5.21918
2006-06-01,5.4307632,5.219863
2006-06-02,5.3989615,5.2205462
2006-06-03,5.368099,5.221229
2006-06-04,5.3382077,5.221912
2006-06-05,5.3093176,5.2225947
2006-06-06,5.281458,5.2232776
2006-06-07,5.254656,5.2239604
2006-06-08,5.228937,5.224643
2006-06-09,5.204327,5.225326
2006-06-10,5.180849,5.2260094
2006-06-11,5.158524,5.226692
2006-06-12,5.1373725,5.227375
2006-06-13,5.117413,5.228058
2006-06-14,5.098663,5.228741
2006-06-15,5.0811367,5.229424
2006-06-16,5.0648484,5.230107
2006-06-17,5.04981,5.23079
2006-06-18,5.0360312,5.231473
2006-06-19,5.0235214,5.2321563
2006-06-20,5.0122867,5.232839
2006-06-21,5.002332,5.233522
2006-06-22,4.993662,5.2342052
2006-06-23,4.986277,5.234888
2006-06-24,4.9801784,5.2355714
2006-06-25,4.9753637,5.2362547
2006-06-26,4.9718304,5.2369375
2006-06-27,4.969574,5.237621
2006-06-28,4.968587,5.2383037
2006-06-29,4.968862,5.238987
2006-06-30,4.970389,5.2396703
2006-07-01,4.9731565,5.240353
2006-07-02,4.9771514,5.2410364
2006-07-03,4.9823585,5.2417197
2006-07-04,4.9887614,5.2424026
2006-07-05,4.9963417,5.243086
2006-07-06,5.0050797,5.243769
2006-07-07,5.014954,5.2444525
2006-07-08,5.025941,5.245136
2006-07-09,5.0380163,5.2458186
2006-07-10,5.0511527,5.246502
2006-07-11,5.065323,5.247185
2006-07-12,5.0804963,5.2478685
2006-07-13,5.0966415,5.248552
2006-07-14,5.1137257,5.249235
2006-07-15,5.131714,5.2499185
2006-07-16,5.1505694,5.250602
2006-07-17,5.1702557,5.251285
2006-07-18,5.1907325,5.2519684
2006-07-19,5.2119603,5.2526517
2006-07-20,5.233897,5.253335
2006-07-21,5.2565007,5.2540183
2006-07-22,5.2797265,5.254702
2006-07-23,5.3035307,5.2553854
2006-07-24,5.3278675,5.2560687
2006-07-25,5.3526907,5.256752
2006-07-26,5.3779535,5.2574353
2006-07-27,5.403608,5.258119
2006-07-28,5.4296064,5.2588024
2006-07-29,5.4559007,5.2594857
2006-07-30,5.4824424,5.260169
2006-07-31,5.509183,5.260853
2006-08-01,5.536073,5.261536
2006-08-02,5.563065,5.26222
2006-08-03,5.59011,5.262903
2006-08-04,5.617159,5.2635865
2006-08-05,5.644165,5.2642703
2006-08-06,5.67108,5.2649536
2006-08-07,5.6978564,5.2656374
2006-08-08,5.7244477,5.2663207
2006-08-09,5.750807,5.2670045
2006-08-10,5.776888,5.267688
2006-08-11,5.802645,5.2683716
2006-08-12,5.828034,5.2690554
2006-08-13,5.853009,5.2697387
2006-08-14,5.877527,5.2704225
2006-08-15,5.9015436,5.271106
2006-08-16,5.925015,5.2717896
2006-08-17,5.9478993,5.2724733
2006-08-18,5.9701543,5.273157
2006-08-19,5.9917383,5.2738404
2006-08-20,6.0126104,5.274524
2006-08-21,6.0327306,5.275208
2006-08-22,6.052059,5.275892
2006-08-23,6.0705576,5.2765756
2006-08-24,6.088188,5.277259
2006-08-25,6.104913,5.2779427
2006-08-26,6.120698,5.2786264
2006-08-27,6.1355076,5.27931
2006-08-28,6.1493077,5.279994
2006-08-29,6.162067,5.280678
2006-08-30,6.1737537,5.2813616
2006-08-31,6.1843376,5.2820454
2006-09-01,6.1937914,5.282729
2006-09-02,6.2020864,5.283413
2006-09-03,6.2091985,5.2840967
2006-09-04,6.2151027,5.2847805
2006-09-05,6.219776,5.2854643
2006-09-06,6.223198,5.2861485
2006-09-07,6.2253485,5.2868323
2006-09-08,6.2262096,5.287516
2006-09-09,6.2257643,5.2882
2006-09-10,6.2239985,5.2888837
2006-09-11,6.2208996,5.289568
2006-09-12,6.216456,5.2902517
2006-09-13,6.2106586,5.2909355
2006-09-14,6.2034993,5.29162
2006-09-15,6.194973,5.2923036
2006-09-16,6.1850743,5.2929873
2006-09-17,6.1738024,5.2936716
2006-09-18,6.1611547,5.2943554
2006-09-19,6.1471334,5.2950397
2006-09-20,6.1317406,5.2957234
2006-09-21,6.11498,5.2964077
2006-09-22,6.096858,5.2970915
2006-09-23,6.077381,5.2977757
2006-09-24,6.056557,5.2984595
2006-09-25,6.034397,5.299144
2006-09-26,6.0109115,5.2998276
2006-09-27,5.9861126,5.300512
2006-09-28,5.960015,5.3011956
2006-09-29,5.9326334,5.30188
2006-09-30,5.903984,5.302564
2006-10-01,5.874085,5.3032484
2006-10-02,5.842954,5.303932
2006-10-03,5.8106127,5.3046165
2006-10-04,5.7770815,5.3053007
2006-10-05,5.7423835,5.305985
2006-10-06,5.7065425,5.3066688
2006-10-07,5.669584,5.307353
2006-10-08,5.6315346,5.3080373
2006-10-09,5.5924225,5.3087215
2006-10-10,5.552278,5.309406
2006-10-11,5.511132,5.31009
2006-10-12,5.469016,5.3107743
2006-10-13,5.4259653,5.3114586
2006-10-14,5.3820148,5.312143
2006-10-15,5.3372,5.312827
2006-10-16,5.29156,5.3135114
2006-10-17,5.2451334,5.3141956
2006-10-18,5.1979604,5.31488
2006-10-19,5.150082,5.315564
2006-10-20,5.101541,5.3162484
2006-10-21,5.0523806,5.3169327
2006-10-22,5.002645,5.317617
2006-10-23,4.9523797,5.318301
2006-10-24,4.9016304,5.318986
2006-10-25,4.8504434,5.31967
2006-10-26,4.7988677,5.3203545
2006-10-27,4.7469506,5.3210387
2006-10-28,4.6947417,5.3217235
2006-10-29,4.64229,5.3224077
2006-10-30,4.5896463,5.323092
2006-10-31,4.53686,5.3237767
2006-11-01,4.4839826,5.324461
2006-11-02,4.431065,5.3251452
2006-11-03,4.3781586,5.32583
2006-11-04,4.3253145,5.3265142
2006-11-05,4.272584,5.327199
2006-11-06,4.22002,5.3278832
2006-11-07,4.167672,5.328568
2006-11-08,4.1155925,5.3292522
2006-11-09,4.0638328,5.329937
2006-11-10,4.012443,5.3306212
2006-11-11,3.9614747,5.331306
2006-11-12,3.9109771,5.3319907
2006-11-13,3.8610005,5.332675
2006-11-14,3.811594,5.3333597
2006-11-15,3.7628062,5.3340445
2006-11-16,3.7146847,5.3347287
2006-11-17,3.6672769,5.3354135
2006-11-18,3.620629,5.336098
2006-11-19,3.574787,5.336783
2006-11-20,3.5297954,5.337467
2006-11-21,3.4856982,5.338152
2006-11-22,3.442538,5.3388367
2006-11-23,3.400357,5.3395214
2006-11-24,3.359195,5.340206
2006-11-25,3.3190918,5.340891
2006-11-26,3.2800856,5.3415756
2006-11-27,3.242213,5.3422604
2006-11-28,3.20551,5.342945
2006-11-29,3.1700106,5.34363
2006-11-30,3.1357484,5.3443146
2006-12-01,3.1027548,5.3449993
2006-12-02,3.071061,5.345684
2006-12-03,3.0406954,5.346369
2006-12-04,3.0116858,5.3470535
2006-12-05,2.9840589,5.3477383
2006-12-06,2.9578388,5.348423
2006-12-07,2.9330487,5.3491077
2006-12-08,2.9097102,5.349793
2006-12-09,2.887843,5.3504777
2006-12-10,2.8674643,5.3511624
2006-12-11,2.8485906,5.351847
2006-12-12,2.8312356,5.3525324
2006-12-13,2.8154116,5.353217
2006-12-14,2.8011286,5.353902
2006-12-15,2.788395,5.3545866
2006-12-16,2.7772164,5.355272
2006-12-17,2.7675972,5.3559566
2006-12-18,2.7595391,5.356642
2006-12-19,2.7530425,5.3573265
2006-12-20,2.748105,5.3580117
2006-12-21,2.744723,5.3586965
2006-12-22,2.742891,5.3593817
2006-12-23,2.7426014,5.3600664
2006-12-24,2.743845,5.3607516
2006-12-25,2.7466114,5.3614364
2006-12-26,2.750888,5.3621216
2006-12-27,2.7566617,5.3628063
2006-12-28,2.7639165,5.3634915
2006-12-29,2.7726357,5.3641768
2006-12-30,2.7828016,5.3648615
2006-12-31,2.7943945,5.3655467
2007-01-01,2.8073933,5.366232
2007-01-02,2.821776,5.3669167
2007-01-03,2.8375185,5.367602
2007-01-04,2.8545957,5.368287
2007-01-05,2.8729808,5.3689723
2007-01-06,2.892646,5.3696575
2007-01-07,2.913562,5.3703427
2007-01-08,2.9356973,5.3710275
2007-01-09,2.9590201,5.3717127
2007-01-10,2.9834964,5.372398
2007-01-11,3.0090911,5.373083
2007-01-12,3.035768,5.3737683
2007-01-13,3.0634894,5.3744535
2007-01-14,3.0922167,5.3751388
2007-01-15,3.1219096,5.375824
2007-01-16,3.1525273,5.376509
2007-01-17,3.1840274,5.3771944
2007-01-18,3.216367,5.3778796
2007-01-19,3.2495017,5.378565
2007-01-20,3.283387,5.3792505
2007-01-21,3.3179772,5.3799357
2007-01-22,3.3532257,5.380621
2007-01-23,3.389086,5.381306
2007-01-24,3.4255106,5.3819914
2007-01-25,3.4624524,5.382677
2007-01-26,3.4998634,5.3833623
2007-01-27,3.537696,5.3840475
2007-01-28,3.5759017,5.3847327
2007-01-29,3.6144335,5.3854184
2007-01-30,3.6532443,5.3861036
2007-01-31,3.6922863,5.3867893
2007-02-01,3.731514,5.3874745
2007-02-02,3.770881,5.3881598
2007-02-03,3.8103428,5.3888454
2007-02-04,3.8498547,5.3895307
2007-02-05,3.8893738,5.3902164
2007-02-06,3.9288576,5.3909016
2007-02-07,3.9682643,5.3915873
2007-02-08,4.0075536,5.3922725
2007-02-09,4.0466857,5.392958
2007-02-10,4.0856223,5.393644
2007-02-11,4.1243253,5.394329
2007-02-12,4.162758,5.395015
2007-02-13,4.2008853,5.3957
2007-02-14,4.2386713,5.3963857
2007-02-15,4.2760835,5.3970714
2007-02-16,4.313088,5.397757
2007-02-17,4.3496537,5.3984423
2007-02-18,4.38575,5.399128
2007-02-19,4.421346,5.3998137
2007-02-20,4.456414,5.4004993
2007-02-21,4.4909263,5.401185
2007-02-22,4.5248556,5.4018703
2007-02-23,4.558177,5.402556
2007-02-24,4.5908666,5.4032416
2007-02-25,4.622902,5.4039273
2007-02-26,4.6542606,5.404613
2007-02-27,4.6849227,5.4052987
2007-02-28,4.71487,5.4059844
2007-03-01,4.744084,5.40667
2007-03-02,4.7725496,5.407356
2007-03-03,4.800252,5.4080415
2007-03-04,4.8271775,5.408727
2007-03-05,4.853314,5.409413
2007-03-06,4.878651,5.4100986
2007-03-07,4.90318,5.4107847
2007-03-08,4.9268928,5.4114704
2007-03-09,4.9497833,5.412156
2007-03-10,4.9718466,5.412842
2007-03-11,4.9930797,5.4135275
2007-03-12,5.0134807,5.4142137
2007-03-13,5.033049,5.4148993
2007-03-14,5.0517864,5.415585
2007-03-15,5.0696955,5.416271
2007-03-16,5.0867805,5.416957
2007-03-17,5.1030474,5.4176426
2007-03-18,5.1185026,5.418329
2007-03-19,5.133156,5.4190145
2007-03-20,5.1470165,5.4197006
2007-03-21,5.1600957,5.4203863
2007-03-22,5.1724067,5.421072
2007-03-23,5.1839633,5.421758
2007-03-24,5.19478,5.422444
2007-03-25,5.204873,5.42313
2007-03-26,5.21426,5.423816
2007-03-27,5.2229586,5.424502
2007-03-28,5.2309875,5.425188
2007-03-29,5.2383666,5.4258738
2007-03-30,5.2451153,5.42656
2007-03-31,5.251255,5.427246
2007-04-01,5.2568064,5.427932
2007-04-02,5.2617908,5.428618
2007-04-03,5.26623,5.429304
2007-04-04,5.2701464,5.4299903
2007-04-05,5.273561,5.430676
2007-04-06,5.276496,5.431362
2007-04-07,5.278973,5.4320483
2007-04-08,5.2810144,5.4327345
2007-04-09,5.282642,5.4334207
2007-04-10,5.283876,5.434107
2007-04-11,5.2847385,5.434793
2007-04-12,5.2852507,5.435479
2007-04-13,5.285434,5.4361653
2007-04-14,5.285308,5.4368515
2007-04-15,5.284895,5.4375377
2007-04-16,5.2842145,5.438224
2007-04-17,5.283288,5.43891
2007-04-18,5.282136,5.439596
2007-04-19,5.2807794,5.4402823
2007-04-20,5.279238,5.4409685
2007-04-21,5.2775345,5.4416547
2007-04-22,5.2756877,5.442341
2007-04-23,5.27372,5.443027
2007-04-24,5.271651,5.4437137
2007-04-25,5.269502,5.4444
2007-04-26,5.2672935,5.445086
2007-04-27,5.2650456,5.445772
2007-04-28,5.262779,5.446459
2007-04-29,5.2605133,5.447145
2007-04-30,5.258268,5.447831
2007-05-01,5.256062,5.448518
2007-05-02,5.253914,5.449204
2007-05-03,5.2518425,5.44989
2007-05-04,5.249864,5.450577
2007-05-05,5.2479954,5.451263
2007-05-06,5.2462516,5.4519496
2007-05-07,5.2446475,5.452636
2007-05-08,5.2431955,5.4533224
2007-05-09,5.241908,5.4540086
2007-05-10,5.240795,5.454695
2007-05-11,5.239866,5.4553814
2007-05-12,5.239127,5.456068
2007-05-13,5.238586,5.4567547
2007-05-14,5.238247,5.457441
2007-05-15,5.238114,5.4581275
2007-05-16,5.2381883,5.458814
2007-05-17,5.2384725,5.4595003
2007-05-18,5.2389655,5.460187
2007-05-19,5.239666,5.4608736
2007-05-20,5.240571,5.4615602
2007-05-21,5.2416773,5.4622464
2007-05-22,5.2429795,5.462933
2007-05-23,5.2444725,5.4636197
2007-05-24,5.246149,5.4643064
2007-05-25,5.2480025,5.464993
2007-05-26,5.2500234,5.4656796
2007-05-27,5.2522035,5.4663663
2007-05-28,5.254533,5.4670525
2007-05-29,5.2570004,5.467739
2007-05-30,5.259596,5.4684258
2007-05-31,5.2623067,5.4691124
2007-06-01,5.2651205,5.469799
2007-06-02,5.2680235,5.470486
2007-06-03,5.271003,5.471173
2007-06-04,5.274043,5.4718595
2007-06-05,5.27713,5.472546
2007-06-06,5.2802477,5.4732327
2007-06-07,5.28338,5.4739194
2007-06-08,5.28651,5.474606
2007-06-09,5.289621,5.475293
2007-06-10,5.2926936,5.47598
2007-06-11,5.295709,5.4766665
2007-06-12,5.2986484,5.477353
2007-06-13,5.3014903,5.47804
2007-06-14,5.3042145,5.478727
2007-06-15,5.3067985,5.4794135
2007-06-16,5.3092203,5.4801006
2007-06-17,5.3114576,5.4807873
2007-06-18,5.3134875,5.481474
2007-06-19,5.315287,5.482161
2007-06-20,5.3168335,5.4828477
2007-06-21,5.318104,5.483535
2007-06-22,5.3190756,5.4842215
2007-06-23,5.319727,5.4849086
2007-06-24,5.320036,5.485595
2007-06-25,5.3199816,5.4862823
2007-06-26,5.3195434,5.4869695
2007-06-27,5.318702,5.487656
2007-06-28,5.31744,5.4883432
2007-06-29,5.315739,5.48903
2007-06-30,5.313583,5.489717
2007-07-01,5.3109565,5.490404
2007-07-02,5.3078446,5.4910913
2007-07-03,5.304234,5.491778
2007-07-04,5.3001122,5.492465
2007-07-05,5.295466,5.493152
2007-07-06,5.290285,5.4938393
2007-07-07,5.284558,5.494526
2007-07-08,5.2782745,5.495213
2007-07-09,5.2714252,5.4959
2007-07-10,5.264001,5.4965873
2007-07-11,5.255993,5.4972744
2007-07-12,5.2473927,5.4979615
2007-07-13,5.2381935,5.4986486
2007-07-14,5.228388,5.499336
2007-07-15,5.217969,5.500023
2007-07-16,5.2069306,5.50071
2007-07-17,5.195268,5.501397
2007-07-18,5.1829753,5.5020843
2007-07-19,5.1700487,5.5027714
2007-07-20,5.1564846,5.5034585
2007-07-21,5.14228,5.5041456
2007-07-22,5.127433,5.504833
2007-07-23,5.111942,5.5055203
2007-07-24,5.095807,5.5062075
2007-07-25,5.079028,5.5068946
2007-07-26,5.0616074,5.5075817
2007-07-27,5.043546,5.5082693
2007-07-28,5.0248475,5.5089564
2007-07-29,5.005516,5.5096436
2007-07-30,4.985555,5.510331
2007-07-31,4.9649706,5.5110183
2007-08-01,4.943769,5.5117054
2007-08-02,4.921957,5.512393
2007-08-03,4.899542,5.51308
2007-08-04,4.876533,5.5137677
2007-08-05,4.852939,5.514455
2007-08-06,4.828771,5.515142
2007-08-07,4.80404,5.5158296
2007-08-08,4.7787585,5.516517
2007-08-09,4.7529387,5.5172043
2007-08-10,4.726596,5.517892
2007-08-11,4.6997437,5.518579
2007-08-12,4.672399,5.5192666
2007-08-13,4.6445785,5.519954
2007-08-14,4.6162996,5.5206413
2007-08-15,4.5875816,5.521329
2007-08-16,4.558444,5.5220165
2007-08-17,4.528908,5.5227036
2007-08-18,4.498993,5.5233912
2007-08-19,4.468723,5.524079
2007-08-20,4.4381194,5.5247664
2007-08-21,4.407206,5.5254536
2007-08-22,4.3760056,5.526141
2007-08-23,4.344543,5.526829
2007-08-24,4.312842,5.5275164
2007-08-25,4.280927,5.528204
2007-08-26,4.2488227,5.5288916
2007-08-27,4.216553,5.529579
2007-08-28,4.1841435,5.530267
2007-08-29,4.151618,5.5309544
2007-08-30,4.119001,5.531642
2007-08-31,4.0863175,5.5323296
2007-09-01,4.053591,5.533017
2007-09-02,4.020846,5.5337048
2007-09-03,3.9881053,5.5343924
2007-09-04,3.9553926,5.53508
2007-09-05,3.9227307,5.5357676
2007-09-06,3.8901415,5.536455
2007-09-07,3.8576467,5.537143
2007-09-08,3.8252676,5.537831
2007-09-09,3.793024,5.5385184
2007-09-10,3.7609363,5.539206
2007-09-11,3.729023,5.539894
2007-09-12,3.6973019,5.5405817
2007-09-13,3.6657903,5.5412693
2007-09-14,3.6345048,5.5419574
2007-09-15,3.6034608,5.542645
2007-09-16,3.5726733,5.5433326
2007-09-17,3.5421562,5.5440207
2007-09-18,3.5119228,5.5447083
2007-09-19,3.4819858,5.5453963
2007-09-20,3.4523568,5.546084
2007-09-21,3.4230475,5.546772
2007-09-22,3.3940682,5.5474596
2007-09-23,3.365429,5.5481477
2007-09-24,3.3371391,5.5488353
2007-09-25,3.3092072,5.5495234
2007-09-26,3.2816412,5.550211
2007-09-27,3.254449,5.550899
2007-09-28,3.2276366,5.551587
2007-09-29,3.2012107,5.5522747
2007-09-30,3.1751769,5.552963
2007-10-01,3.1495402,5.553651
2007-10-02,3.124305,5.554339
2007-10-03,3.0994754,5.5550265
2007-10-04,3.075055,5.5557146
2007-10-05,3.0510464,5.5564027
2007-10-06,3.027452,5.5570908
2007-10-07,3.0042732,5.557779
2007-10-08,2.981511,5.5584664
2007-10-09,2.9591656,5.5591545
2007-10-10,2.9372358,5.5598426
2007-10-11,2.9157207,5.5605307
2007-10-12,2.8946178,5.5612187
2007-10-13,2.8739247,5.561907
2007-10-14,2.8536375,5.562595
2007-10-15,2.8337517,5.563283
2007-10-16,2.814263,5.563971
2007-10-17,2.7951658,5.564659
2007-10-18,2.7764537,5.565347
2007-10-19,2.7581205,5.5660353
2007-10-20,2.7401593,5.566724
2007-10-21,2.7225623,5.567412
2007-10-22,2.7053225,5.5681
2007-10-23,2.688432,5.568788
2007-10-24,2.6718829,5.569476
2007-10-25,2.655668,5.5701647
2007-10-26,2.6397798,5.5708528
2007-10-27,2.6242115,5.571541
2007-10-28,2.6089566,5.572229
2007-10-29,2.5940094,5.5729175
2007-10-30,2.5793643,5.5736055
2007-10-31,2.565017,5.574294
2007-11-01,2.5509634,5.574982
2007-11-02,2.537201,5.5756702
2007-11-03,2.523727,5.576359
2007-11-04,2.5105398,5.577047
2007-11-05,2.4976394,5.5777354
2007-11-06,2.4850256,5.5784235
2007-11-07,2.4726996,5.579112
2007-11-08,2.4606638,5.5798
2007-11-09,2.4489205,5.5804887
2007-11-10,2.4374738,5.581177
2007-11-11,2.4263282,5.5818653
2007-11-12,2.4154885,5.582554
2007-11-13,2.4049606,5.583242
2007-11-14,2.394751,5.5839305
2007-11-15,2.3848667,5.584619
2007-11-16,2.375315,5.5853076
2007-11-17,2.3661034,5.5859957
2007-11-18,2.3572404,5.586684
2007-11-19,2.3487349,5.587373
2007-11-20,2.3405952,5.5880613
2007-11-21,2.332831,5.58875
2007-11-22,2.325452,5.589438
2007-11-23,2.3184686,5.5901265
2007-11-24,2.3118906,5.590815
2007-11-25,2.3057292,5.5915036
2007-11-26,2.2999954,5.592192
2007-11-27,2.2947006,5.5928807
2007-11-28,2.2898567,5.5935693
2007-11-29,2.2854753,5.594258
2007-11-30,2.281569,5.5949464
2007-12-01,2.27815,5.595635
2007-12-02,2.2752316,5.5963235
2007-12-03,2.2728264,5.597012
2007-12-04,2.2709484,5.5977006
2007-12-05,2.2696106,5.5983896
2007-12-06,2.2688277,5.599078
2007-12-07,2.2686133,5.5997667
2007-12-08,2.2689824,5.6004553
2007-12-09,2.2699494,5.601144
2007-12-10,2.2715292,5.601833
2007-12-11,2.2737365,5.6025214
2007-12-12,2.2765868,5.60321
2007-12-13,2.2800949,5.6038985
2007-12-14,2.2842762,5.6045876
2007-12-15,2.289146,5.605276
2007-12-16,2.2947195,5.605965
2007-12-17,2.3010118,5.6066537
2007-12-18,2.3080382,5.6073422
2007-12-19,2.3158133,5.6080313
2007-12-20,2.3243523,5.60872
2007-12-21,2.3336692,5.609409
2007-12-22,2.3437781,5.6100974
2007-12-23,2.3546927,5.6107864
2007-12-24,2.366426,5.611475
2007-12-25,2.3789907,5.612164
2007-12-26,2.3923986,5.612853
2007-12-27,2.406661,5.6135416
2007-12-28,2.421789,5.6142306
2007-12-29,2.437792,5.6149197
2007-12-30,2.45468,5.615608
2007-12-31,2.4724612,5.6162972
2008-01-01,2.4911437,5.6169863
2008-01-02,2.5107348,5.6176753
2008-01-03,2.5312407,5.618364
2008-01-04,2.5526674,5.619053
2008-01-05,2.5750196,5.619742
2008-01-06,2.5983021,5.620431
2008-01-07,2.622518,5.62112
2008-01-08,2.647671,5.621809
2008-01-09,2.6737626,5.6224976
2008-01-10,2.7007942,5.6231866
2008-01-11,2.728767,5.6238756
2008-01-12,2.7576804,5.6245646
2008-01-13,2.7875342,5.6252537
2008-01-14,2.8183267,5.6259427
2008-01-15,2.8500557,5.6266317
2008-01-16,2.8827186,5.627321
2008-01-17,2.9163115,5.6280103
2008-01-18,2.9508302,5.6286993
2008-01-19,2.9862702,5.6293883
2008-01-20,3.0226257,5.6300774
2008-01-21,3.0598905,5.6307664
2008-01-22,3.098058,5.6314554
2008-01-23,3.13712,5.632145
2008-01-24,3.177069,5.632834
2008-01-25,3.217895,5.633523
2008-01-26,3.259589,5.634212
2008-01-27,3.3021395,5.6349015
2008-01-28,3.3455353,5.6355906
2008-01-29,3.3897643,5.6362796
2008-01-30,3.4348125,5.636969
2008-01-31,3.4806664,5.637658
2008-02-01,3.5273106,5.6383476
2008-02-02,3.5747285,5.6390367
2008-02-03,3.6229033,5.6397257
2008-02-04,3.6718166,5.640415
2008-02-05,3.7214491,5.641104
2008-02-06,3.7717812,5.6417937
2008-02-07,3.8227913,5.642483
2008-02-08,3.8744576,5.6431723
2008-02-09,3.9267573,5.643862
2008-02-10,3.9796665,5.644551
2008-02-11,4.03316,5.6452403
2008-02-12,4.0872135,5.64593
2008-02-13,4.141799,5.646619
2008-02-14,4.19689,5.6473083
2008-02-15,4.2524576,5.647998
2008-02-16,4.3084736,5.648687
2008-02-17,4.3649073,5.6493764
2008-02-18,4.421729,5.650066
2008-02-19,4.478907,5.6507554
2008-02-20,4.536409,5.651445
2008-02-21,4.594202,5.6521344
2008-02-22,4.652253,5.6528234
2008-02-23,4.710528,5.653513
2008-02-24,4.7689915,5.6542025
2008-02-25,4.82761,5.654892
2008-02-26,4.8863473,5.6555815
2008-02-27,4.945167,5.656271
2008-02-28,5.0040336,5.6569605
2008-02-29,5.0629106,5.65765
2008-03-01,5.12176,5.6583395
2008-03-02,5.180546,5.659029
2008-03-03,5.23923,5.6597185
2008-03-04,5.2977757,5.6604085
2008-03-05,5.3561454,5.661098
2008-03-06,5.4143004,5.6617875
2008-03-07,5.472204,5.662477
2008-03-08,5.529819,5.6631665
2008-03-09,5.587106,5.6638565
2008-03-10,5.6440287,5.664546
2008-03-11,5.700549,5.6652355
2008-03-12,5.756629,5.665925
2008-03-13,5.8122315,5.666615
2008-03-14,5.867319,5.6673045
2008-03-15,5.921854,5.667994
2008-03-16,5.9758005,5.668684
2008-03-17,6.029121,5.6693735
2008-03-18,6.081779,5.6700635
2008-03-19,6.1337395,5.670753
2008-03-20,6.1849666,5.671443
2008-03-21,6.235425,5.6721325
2008-03-22,6.2850804,5.6728225
2008-03-23,6.3338985,5.673512
2008-03-24,6.3818464,5.674202
2008-03-25,6.4288917,5.6748915
2008-03-26,6.475002,5.6755815
2008-03-27,6.520147,5.676271
2008-03-28,6.5642967,5.676961
2008-03-29,6.6074224,5.677651
2008-03-30,6.6494966,5.6783404
2008-03-31,6.6904926,5.6790304
2008-04-01,6.730386,5.6797204
2008-04-02,6.769151,5.6804104
2008-04-03,6.8067665,5.6811
2008-04-04,6.8432107,5.68179
2008-04-05,6.8784637,5.68248
2008-04-06,6.9125066,5.68317
2008-04-07,6.945323,5.68386
2008-04-08,6.9768972,5.68455
2008-04-09,7.007215,5.68524
2008-04-10,7.036264,5.68593
2008-04-11,7.064033,5.6866193
2008-04-12,7.090512,5.6873093
2008-04-13,7.1156926,5.6879992
2008-04-14,7.1395674,5.688689
2008-04-15,7.1621294,5.6893797
2008-04-16,7.1833744,5.6900697
2008-04-17,7.2032976,5.6907597
2008-04-18,7.221896,5.6914496
2008-04-19,7.239167,5.6921396
2008-04-20,7.2551103,5.6928296
2008-04-21,7.2697253,5.6935196
2008-04-22,7.283012,5.6942096
2008-04-23,7.2949724,5.6949
2008-04-24,7.305609,5.69559
2008-04-25,7.314925,5.69628
2008-04-26,7.322925,5.69697
2008-04-27,7.3296127,5.6976604
2008-04-28,7.334995,5.6983504
2008-04-29,7.3390765,5.6990404
2008-04-30,7.3418655,5.699731
2008-05-01,7.343369,5.700421
2008-05-02,7.3435955,5.7011113
2008-05-03,7.342554,5.7018013
2008-05-04,7.3402553,5.7024918
2008-05-05,7.3367095,5.7031817
2008-05-06,7.331929,5.703872
2008-05-07,7.3259263,5.704562
2008-05-08,7.3187146,5.7052526
2008-05-09,7.3103085,5.7059426
2008-05-10,7.3007236,5.706633
2008-05-11,7.289976,5.707323
2008-05-12,7.2780843,5.7080135
2008-05-13,7.265067,5.708704
2008-05-14,7.2509446,5.709394
2008-05-15,7.2357388,5.7100844
2008-05-16,7.219473,5.710775
2008-05-17,7.2021704,5.7114654
2008-05-18,7.1838584,5.7121553
2008-05-19,7.164563,5.712846
2008-05-20,7.1443133,5.7135363
2008-05-21,7.1231384,5.7142267
2008-05-22,7.1010685,5.714917
2008-05-23,7.078134,5.7156076
2008-05-24,7.054366,5.7162976
2008-05-25,7.029797,5.716988
2008-05-26,7.004458,5.7176785
2008-05-27,6.97838,5.718369
2008-05-28,6.951595,5.7190595
2008-05-29,6.9241333,5.71975
2008-05-30,6.8960257,5.7204404
2008-05-31,6.867303,5.721131
2008-06-01,6.837994,5.7218213
2008-06-02,6.8081284,5.7225122
2008-06-03,6.777735,5.7232027
2008-06-04,6.746842,5.723893
2008-06-05,6.715477,5.7245836
2008-06-06,6.683667,5.725274
2008-06-07,6.6514406,5.7259645
2008-06-08,6.618824,5.7266555
2008-06-09,6.5858445,5.727346
2008-06-10,6.5525284,5.7280364
2008-06-11,6.5189037,5.728727
2008-06-12,6.4849973,5.729418
2008-06-13,6.4508357,5.7301083
2008-06-14,6.416446,5.7307987
2008-06-15,6.381857,5.7314897
2008-06-16,6.347094,5.73218
2008-06-17,6.312186,5.732871
2008-06-18,6.2771583,5.7335615
2008-06-19,6.2420387,5.7342525
2008-06-20,6.206854,5.734943
2008-06-21,6.171631,5.735634
2008-06-22,6.136395,5.7363243
2008-06-23,6.1011724,5.7370152
2008-06-24,6.0659895,5.7377057
2008-06-25,6.030871,5.7383966
2008-06-26,5.9958425,5.7390876
2008-06-27,5.960928,5.739778
2008-06-28,5.9261527,5.740469
2008-06-29,5.8915415,5.74116
2008-06-30,5.8571177,5.7418504
2008-07-01,5.822906,5.7425413
2008-07-02,5.788931,5.7432323
2008-07-03,5.7552166,5.743923
2008-07-04,5.721787,5.7446136
2008-07-05,5.688667,5.7453046
2008-07-06,5.6558805,5.7459955
2008-07-07,5.6234517,5.7466865
2008-07-08,5.5914054,5.7473774
2008-07-09,5.559766,5.7480683
2008-07-10,5.5285573,5.7487593
2008-07-11,5.497803,5.74945
2008-07-12,5.4675283,5.750141
2008-07-13,5.437755,5.750832
2008-07-14,5.408508,5.751523
2008-07-15,5.3798084,5.752214
2008-07-16,5.3516793,5.752905
2008-07-17,5.3241425,5.753596
2008-07-18,5.297218,5.754287
2008-07-19,5.270926,5.7549777
2008-07-20,5.2452846,5.7556686
2008-07-21,5.220311,5.7563596
2008-07-22,5.1960216,5.757051
2008-07-23,5.172431,5.757742
2008-07-24,5.149551,5.758433
2008-07-25,5.1273932,5.759124
2008-07-26,5.105967,5.759815
2008-07-27,5.0852795,5.760506
2008-07-28,5.0653358,5.761197
2008-07-29,5.046139,5.7618885
2008-07-30,5.02769,5.7625794
2008-07-31,5.009989,5.7632704
2008-08-01,4.9930315,5.763962
2008-08-02,4.976814,5.7646527
2008-08-03,4.961328,5.765344
2008-08-04,4.9465656,5.766035
2008-08-05,4.932515,5.7667265
2008-08-06,4.9191647,5.7674174
2008-08-07,4.9064994,5.768109
2008-08-08,4.8945036,5.7688
2008-08-09,4.88316,5.769491
2008-08-10,4.8724504,5.770182
2008-08-11,4.8623557,5.7708735
2008-08-12,4.852855,5.771565
2008-08-13,4.843929,5.772256
2008-08-14,4.8355546,5.7729473
2008-08-15,4.827711,5.7736387
2008-08-16,4.820377,5.77433
2008-08-17,4.813529,5.775021
2008-08-18,4.807147,5.7757125
2008-08-19,4.8012085,5.776404
2008-08-20,4.7956924,5.7770953
2008-08-21,4.7905784,5.7777867
2008-08-22,4.7858467,5.778478
2008-08-23,4.7814775,5.779169
2008-08-24,4.777452,5.7798605
2008-08-25,4.773753,5.780552
2008-08-26,4.7703633,5.7812433
2008-08-27,4.7672668,5.7819347
2008-08-28,4.7644477,5.782626
2008-08-29,4.761891,5.7833176
2008-08-30,4.7595825,5.784009
2008-08-31,4.7575088,5.7847004
2008-09-01,4.7556562,5.7853923
2008-09-02,4.7540126,5.7860837
2008-09-03,4.752566,5.786775
2008-09-04,4.7513037,5.7874665
2008-09-05,4.7502146,5.788158
2008-09-06,4.749288,5.7888494
2008-09-07,4.7485127,5.7895412
2008-09-08,4.7478786,5.7902327
2008-09-09,4.747376,5.790924
2008-09-10,4.746995,5.7916155
2008-09-11,4.7467275,5.7923074
2008-09-12,4.746565,5.792999
2008-09-13,4.746499,5.79369
2008-09-14,4.746524,5.794382
2008-09-15,4.746633,5.7950735
2008-09-16,4.7468204,5.7957654
2008-09-17,4.747082,5.796457
2008-09-18,4.7474146,5.7971487
2008-09-19,4.7478147,5.79784
2008-09-20,4.7482805,5.798532
2008-09-21,4.7488103,5.7992234
2008-09-22,4.749405,5.7999153
2008-09-23,4.7500634,5.8006067
2008-09-24,4.7507887,5.8012986
2008-09-25,4.751581,5.8019905
2008-09-26,4.7524447,5.802682
2008-09-27,4.7533813,5.803374
2008-09-28,4.7543945,5.8040657
2008-09-29,4.755488,5.804757
2008-09-30,4.756665,5.805449
2008-10-01,4.757931,5.806141
2008-10-02,4.7592897,5.8068323
2008-10-03,4.7607446,5.807524
2008-10-04,4.7623014,5.808216
2008-10-05,4.7639647,5.808908
2008-10-06,4.765739,5.8096
2008-10-07,4.767631,5.810292
2008-10-08,4.769645,5.8109837
2008-10-09,4.7717886,5.8116755
2008-10-10,4.7740674,5.8123674
2008-10-11,4.776488,5.8130593
2008-10-12,4.779057,5.813751
2008-10-13,4.781782,5.814443
2008-10-14,4.78467,5.815135
2008-10-15,4.7877274,5.815827
2008-10-16,4.790963,5.816519
2008-10-17,4.7943835,5.8172107
2008-10-18,4.797997,5.8179026
2008-10-19,4.8018103,5.8185945
2008-10-20,4.8058305,5.8192863
2008-10-21,4.8100653,5.819978
2008-10-22,4.814521,5.8206706
2008-10-23,4.8192034,5.8213625
2008-10-24,4.824118,5.8220544
2008-10-25,4.8292713,5.8227463
2008-10-26,4.8346677,5.8234386
2008-10-27,4.8403106,5.8241305
2008-10-28,4.8462043,5.8248224
2008-10-29,4.8523526,5.825515
2008-10-30,4.858758,5.8262067
2008-10-31,4.865423,5.826899
2008-11-01,4.87235,5.827591
2008-11-02,4.879541,5.8282833
2008-11-03,4.8869967,5.828975
2008-11-04,4.894719,5.8296676
2008-11-05,4.9027085,5.8303595
2008-11-06,4.910965,5.831052
2008-11-07,4.9194894,5.8317437
2008-11-08,4.9282804,5.832436
2008-11-09,4.9373374,5.833128
2008-11-10,4.94666,5.8338203
2008-11-11,4.956247,5.8345127
2008-11-12,4.966097,5.8352046
2008-11-13,4.9762077,5.835897
2008-11-14,4.9865785,5.8365893
2008-11-15,4.997206,5.8372817
2008-11-16,5.0080895,5.8379736
2008-11-17,5.019226,5.838666
2008-11-18,5.030612,5.8393583
2008-11-19,5.0422454,5.8400507
2008-11-20,5.054123,5.840743
2008-11-21,5.066241,5.841435
2008-11-22,5.0785956,5.8421273
2008-11-23,5.0911837,5.8428197
2008-11-24,5.104,5.843512
2008-11-25,5.117041,5.8442044
2008-11-26,5.1303015,5.844897
2008-11-27,5.143776,5.845589
2008-11-28,5.1574597,5.8462815
2008-11-29,5.1713467,5.846974
2008-11-30,5.18543,5.8476663
2008-12-01,5.199703,5.8483586
2008-12-02,5.214159,5.8490515
2008-12-03,5.228789,5.849744
2008-12-04,5.2435837,5.850436
2008-12-05,5.258535,5.8511286
2008-12-06,5.273631,5.851821
2008-12-07,5.288862,5.852514
2008-12-08,5.3042154,5.853206
2008-12-09,5.319679,5.8538985
2008-12-10,5.3352385,5.854591
2008-12-11,5.3508806,5.8552837
2008-12-12,5.366591,5.855976
2008-12-13,5.3823543,5.8566685
2008-12-14,5.3981543,5.8573613
2008-12-15,5.4139743,5.8580537
2008-12-16,5.4297986,5.8587465
2008-12-17,5.44561,5.859439
2008-12-18,5.4613905,5.8601317
2008-12-19,5.4771233,5.860824
2008-12-20,5.49279,5.861517
2008-12-21,5.5083737,5.8622093
2008-12-22,5.523857,5.862902
2008-12-23,5.5392227,5.8635945
2008-12-24,5.5544524,5.8642874
2008-12-25,5.56953,5.8649797
2008-12-26,5.584439,5.8656726
2008-12-27,5.599161,5.8663654
2008-12-28,5.613681,5.867058
2008-12-29,5.6279817,5.8677506
2008-12-30,5.6420474,5.8684435
2008-12-31,5.6558623,5.8691363
2009-01-01,5.66941,5.8698287
2009-01-02,5.682677,5.8705215
2009-01-03,5.695646,5.8712144
2009-01-04,5.708304,5.871907
2009-01-05,5.7206354,5.8726
2009-01-06,5.732627,5.873293
2009-01-07,5.744264,5.873986
2009-01-08,5.7555346,5.874678
2009-01-09,5.7664247,5.875371
2009-01-10,5.7769227,5.876064
2009-01-11,5.7870154,5.8767567
2009-01-12,5.7966924,5.8774495
2009-01-13,5.805941,5.8781424
2009-01-14,5.814752,5.8788357
2009-01-15,5.8231144,5.8795285
2009-01-16,5.8310184,5.8802214
2009-01-17,5.8384547,5.880914
2009-01-18,5.845415,5.881607
2009-01-19,5.8518915,5.8823
2009-01-20,5.857877,5.8829927
2009-01-21,5.863364,5.883686
2009-01-22,5.8683476,5.884379
2009-01-23,5.8728228,5.8850718
2009-01-24,5.8767858,5.8857646
2009-01-25,5.8802333,5.886458
2009-01-26,5.883164,5.887151
2009-01-27,5.8855762,5.8878436
2009-01-28,5.8874702,5.888537
2009-01-29,5.8888474,5.88923
2009-01-30,5.889709,5.889923
2009-01-31,5.890059,5.890616
2009-02-01,5.8899007,5.891309
2009-02-02,5.889239,5.892002
2009-02-03,5.88808,5.892695
2009-02-04,5.886431,5.8933883
2009-02-05,5.8842998,5.8940816
2009-02-06,5.881694,5.8947744
2009-02-07,5.878624,5.8954678
2009-02-08,5.8751006,5.8961606
2009-02-09,5.871135,5.896854
2009-02-10,5.86674,5.8975472
2009-02-11,5.861929,5.89824
2009-02-12,5.856716,5.8989334
2009-02-13,5.851117,5.8996267
2009-02-14,5.8451476,5.9003196
2009-02-15,5.8388247,5.901013
2009-02-16,5.832167,5.901706
2009-02-17,5.825193,5.9023995
2009-02-18,5.8179226,5.903093
2009-02-19,5.8103757,5.9037857
2009-02-20,5.802574,5.904479
2009-02-21,5.79454,5.9051723
2009-02-22,5.786295,5.9058657
2009-02-23,5.777862,5.906559
2009-02-24,5.769264,5.9072523
2009-02-25,5.7605257,5.9079456
2009-02-26,5.7516694,5.908639
2009-02-27,5.7427206,5.9093323
2009-02-28,5.7337036,5.9100256
2009-03-01,5.724643,5.910719
2009-03-02,5.7155647,5.9114122
2009-03-03,5.706493,5.9121056
2009-03-04,5.697454,5.9127994
2009-03-05,5.688474,5.9134927
2009-03-06,5.6795793,5.914186
2009-03-07,5.6707954,5.9148793
2009-03-08,5.6621504,5.9155726
2009-03-09,5.6536703,5.9162664
2009-03-10,5.645383,5.91696
2009-03-11,5.6373143,5.917653
2009-03-12,5.6294928,5.918347
2009-03-13,5.621945,5.91904
2009-03-14,5.614698,5.9197335
2009-03-15,5.607779,5.9204273
2009-03-16,5.601214,5.9211206
2009-03-17,5.5950294,5.921814
2009-03-18,5.5892506,5.922508
2009-03-19,5.583902,5.923201
2009-03-20,5.579008,5.923895
2009-03-21,5.5745926,5.924588
2009-03-22,5.5706778,5.925282
2009-03-23,5.567285,5.9259753
2009-03-24,5.5644355,5.926669
2009-03-25,5.562149,5.927363
2009-03-26,5.560445,5.9280562
2009-03-27,5.559341,5.92875
2009-03-28,5.558854,5.929444
2009-03-29,5.559002,5.930137
2009-03-30,5.5597987,5.930831
2009-03-31,5.5612593,5.9315248
2009-04-01,5.5633974,5.932218
2009-04-02,5.566226,5.932912
2009-04-03,5.569756,5.9336057
2009-04-04,5.5739985,5.9342995
2009-04-05,5.578963,5.9349933
2009-04-06,5.5846577,5.935687
2009-04-07,5.5910897,5.9363804
2009-04-08,5.598265,5.937074
2009-04-09,5.6061883,5.937768
2009-04-10,5.614862,5.938462
2009-04-11,5.624289,5.9391556
2009-04-12,5.6344695,5.9398494
2009-04-13,5.645403,5.940543
2009-04-14,5.6570883,5.941237
2009-04-15,5.669522,5.941931
2009-04-16,5.6827,5.9426246
2009-04-17,5.696618,5.943319
2009-04-18,5.71127,5.9440126
2009-04-19,5.7266483,5.9447064
2009-04-20,5.7427454,5.9454
2009-04-21,5.759552,5.946094
2009-04-22,5.777059,5.946788
2009-04-23,5.795255,5.947482
2009-04-24,5.814128,5.948176
2009-04-25,5.833665,5.9488697
2009-04-26,5.8538523,5.949564
2009-04-27,5.8746753,5.950258
2009-04-28,5.8961186,5.9509516
2009-04-29,5.918165,5.951646
2009-04-30,5.9407983,5.9523396
2009-05-01,5.9639993,5.9530334
2009-05-02,5.9877486,5.9537277
2009-05-03,6.012027,5.9544215
2009-05-04,6.0368123,5.955116
2009-05-05,6.0620837,5.9558096
2009-05-06,6.0878186,5.956504
2009-05-07,6.1139927,5.9571977
2009-05-08,6.140582,5.957892
2009-05-09,6.1675615,5.9585857
2009-05-10,6.194905,5.95928
2009-05-11,6.2225847,5.9599743
2009-05-12,6.2505736,5.960668
2009-05-13,6.278842,5.9613624
2009-05-14,6.30736,5.9620566
2009-05-15,6.336097,5.9627504
2009-05-16,6.3650203,5.9634447
2009-05-17,6.3940973,5.964139
2009-05-18,6.4232945,5.9648333
2009-05-19,6.452576,5.9655275
2009-05-20,6.481908,5.9662213
2009-05-21,6.5112534,5.9669156
2009-05-22,6.540577,5.96761
2009-05-23,6.5698423,5.968304
2009-05-24,6.5990124,5.9689984
2009-05-25,6.6280518,5.9696927
2009-05-26,6.656924,5.970387
2009-05-27,6.6855927,5.9710813
2009-05-28,6.714024,5.9717755
2009-05-29,6.7421827,5.97247
2009-05-30,6.7700343,5.973164
2009-05-31,6.797546,5.9738584
2009-06-01,6.8246837,5.9745526
2009-06-02,6.8514166,5.975247
2009-06-03,6.877712,5.975941
2009-06-04,6.903538,5.976636
2009-06-05,6.9288654,5.97733
2009-06-06,6.9536633,5.9780245
2009-06-07,6.9779024,5.9787188
2009-06-08,7.0015535,5.979413
2009-06-09,7.0245886,5.980108
2009-06-10,7.046979,5.980802
2009-06-11,7.0686975,5.9814963
2009-06-12,7.089717,5.982191
2009-06-13,7.11001,5.9828854
2009-06-14,7.1295514,5.9835796
2009-06-15,7.1483145,5.9842744
2009-06-16,7.1662745,5.9849687
2009-06-17,7.1834064,5.9856634
2009-06-18,7.199685,5.9863577
2009-06-19,7.215086,5.9870524
2009-06-20,7.229584,5.9877467
2009-06-21,7.2431564,5.9884415
2009-06-22,7.2557783,5.9891357
2009-06-23,7.267426,5.9898305
2009-06-24,7.278076,5.990525
2009-06-25,7.287706,5.9912195
2009-06-26,7.2962923,5.9919143
2009-06-27,7.303812,5.9926085
2009-06-28,7.310244,5.9933033
2009-06-29,7.3155665,5.993998
2009-06-30,7.3197584,5.9946923
2009-07-01,7.3227997,5.995387
2009-07-02,7.3246713,5.996082
2009-07-03,7.325356,5.9967766
2009-07-04,7.3248367,5.9974713
2009-07-05,7.323098,5.9981656
2009-07-06,7.3201275,5.9988604
2009-07-07,7.315912,5.999555
2009-07-08,7.310442,6.00025
2009-07-09,7.303709,6.0009446
2009-07-10,7.2957067,6.0016394
2009-07-11,7.2864313,6.002334
2009-07-12,7.275881,6.003029
2009-07-13,7.2640553,6.0037236
2009-07-14,7.250957,6.0044184
2009-07-15,7.236591,6.005113
2009-07-16,7.2209644,6.005808
2009-07-17,7.204087,6.0065026
2009-07-18,7.1859713,6.0071974
2009-07-19,7.1666317,6.0078926
2009-07-20,7.1460867,6.0085874
2009-07-21,7.1243563,6.009282
2009-07-22,7.1014643,6.009977
2009-07-23,7.077436,6.0106716
2009-07-24,7.0523014,6.011367
2009-07-25,7.0260925,6.0120616
2009-07-26,6.998845,6.0127563
2009-07-27,6.9705973,6.0134516
2009-07-28,6.941391,6.0141463
2009-07-29,6.9112697,6.014841
2009-07-30,6.880281,6.0155363
2009-07-31,6.848474,6.016231
2009-08-01,6.8159013,6.0169263
2009-08-02,6.7826176,6.017621
2009-08-03,6.748678,6.018316
2009-08-04,6.7141423,6.019011
2009-08-05,6.6790695,6.0197062
2009-08-06,6.6435213,6.020401
2009-08-07,6.6075597,6.021096
2009-08-08,6.571248,6.021791
2009-08-09,6.534651,6.022486
2009-08-10,6.4978313,6.023181
2009-08-11,6.460855,6.023876
2009-08-12,6.4237857,6.0245714
2009-08-13,6.386687,6.0252666
2009-08-14,6.3496222,6.0259614
2009-08-15,6.3126545,6.0266566
2009-08-16,6.275845,6.027352
2009-08-17,6.2392545,6.028047
2009-08-18,6.2029433,6.028742
2009-08-19,6.166969,6.029437
2009-08-20,6.1313887,6.0301323
2009-08-21,6.0962586,6.0308275
2009-08-22,6.0616336,6.0315228
2009-08-23,6.027565,6.032218
2009-08-24,5.994106,6.032913
2009-08-25,5.9613047,6.0336084
2009-08-26,5.9292107,6.0343037
2009-08-27,5.8978705,6.034999
2009-08-28,5.86733,6.035694
2009-08-29,5.8376346,6.0363894
2009-08-30,5.8088274,6.0370846
2009-08-31,5.7809515,6.03778
2009-09-01,5.75405,6.038475
2009-09-02,5.728163,6.0391703
2009-09-03,5.7033324,6.0398655
2009-09-04,5.6795993,6.0405607
2009-09-05,5.657003,6.0412564
2009-09-06,5.6355844,6.0419517
2009-09-07,5.615383,6.042647
2009-09-08,5.5964384,6.043342
2009-09-09,5.578789,6.044038
2009-09-10,5.5624747,6.044733
2009-09-11,5.5475335,6.0454283
2009-09-12,5.534003,6.046124
2009-09-13,5.521921,6.046819
2009-09-14,5.5113244,6.047515
2009-09-15,5.5022497,6.04821
2009-09-16,5.494733,6.0489054
2009-09-17,5.4888077,6.049601
2009-09-18,5.484509,6.0502963
2009-09-19,5.48187,6.050992
2009-09-20,5.4809227,6.0516872
2009-09-21,5.4816976,6.052383
2009-09-22,5.484225,6.0530787
2009-09-23,5.488533,6.053774
2009-09-24,5.49465,6.0544696
2009-09-25,5.5026007,6.055165
2009-09-26,5.512411,6.0558605
2009-09-27,5.5241046,6.056556
2009-09-28,5.5377035,6.0572515
2009-09-29,5.553228,6.057947
2009-09-30,5.5706987,6.058643
2009-10-01,5.590133,6.0593386
2009-10-02,5.611549,6.0600343
2009-10-03,5.634961,6.0607295
2009-10-04,5.660384,6.061425
2009-10-05,5.687831,6.062121
2009-10-06,5.7173123,6.0628166
2009-10-07,5.748839,6.0635123
2009-10-08,5.7824183,6.064208
2009-10-09,5.8180575,6.0649037
2009-10-10,5.8557615,6.0655994
2009-10-11,5.895534,6.066295
2009-10-12,5.937376,6.066991
2009-10-13,5.9812875,6.0676866
2009-10-14,6.0272665,6.0683823
2009-10-15,6.0753093,6.069078
2009-10-16,6.1254106,6.0697737
2009-10-17,6.1775613,6.0704694
2009-10-18,6.2317524,6.071165
2009-10-19,6.287972,6.071861
2009-10-20,6.346206,6.072557
2009-10-21,6.4064393,6.0732527
2009-10-22,6.4686527,6.0739484
2009-10-23,6.5328274,6.074644
2009-10-24,6.5989404,6.0753403
2009-10-25,6.6669693,6.076036
2009-10-26,6.736887,6.0767317
2009-10-27,6.808667,6.077428
2009-10-28,6.88228,6.0781236
2009-10-29,6.957694,6.0788193
2009-10-30,7.0348773,6.0795155
2009-10-31,7.113795,6.080211
2009-11-01,7.194411,6.0809073
2009-11-02,7.2766867,6.081603
2009-11-03,7.3605824,6.082299
2009-11-04,7.446057,6.082995
2009-11-05,7.5330663,6.083691
2009-11-06,7.621565,6.084387
2009-11-07,7.7115064,6.085083
2009-11-08,7.80284,6.085779
2009-11-09,7.8955164,6.086475
2009-11-10,7.989482,6.087171
2009-11-11,8.0846815,6.087867
2009-11-12,8.18106,6.088563
2009-11-13,8.278558,6.089259
2009-11-14,8.377117,6.0899553
2009-11-15,8.476676,6.090651
2009-11-16,8.577172,6.091347
2009-11-17,8.678544,6.0920434
2009-11-18,8.7807255,6.0927396
2009-11-19,8.883652,6.093436
2009-11-20,8.987256,6.094132
2009-11-21,9.091474,6.0948277
2009-11-22,9.196234,6.095524
2009-11-23,9.301471,6.09622
2009-11-24,9.407115,6.096916
2009-11-25,9.513098,6.0976124
2009-11-26,9.619349,6.0983086
2009-11-27,9.725799,6.0990047
2009-11-28,9.8323765,6.099701
2009-11-29,9.939012,6.100397
2009-11-30,10.045633,6.101094
2009-12-01,10.15217,6.10179
2009-12-02,10.25855,6.102486
2009-12-03,10.364702,6.1031823
2009-12-04,10.470555,6.1038785
2009-12-05,10.576036,6.1045747
2009-12-06,10.681075,6.1052713
2009-12-07,10.785598,6.1059675
2009-12-08,10.889534,6.1066637
2009-12-09,10.992811,6.10736
2009-12-10,11.095357,6.1080565
2009-12-11,11.197102,6.1087527
2009-12-12,11.297972,6.109449
2009-12-13,11.397898,6.1101456
2009-12-14,11.496808,6.1108418
2009-12-15,11.594632,6.1115384
2009-12-16,11.6913,6.1122346
2009-12-17,11.786742,6.112931
2009-12-18,11.88089,6.1136274
2009-12-19,11.973674,6.1143236
2009-12-20,12.065027,6.1150203
2009-12-21,12.154883,6.115717
2009-12-22,12.2431755,6.116413
2009-12-23,12.329838,6.11711
2009-12-24,12.414807,6.117806
2009-12-25,12.498021,6.1185026
2009-12-26,12.579417,6.1191993
2009-12-27,12.658935,6.1198955
2009-12-28,12.736516,6.120592
2009-12-29,12.812102,6.121289
2009-12-30,12.885637,6.1219854
2009-12-31,12.957068,6.1226816
2010-01-01,13.026342,6.1233783
2010-01-02,13.093409,6.124075
2010-01-03,13.158216,6.1247716
2010-01-04,13.22072,6.1254683
2010-01-05,13.280874,6.126165
2010-01-06,13.338635,6.126861
2010-01-07,13.393962,6.1275578
2010-01-08,13.4468155,6.1282544
2010-01-09,13.497157,6.128951
2010-01-10,13.544954,6.1296477
2010-01-11,13.590171,6.1303444
2010-01-12,13.632779,6.131041
2010-01-13,13.672749,6.1317377
2010-01-14,13.7100525,6.132435
2010-01-15,13.744668,6.1331315
2010-01-16,13.776572,6.133828
2010-01-17,13.805746,6.134525
2010-01-18,13.832172,6.1352215
2010-01-19,13.855834,6.135918
2010-01-20,13.87672,6.136615
2010-01-21,13.89482,6.137312
2010-01-22,13.910126,6.1380086
2010-01-23,13.922629,6.1387053
2010-01-24,13.932329,6.1394024
2010-01-25,13.939224,6.140099
2010-01-26,13.943315,6.1407957
2010-01-27,13.944605,6.141493
2010-01-28,13.943102,6.1421895
2010-01-29,13.938813,6.142886
2010-01-30,13.931752,6.1435833
2010-01-31,13.921931,6.14428
2010-02-01,13.909368,6.144977
2010-02-02,13.894081,6.1456738
2010-02-03,13.876093,6.146371
2010-02-04,13.855426,6.1470675
2010-02-05,13.8321085,6.1477647
2010-02-06,13.806169,6.1484613
2010-02-07,13.777637,6.1491585
2010-02-08,13.746547,6.1498556
2010-02-09,13.712935,6.1505523
2010-02-10,13.67684,6.1512494
2010-02-11,13.638299,6.1519465
2010-02-12,13.597356,6.152643
2010-02-13,13.554054,6.1533403
2010-02-14,13.50844,6.1540375
2010-02-15,13.460561,6.1547346
2010-02-16,13.410465,6.1554317
2010-02-17,13.358206,6.1561284
2010-02-18,13.303835,6.1568255
2010-02-19,13.247406,6.1575227
2010-02-20,13.188976,6.15822
2010-02-21,13.128603,6.158917
2010-02-22,13.066346,6.159614
2010-02-23,13.002265,6.160311
2010-02-24,12.936422,6.1610084
2010-02-25,12.868882,6.1617055
2010-02-26,12.799708,6.1624026
2010-02-27,12.728968,6.1631
2010-02-28,12.656727,6.163797
2010-03-01,12.583054,6.164494
2010-03-02,12.5080185,6.165191
2010-03-03,12.431689,6.1658883
2010-03-04,12.354138,6.166586
2010-03-05,12.275437,6.167283
2010-03-06,12.195658,6.16798
2010-03-07,12.114872,6.1686773
2010-03-08,12.033152,6.1693745
2010-03-09,11.950571,6.170072
2010-03-10,11.867203,6.170769
2010-03-11,11.783118,6.1714664
2010-03-12,11.698392,6.172164
2010-03-13,11.613096,6.172861
2010-03-14,11.527303,6.173558
2010-03-15,11.441085,6.174256
2010-03-16,11.354512,6.174953
2010-03-17,11.267659,6.1756506
2010-03-18,11.180594,6.1763477
2010-03-19,11.09339,6.1770453
2010-03-20,11.006117,6.1777425
2010-03-21,10.918843,6.17844
2010-03-22,10.83164,6.179137
2010-03-23,10.744575,6.179835
2010-03-24,10.657715,6.180532
2010-03-25,10.571127,6.1812296
2010-03-26,10.484878,6.181927
2010-03-27,10.399031,6.1826243
2010-03-28,10.313648,6.183322
2010-03-29,10.228794,6.1840196
2010-03-30,10.1445265,6.1847167
2010-03-31,10.060905,6.1854143
2010-04-01,9.977987,6.186112
2010-04-02,9.895827,6.1868095
2010-04-03,9.81448,6.187507
2010-04-04,9.733996,6.1882043
2010-04-05,9.654428,6.188902
2010-04-06,9.575823,6.1895995
2010-04-07,9.498228,6.190297
2010-04-08,9.421689,6.1909947
2010-04-09,9.346249,6.1916924
2010-04-10,9.271949,6.19239
2010-04-11,9.19883,6.1930876
2010-04-12,9.126927,6.193785
2010-04-13,9.056278,6.194483
2010-04-14,8.9869175,6.1951804
2010-04-15,8.918875,6.195878
2010-04-16,8.852182,6.1965756
2010-04-17,8.786866,6.1972733
2010-04-18,8.722953,6.197971
2010-04-19,8.660466,6.198669
2010-04-20,8.599427,6.1993666
2010-04-21,8.539855,6.200064
2010-04-22,8.481768,6.200762
2010-04-23,8.42518,6.20146
2010-04-24,8.370108,6.2021575
2010-04-25,8.316561,6.202855
2010-04-26,8.26455,6.2035527
2010-04-27,8.214084,6.204251
2010-04-28,8.165169,6.2049484
2010-04-29,8.117811,6.2056465
2010-04-30,8.072015,6.206344
2010-05-01,8.027781,6.2070417
2010-05-02,7.98511,6.20774
2010-05-03,7.944002,6.2084374
2010-05-04,7.9044547,6.2091355
2010-05-05,7.8664646,6.209833
2010-05-06,7.8300257,6.210531
2010-05-07,7.7951307,6.211229
2010-05-08,7.761772,6.211927
2010-05-09,7.72994,6.212625
2010-05-10,7.699622,6.2133226
2010-05-11,7.6708064,6.2140207
2010-05-12,7.6434784,6.214719
2010-05-13,7.617622,6.2154164
2010-05-14,7.5932198,6.2161145
2010-05-15,7.5702534,6.2168126
2010-05-16,7.5487022,6.2175107
2010-05-17,7.5285454,6.2182083
2010-05-18,7.5097594,6.2189064
2010-05-19,7.4923205,6.2196045
2010-05-20,7.476203,6.2203026
2010-05-21,7.4613795,6.2210007
2010-05-22,7.447823,6.2216988
2010-05-23,7.435503,6.2223964
2010-05-24,7.424389,6.2230945
2010-05-25,7.414449,6.2237926
2010-05-26,7.405651,6.2244906
2010-05-27,7.397961,6.2251887
2010-05-28,7.391344,6.225887
2010-05-29,7.385765,6.226585
2010-05-30,7.381189,6.227283
2010-05-31,7.3775783,6.2279816
2010-06-01,7.374897,6.2286797
2010-06-02,7.373108,6.2293777
2010-06-03,7.3721743,6.230076
2010-06-04,7.3720584,6.230774
2010-06-05,7.3727236,6.231472
2010-06-06,7.374132,6.2321706
2010-06-07,7.3762484,6.2328687
2010-06-08,7.3790345,6.2335668
2010-06-09,7.382456,6.234265
2010-06-10,7.386476,6.2349634
2010-06-11,7.391061,6.2356615
2010-06-12,7.3961763,6.2363596
2010-06-13,7.401789,6.237058
2010-06-14,7.407867,6.2377563
2010-06-15,7.414379,6.238455
2010-06-16,7.4212947,6.239153
2010-06-17,7.428584,6.2398515
2010-06-18,7.4362197,6.2405496
2010-06-19,7.444174,6.241248
2010-06-20,7.4524207,6.241946
2010-06-21,7.4609356,6.242645
2010-06-22,7.4696946,6.243343
2010-06-23,7.478676,6.2440414
2010-06-24,7.487857,6.2447395
2010-06-25,7.497219,6.245438
2010-06-26,7.506742,6.2461367
2010-06-27,7.5164094,6.2468348
2010-06-28,7.5262036,6.2475333
2010-06-29,7.53611,6.248232
2010-06-30,7.5461144,6.2489305
2010-07-01,7.556204,6.2496285
2010-07-02,7.566366,6.250327
2010-07-03,7.576591,6.2510257
2010-07-04,7.586869,6.2517242
2010-07-05,7.59719,6.252423
2010-07-06,7.6075478,6.2531214
2010-07-07,7.617935,6.2538195
2010-07-08,7.628347,6.254518
2010-07-09,7.6387777,6.2552166
2010-07-10,7.6492243,6.255915
2010-07-11,7.659683,6.2566137
2010-07-12,7.6701527,6.2573123
2010-07-13,7.6806316,6.258011
2010-07-14,7.69112,6.2587094
2010-07-15,7.701618,6.2594085
2010-07-16,7.7121267,6.260107
2010-07-17,7.7226486,6.2608056
2010-07-18,7.7331853,6.261504
2010-07-19,7.743741,6.2622027
2010-07-20,7.754319,6.2629013
2010-07-21,7.7649245,6.2636
2010-07-22,7.775562,6.264299
2010-07-23,7.7862377,6.2649975
2010-07-24,7.7969584,6.265696
2010-07-25,7.80773,6.266395
2010-07-26,7.818561,6.2670937
2010-07-27,7.829458,6.267792
2010-07-28,7.84043,6.2684913
2010-07-29,7.8514853,6.26919
2010-07-30,7.862633,6.2698884
2010-07-31,7.8738837,6.2705874
2010-08-01,7.885247,6.271286
2010-08-02,7.8967347,6.271985
2010-08-03,7.9083576,6.2726836
2010-08-04,7.920129,6.2733827
2010-08-05,7.9320607,6.274081
2010-08-06,7.9441676,6.2747803
2010-08-07,7.9564643,6.275479
2010-08-08,7.968966,6.276178
2010-08-09,7.98169,6.276877
2010-08-10,7.9946537,6.2775755
2010-08-11,8.007875,6.2782745
2010-08-12,8.021375,6.2789736
2010-08-13,8.0351715,6.279672
2010-08-14,8.049287,6.280371
2010-08-15,8.063743,6.28107
2010-08-16,8.078562,6.2817693
2010-08-17,8.093765,6.2824683
2010-08-18,8.109377,6.283167
2010-08-19,8.125418,6.283866
2010-08-20,8.1419115,6.284565
2010-08-21,8.158879,6.285264
2010-08-22,8.176343,6.285963
2010-08-23,8.1943245,6.286662
2010-08-24,8.212843,6.287361
2010-08-25,8.231919,6.28806
2010-08-26,8.251573,6.288759
2010-08-27,8.271821,6.2894583
2010-08-28,8.292682,6.2901573
2010-08-29,8.314172,6.2908564
2010-08-30,8.336308,6.2915554
2010-08-31,8.359101,6.2922544
2010-09-01,8.382567,6.2929535
2010-09-02,8.406717,6.2936525
2010-09-03,8.431562,6.294352
2010-09-04,8.457111,6.295051
2010-09-05,8.483374,6.29575
2010-09-06,8.510355,6.296449
2010-09-07,8.53806,6.2971487
2010-09-08,8.566494,6.2978477
2010-09-09,8.595657,6.298547
2010-09-10,8.625551,6.299246
2010-09-11,8.656173,6.2999454
2010-09-12,8.687521,6.3006444
2010-09-13,8.719589,6.301344
2010-09-14,8.752372,6.302043
2010-09-15,8.785858,6.302742
2010-09-16,8.820039,6.3034415
2010-09-17,8.854901,6.3041406
2010-09-18,8.89043,6.30484
2010-09-19,8.926611,6.305539
2010-09-20,8.963426,6.3062387
2010-09-21,9.0008545,6.306938
2010-09-22,9.038879,6.307637
2010-09-23,9.0774765,6.3083367
2010-09-24,9.116625,6.309036
2010-09-25,9.1563,6.3097353
2010-09-26,9.196476,6.310435
2010-09-27,9.237129,6.3111343
2010-09-28,9.278233,6.3118334
2010-09-29,9.319757,6.312533
2010-09-30,9.361677,6.3132324
2010-10-01,9.403963,6.313932
2010-10-02,9.446585,6.314631
2010-10-03,9.4895115,6.3153305
2010-10-04,9.532713,6.31603
2010-10-05,9.576157,6.3167295
2010-10-06,9.619811,6.317429
2010-10-07,9.663642,6.3181286
2010-10-08,9.707616,6.318828
2010-10-09,9.751698,6.3195276
2010-10-10,9.795853,6.320227
2010-10-11,9.840045,6.3209267
2010-10-12,9.884237,6.321626
2010-10-13,9.928393,6.3223257
2010-10-14,9.972478,6.323025
2010-10-15,10.016451,6.3237247
2010-10-16,10.060276,6.3244243
2010-10-17,10.103915,6.325124
2010-10-18,10.147329,6.3258233
2010-10-19,10.190481,6.3265233
2010-10-20,10.233332,6.327223
2010-10-21,10.275842,6.3279223
2010-10-22,10.317972,6.328622
2010-10-23,10.359685,6.329322
2010-10-24,10.400939,6.3300214
2010-10-25,10.441696,6.330721
2010-10-26,10.481915,6.331421
2010-10-27,10.521558,6.3321204
2010-10-28,10.560581,6.33282
2010-10-29,10.598947,6.33352
2010-10-30,10.63661,6.3342195
2010-10-31,10.6735325,6.3349195
2010-11-01,10.709672,6.335619
2010-11-02,10.744986,6.336319
2010-11-03,10.779433,6.3370185
2010-11-04,10.812974,6.3377185
2010-11-05,10.845566,6.338418
2010-11-06,10.877171,6.339118
2010-11-07,10.907748,6.3398175
2010-11-08,10.93726,6.3405175
2010-11-09,10.965669,6.3412175
2010-11-10,10.992939,6.341917
2010-11-11,11.019033,6.342617
2010-11-12,11.043919,6.343317
2010-11-13,11.06756,6.344017
2010-11-14,11.089927,6.3447165
2010-11-15,11.110988,6.3454165
2010-11-16,11.130712,6.3461165
2010-11-17,11.14907,6.3468165
2010-11-18,11.166035,6.3475165
2010-11-19,11.181579,6.348216
2010-11-20,11.195676,6.348916
2010-11-21,11.208301,6.349616
2010-11-22,11.219428,6.350316
2010-11-23,11.229033,6.351016
2010-11-24,11.237096,6.351716
2010-11-25,11.243589,6.352416
2010-11-26,11.248494,6.353116
2010-11-27,11.251789,6.353816
2010-11-28,11.253453,6.354516
2010-11-29,11.253468,6.355216
2010-11-30,11.251815,6.355916
2010-12-01,11.248477,6.3566165
2010-12-02,11.243439,6.3573165
2010-12-03,11.236686,6.3580165
2010-12-04,11.228205,6.3587165
2010-12-05,11.217984,6.3594165
2010-12-06,11.206015,6.360117
2010-12-07,11.1922865,6.360817
2010-12-08,11.176793,6.361517
2010-12-09,11.15953,6.362217
2010-12-10,11.1404915,6.3629174
2010-12-11,11.119677,6.3636174
2010-12-12,11.097085,6.364318
2010-12-13,11.072719,6.365018
2010-12-14,11.046578,6.365718
2010-12-15,11.018672,6.3664184
2010-12-16,10.989003,6.3671184
2010-12-17,10.9575815,6.367819
2010-12-18,10.924416,6.368519
2010-12-19,10.889517,6.3692193
2010-12-20,10.852898,6.3699193
2010-12-21,10.814573,6.37062
2010-12-22,10.774558,6.3713202
2010-12-23,10.73287,6.3720202
2010-12-24,10.689527,6.3727207
2010-12-25,10.644549,6.3734207
2010-12-26,10.597958,6.374121
2010-12-27,10.549775,6.3748217
2010-12-28,10.500025,6.375522
2010-12-29,10.448732,6.376222
2010-12-30,10.395923,6.3769226
2010-12-31,10.341624,6.377623
2011-01-01,10.285864,6.3783236
2011-01-02,10.228672,6.379024
2011-01-03,10.170079,6.379724
2011-01-04,10.110117,6.3804245
2011-01-05,10.048817,6.381125
2011-01-06,9.986213,6.3818254
2011-01-07,9.922339,6.382526
2011-01-08,9.857232,6.3832264
2011-01-09,9.790927,6.383927
2011-01-10,9.723462,6.3846273
2011-01-11,9.654877,6.385328
2011-01-12,9.58521,6.3860283
2011-01-13,9.514503,6.386729
2011-01-14,9.442796,6.387429
2011-01-15,9.370134,6.3881297
2011-01-16,9.29656,6.3888307
2011-01-17,9.22212,6.389531
2011-01-18,9.146858,6.3902316
2011-01-19,9.070822,6.390932
2011-01-20,8.994059,6.3916326
2011-01-21,8.916616,6.3923335
2011-01-22,8.838544,6.393034
2011-01-23,8.7598915,6.3937345
2011-01-24,8.680708,6.3944354
2011-01-25,8.601046,6.395136
2011-01-26,8.520955,6.3958364
2011-01-27,8.440487,6.3965373
2011-01-28,8.359693,6.397238
2011-01-29,8.278626,6.3979383
2011-01-30,8.197338,6.398639
2011-01-31,8.115883,6.3993397
2011-02-01,8.034311,6.4000406
2011-02-02,7.952678,6.400741
2011-02-03,7.8710356,6.401442
2011-02-04,7.7894373,6.402143
2011-02-05,7.7079372,6.4028435
2011-02-06,7.6265893,6.4035444
2011-02-07,7.545447,6.404245
2011-02-08,7.464564,6.404946
2011-02-09,7.383995,6.405647
2011-02-10,7.3037944,6.4063473
2011-02-11,7.224015,6.407048
2011-02-12,7.144712,6.407749
2011-02-13,7.0659385,6.40845
2011-02-14,6.9877477,6.4091506
2011-02-15,6.910193,6.4098516
2011-02-16,6.8333273,6.4105525
2011-02-17,6.7572026,6.4112535
2011-02-18,6.681871,6.4119544
2011-02-19,6.6073833,6.4126554
2011-02-20,6.5337896,6.4133563
2011-02-21,6.4611397,6.414057
2011-02-22,6.389482,6.4147577
2011-02-23,6.3188634,6.4154587
2011-02-24,6.249331,6.4161596
2011-02-25,6.180929,6.4168606
2011-02-26,6.1137023,6.4175615
2011-02-27,6.047692,6.418263
2011-02-28,5.9829392,6.418964
2011-03-01,5.919484,6.419665
2011-03-02,5.857363,6.420366
2011-03-03,5.7966137,6.4210668
2011-03-04,5.7372704,6.4217677
2011-03-05,5.679365,6.4224687
2011-03-06,5.6229305,6.42317
2011-03-07,5.5679965,6.423871
2011-03-08,5.5145903,6.424572
2011-03-09,5.46274,6.425273
2011-03-10,5.41247,6.4259744
2011-03-11,5.363805,6.4266753
2011-03-12,5.3167663,6.4273763
2011-03-13,5.2713757,6.4280777
2011-03-14,5.227652,6.4287786
2011-03-15,5.185614,6.42948
2011-03-16,5.145278,6.430181
2011-03-17,5.1066585,6.4308825
2011-03-18,5.0697694,6.4315834
2011-03-19,5.0346227,6.432285
2011-03-20,5.0012283,6.432986
2011-03-21,4.9695954,6.433687
2011-03-22,4.939731,6.434388
2011-03-23,4.9116406,6.4350896
2011-03-24,4.885329,6.4357905
2011-03-25,4.8607974,6.436492
2011-03-26,4.838048,6.4371934
2011-03-27,4.81708,6.4378943
2011-03-28,4.797891,6.438596
2011-03-29,4.7804785,6.439297
2011-03-30,4.7648363,6.4399986
2011-03-31,4.7509594,6.4406996
2011-04-01,4.7388396,6.441401
2011-04-02,4.7284675,6.4421024
2011-04-03,4.719832,6.442804
2011-04-04,4.7129216,6.4435053
2011-04-05,4.707722,6.4442067
2011-04-06,4.704219,6.4449077
2011-04-07,4.7023945,6.445609
2011-04-08,4.7022324,6.4463105
2011-04-09,4.7037115,6.447012
2011-04-10,4.7068124,6.4477134
2011-04-11,4.711512,6.448415
2011-04-12,4.7177873,6.449116
2011-04-13,4.725613,6.4498177
2011-04-14,4.7349634,6.450519
2011-04-15,4.7458105,6.451221
2011-04-16,4.758126,6.4519224
2011-04-17,4.7718797,6.452624
2011-04-18,4.7870407,6.4533253
2011-04-19,4.803578,6.4540267
2011-04-20,4.8214574,6.454728
2011-04-21,4.840646,6.45543
2011-04-22,4.8611083,6.4561315
2011-04-23,4.8828087,6.456833
2011-04-24,4.9057107,6.4575343
2011-04-25,4.9297767,6.458236
2011-04-26,4.954968,6.4589376
2011-04-27,4.9812446,6.4596395
2011-04-28,5.0085664,6.460341
2011-04-29,5.036892,6.4610424
2011-04-30,5.0661798,6.4617443
2011-05-01,5.0963864,6.4624457
2011-05-02,5.1274686,6.4631476
2011-05-03,5.1593823,6.463849
2011-05-04,5.1920824,6.464551
2011-05-05,5.2255235,6.4652524
2011-05-06,5.25966,6.4659543
2011-05-07,5.294445,6.4666557
2011-05-08,5.3298335,6.4673576
2011-05-09,5.365779,6.4680595
2011-05-10,5.402234,6.468761
2011-05-11,5.439154,6.469463
2011-05-12,5.4764934,6.470165
2011-05-13,5.5142055,6.470866
2011-05-14,5.5522466,6.471568
2011-05-15,5.590572,6.47227
2011-05-16,5.629138,6.472972
2011-05-17,5.6679025,6.4736733
2011-05-18,5.706822,6.4743752
2011-05-19,5.7458553,6.475077
2011-05-20,5.784962,6.475779
2011-05-21,5.824102,6.476481
2011-05-22,5.863236,6.477183
2011-05-23,5.902326,6.477885
2011-05-24,5.941335,6.4785867
2011-05-25,5.9802275,6.4792886
2011-05-26,6.018968,6.4799905
2011-05-27,6.0575223,6.4806924
2011-05-28,6.095857,6.4813943
2011-05-29,6.13394,6.482096
2011-05-30,6.17174,6.482798
2011-05-31,6.209225,6.4835
2011-06-01,6.246365,6.484202
2011-06-02,6.283131,6.484904
2011-06-03,6.3194933,6.4856057
2011-06-04,6.355424,6.486308
2011-06-05,6.3908944,6.48701
2011-06-06,6.4258776,6.487712
2011-06-07,6.4603457,6.488414
2011-06-08,6.4942718,6.489116
2011-06-09,6.5276284,6.489818
2011-06-10,6.56039,6.49052
2011-06-11,6.5925283,6.4912224
2011-06-12,6.6240172,6.4919243
2011-06-13,6.65483,6.492626
2011-06-14,6.68494,6.4933286
2011-06-15,6.7143207,6.4940305
2011-06-16,6.7429457,6.494733
2011-06-17,6.77079,6.4954348
2011-06-18,6.797828,6.496137
2011-06-19,6.8240356,6.496839
2011-06-20,6.849389,6.4975414
2011-06-21,6.8738647,6.4982433
2011-06-22,6.8974414,6.4989457
2011-06-23,6.920098,6.499648
2011-06-24,6.941814,6.50035
2011-06-25,6.962571,6.5010524
2011-06-26,6.9823523,6.5017548
2011-06-27,7.0011406,6.5024567
2011-06-28,7.0189214,6.503159
2011-06-29,7.0356803,6.5038614
2011-06-30,7.051405,6.504564
2011-07-01,7.066083,6.5052657
2011-07-02,7.0797043,6.505968
2011-07-03,7.0922585,6.5066705
2011-07-04,7.1037374,6.507373
2011-07-05,7.114133,6.508075
2011-07-06,7.123438,6.5087776
2011-07-07,7.1316466,6.50948
2011-07-08,7.1387525,6.5101824
2011-07-09,7.144752,6.5108843
2011-07-10,7.1496406,6.5115867
2011-07-11,7.153415,6.512289
2011-07-12,7.156074,6.512992
2011-07-13,7.1576157,6.5136943
2011-07-14,7.1580386,6.5143967
2011-07-15,7.157344,6.515099
2011-07-16,7.155532,6.5158014
2011-07-17,7.1526046,6.516504
2011-07-18,7.148564,6.517206
2011-07-19,7.1434135,6.5179086
2011-07-20,7.137158,6.5186114
2011-07-21,7.1298018,6.519314
2011-07-22,7.121351,6.520016
2011-07-23,7.111811,6.5207186
2011-07-24,7.1011906,6.5214214
2011-07-25,7.089497,6.522124
2011-07-26,7.07674,6.522826
2011-07-27,7.0629287,6.523529
2011-07-28,7.0480747,6.5242314
2011-07-29,7.0321894,6.524934
2011-07-30,7.0152864,6.5256367
2011-07-31,6.997379,6.526339
2011-08-01,6.978481,6.527042
2011-08-02,6.9586086,6.5277443
2011-08-03,6.9377785,6.528447
2011-08-04,6.9160075,6.5291495
2011-08-05,6.8933144,6.5298524
2011-08-06,6.8697176,6.5305552
2011-08-07,6.8452377,6.5312576
2011-08-08,6.819895,6.5319605
2011-08-09,6.79371,6.532663
2011-08-10,6.766706,6.5333657
2011-08-11,6.738904,6.5340686
2011-08-12,6.7103276,6.534771
2011-08-13,6.681,6.535474
2011-08-14,6.6509457,6.5361767
2011-08-15,6.6201878,6.5368795
2011-08-16,6.5887513,6.5375824
2011-08-17,6.5566616,6.538285
2011-08-18,6.523944,6.5389876
2011-08-19,6.490625,6.5396905
2011-08-20,6.456732,6.5403934
2011-08-21,6.422291,6.541096
2011-08-22,6.38733,6.541799
2011-08-23,6.3518786,6.542502
2011-08-24,6.315964,6.543205
2011-08-25,6.279616,6.5439076
2011-08-26,6.2428627,6.5446105
2011-08-27,6.205734,6.5453134
2011-08-28,6.168259,6.546016
2011-08-29,6.130467,6.546719
2011-08-30,6.0923862,6.547422
2011-08-31,6.054046,6.548125
2011-09-01,6.0154753,6.5488276
2011-09-02,5.976701,6.549531
2011-09-03,5.937751,6.550234
2011-09-04,5.898652,6.5509367
2011-09-05,5.8594303,6.5516396
2011-09-06,5.8201118,6.552343
2011-09-07,5.780721,6.5530457
2011-09-08,5.741282,6.5537486
2011-09-09,5.701818,6.5544515
2011-09-10,5.6623516,6.555155
2011-09-11,5.6229043,6.5558577
2011-09-12,5.583497,6.556561
2011-09-13,5.5441494,6.557264
2011-09-14,5.5048814,6.5579667
2011-09-15,5.4657116,6.55867
2011-09-16,5.426658,6.559373
2011-09-17,5.3877387,6.560076
2011-09-18,5.34897,6.560779
2011-09-19,5.310369,6.5614824
2011-09-20,5.2719507,6.562186
2011-09-21,5.233731,6.5628886
2011-09-22,5.195723,6.563592
2011-09-23,5.157942,6.564295
2011-09-24,5.1204,6.564998
2011-09-25,5.0831094,6.5657015
2011-09-26,5.0460825,6.5664043
2011-09-27,5.0093303,6.5671077
2011-09-28,4.9728622,6.567811
2011-09-29,4.936688,6.5685143
2011-09-30,4.9008155,6.569217
2011-10-01,4.865253,6.5699205
2011-10-02,4.830006,6.570624
2011-10-03,4.7950816,6.571327
2011-10-04,4.7604833,6.5720305
2011-10-05,4.7262154,6.572734
2011-10-06,4.692281,6.573437
2011-10-07,4.658681,6.5741405
2011-10-08,4.625417,6.574844
2011-10-09,4.5924892,6.575547
2011-10-10,4.5598955,6.5762506
2011-10-11,4.527635,6.576954
2011-10-12,4.4957037,6.577657
2011-10-13,4.464099,6.5783606
2011-10-14,4.432815,6.579064
2011-10-15,4.4018483,6.579767
2011-10-16,4.3711925,6.5804706
2011-10-17,4.340841,6.581174
2011-10-18,4.3107877,6.581877
2011-10-19,4.281026,6.582581
2011-10-20,4.2515483,6.5832844
2011-10-21,4.2223473,6.5839877
2011-10-22,4.193415,6.584691
2011-10-23,4.1647444,6.585395
2011-10-24,4.1363273,6.586098
2011-10-25,4.108155,6.5868015
2011-10-26,4.0802197,6.5875053
2011-10-27,4.052514,6.5882087
2011-10-28,4.02503,6.5889125
2011-10-29,3.9977596,6.589616
2011-10-30,3.9706948,6.590319
2011-10-31,3.9438288,6.591023
2011-11-01,3.9171534,6.5917263
2011-11-02,3.8906615,6.59243
2011-11-03,3.8643458,6.5931334
2011-11-04,3.8381984,6.5938373
2011-11-05,3.8122122,6.594541
2011-11-06,3.7863803,6.5952444
2011-11-07,3.7606952,6.595948
2011-11-08,3.7351496,6.5966516
2011-11-09,3.7097368,6.5973554
2011-11-10,3.6844494,6.598059
2011-11-11,3.659281,6.598763
2011-11-12,3.6342247,6.5994663
2011-11-13,3.6092734,6.60017
2011-11-14,3.584421,6.600874
2011-11-15,3.559661,6.6015778
2011-11-16,3.5349872,6.602281
2011-11-17,3.5103934,6.602985
2011-11-18,3.4858737,6.6036887
2011-11-19,3.4614227,6.6043925
2011-11-20,3.437035,6.6050963
2011-11-21,3.4127066,6.6058
2011-11-22,3.388433,6.606504
2011-11-23,3.3642108,6.607208
2011-11-24,3.3400378,6.6079116
2011-11-25,3.3159115,6.6086154
2011-11-26,3.2918315,6.609319
2011-11-27,3.2677975,6.610023
2011-11-28,3.2438102,6.610727
2011-11-29,3.219871,6.6114306
2011-11-30,3.1959834,6.6121345
2011-12-01,3.1721501,6.6128383
2011-12-02,3.1483765,6.6135426
2011-12-03,3.124668,6.6142464
2011-12-04,3.1010313,6.61495
2011-12-05,3.0774744,6.615654
2011-12-06,3.0540063,6.6163583
2011-12-07,3.030637,6.617062
2011-12-08,3.007378,6.617766
2011-12-09,2.9842417,6.6184697
2011-12-10,2.9612417,6.619174
2011-12-11,2.9383922,6.619878
2011-12-12,2.9157093,6.620582
2011-12-13,2.893209,6.621286
2011-12-14,2.870909,6.6219897
2011-12-15,2.8488276,6.622694
2011-12-16,2.8269837,6.623398
2011-12-17,2.8053977,6.624102
2011-12-18,2.7840896,6.624806
2011-12-19,2.763081,6.62551
2011-12-20,2.742394,6.6262145
2011-12-21,2.7220507,6.6269183
2011-12-22,2.702074,6.6276226
2011-12-23,2.6824877,6.6283264
2011-12-24,2.6633158,6.6290307
2011-12-25,2.6445825,6.629735
2011-12-26,2.626313,6.630439
2011-12-27,2.608532,6.631143
2011-12-28,2.5912654,6.6318474
2011-12-29,2.574539,6.6325517
2011-12-30,2.5583792,6.6332555
2011-12-31,2.5428126,6.63396
2012-01-01,2.527866,6.634664
2012-01-02,2.5135663,6.6353683
2012-01-03,2.499941,6.6360726
2012-01-04,2.4870176,6.636777
2012-01-05,2.474824,6.637481
2012-01-06,2.4633873,6.6381855
2012-01-07,2.4527354,6.63889
2012-01-08,2.4428966,6.639594
2012-01-09,2.4338982,6.6402984
2012-01-10,2.4257684,6.6410027
2012-01-11,2.4185345,6.641707
2012-01-12,2.412224,6.642411
2012-01-13,2.4068646,6.6431155
2012-01-14,2.4024827,6.64382
2012-01-15,2.3991055,6.644524
2012-01-16,2.3967593,6.6452284
2012-01-17,2.39547,6.6459327
2012-01-18,2.395263,6.6466374
2012-01-19,2.3961632,6.6473417
2012-01-20,2.3981953,6.648046
2012-01-21,2.4013824,6.6487503
2012-01-22,2.405748,6.649455
2012-01-23,2.4113133,6.6501594
2012-01-24,2.4181,6.6508636
2012-01-25,2.4261284,6.6515684
2012-01-26,2.4354174,6.6522727
2012-01-27,2.445985,6.6529775
2012-01-28,2.457848,6.6536818
2012-01-29,2.4710221,6.654386
2012-01-30,2.485521,6.655091
2012-01-31,2.5013576,6.655795
2012-02-01,2.5185432,6.6565
2012-02-02,2.5370874,6.657204
2012-02-03,2.5569985,6.657909
2012-02-04,2.5782833,6.6586137
2012-02-05,2.600947,6.659318
2012-02-06,2.6249924,6.6600227
2012-02-07,2.6504219,6.660727
2012-02-08,2.6772356,6.661432
2012-02-09,2.7054317,6.6621366
2012-02-10,2.7350075,6.6628413
2012-02-11,2.765958,6.6635456
2012-02-12,2.7982771,6.6642504
2012-02-13,2.8319566,6.664955
2012-02-14,2.8669872,6.66566
2012-02-15,2.9033575,6.666364
2012-02-16,2.941055,6.667069
2012-02-17,2.9800656,6.6677737
2012-02-18,3.0203733,6.6684785
2012-02-19,3.0619607,6.6691833
2012-02-20,3.1048093,6.669888
2012-02-21,3.1488988,6.670593
2012-02-22,3.1942077,6.6712976
2012-02-23,3.2407124,6.6720023
2012-02-24,3.288389,6.672707
2012-02-25,3.3372114,6.673412
2012-02-26,3.3871527,6.6741166
2012-02-27,3.4381845,6.6748214
2012-02-28,3.4902775,6.675526
2012-02-29,3.5434012,6.676231
2012-03-01,3.5975237,6.6769357
2012-03-02,3.6526117,6.677641
2012-03-03,3.7086315,6.6783457
2012-03-04,3.7655478,6.6790504
2012-03-05,3.823324,6.679755
2012-03-06,3.8819227,6.6804605
2012-03-07,3.9413056,6.681165
2012-03-08,4.001433,6.68187
2012-03-09,4.0622644,6.6825747
2012-03-10,4.123759,6.68328
2012-03-11,4.185873,6.6839848
2012-03-12,4.2485642,6.68469
2012-03-13,4.3117876,6.685395
2012-03-14,4.3754983,6.6860995
2012-03-15,4.439651,6.686805
2012-03-16,4.504198,6.6875095
2012-03-17,4.569093,6.688215
2012-03-18,4.6342874,6.6889195
2012-03-19,4.699733,6.689625
2012-03-20,4.7653804,6.69033
2012-03-21,4.8311796,6.691035
2012-03-22,4.8970804,6.69174
2012-03-23,4.963033,6.692445
2012-03-24,5.028986,6.69315
2012-03-25,5.094888,6.6938553
2012-03-26,5.160688,6.69456
2012-03-27,5.226333,6.6952653
2012-03-28,5.2917724,6.6959705
2012-03-29,5.3569527,6.696676
2012-03-30,5.421822,6.6973805
2012-03-31,5.4863286,6.698086
2012-04-01,5.55042,6.698791
2012-04-02,5.614044,6.6994963
2012-04-03,5.6771502,6.7002015
2012-04-04,5.7396865,6.7009068
2012-04-05,5.8016024,6.701612
2012-04-06,5.8628488,6.702317
2012-04-07,5.9233756,6.7030225
2012-04-08,5.983135,6.7037277
2012-04-09,6.0420794,6.704433
2012-04-10,6.100163,6.705138
2012-04-11,6.1573396,6.7058434
2012-04-12,6.2135653,6.7065487
2012-04-13,6.268797,6.707254
2012-04-14,6.322993,6.707959
2012-04-15,6.376113,6.7086644
2012-04-16,6.4281173,6.7093697
2012-04-17,6.478969,6.710075
2012-04-18,6.5286317,6.7107806
2012-04-19,6.5770707,6.711486
2012-04-20,6.6242523,6.712191
2012-04-21,6.670145,6.7128963
2012-04-22,6.7147183,6.713602
2012-04-23,6.7579436,6.7143073
2012-04-24,6.7997947,6.7150126
2012-04-25,6.8402452,6.7157183
2012-04-26,6.8792715,6.7164235
2012-04-27,6.916851,6.7171288
2012-04-28,6.9529634,6.7178345
2012-04-29,6.987589,6.7185397
2012-04-30,7.02071,6.7192454
2012-05-01,7.0523105,6.7199507
2012-05-02,7.082376,6.7206564
2012-05-03,7.1108937,6.7213616
2012-05-04,7.1378527,6.7220674
2012-05-05,7.1632442,6.722773
2012-05-06,7.187061,6.7234783
2012-05-07,7.209297,6.724184
2012-05-08,7.22995,6.7248893
2012-05-09,7.249018,6.725595
2012-05-10,7.2665024,6.7263007
2012-05-11,7.282405,6.727006
2012-05-12,7.2967315,6.7277117
2012-05-13,7.3094883,6.7284174
2012-05-14,7.320686,6.729123
2012-05-15,7.3303347,6.729829
2012-05-16,7.338449,6.730534
2012-05-17,7.345045,6.73124
2012-05-18,7.3501406,6.7319455
2012-05-19,7.3537564,6.732651
2012-05-20,7.355915,6.733357
2012-05-21,7.356641,6.7340627
2012-05-22,7.35596,6.7347684
2012-05-23,7.3539014,6.735474
2012-05-24,7.350495,6.73618
2012-05-25,7.3457723,6.7368855
2012-05-26,7.339767,6.7375913
2012-05-27,7.332515,6.738297
2012-05-28,7.3240514,6.7390027
2012-05-29,7.3144145,6.7397084
2012-05-30,7.3036447,6.740414
2012-05-31,7.2917814,6.74112
2012-06-01,7.278867,6.741826
2012-06-02,7.2649446,6.742532
2012-06-03,7.250058,6.7432375
2012-06-04,7.234253,6.743943
2012-06-05,7.217576,6.744649
2012-06-06,7.2000737,6.745355
2012-06-07,7.1817956,6.746061
2012-06-08,7.162791,6.7467666
2012-06-09,7.1431093,6.747473
2012-06-10,7.122802,6.7481785
2012-06-11,7.101921,6.748884
2012-06-12,7.0805182,6.7495904
2012-06-13,7.058647,6.750296
2012-06-14,7.0363607,6.7510023
2012-06-15,7.0137124,6.751708
2012-06-16,6.990756,6.752414
2012-06-17,6.967545,6.75312
2012-06-18,6.9441333,6.753826
2012-06-19,6.9205737,6.754532
2012-06-20,6.8969193,6.755238
2012-06-21,6.873223,6.7559443
2012-06-22,6.8495364,6.75665
2012-06-23,6.8259106,6.757356
2012-06-24,6.8023963,6.7580624
2012-06-25,6.7790422,6.758768
2012-06-26,6.755898,6.7594743
2012-06-27,6.73301,6.7601805
2012-06-28,6.710425,6.7608867
2012-06-29,6.688188,6.7615924
2012-06-30,6.666344,6.7622986
2012-07-01,6.6449356,6.763005
2012-07-02,6.624005,6.763711
2012-07-03,6.6035924,6.764417
2012-07-04,6.583739,6.7651234
2012-07-05,6.564482,6.7658296
2012-07-06,6.5458603,6.7665353
2012-07-07,6.52791,6.7672415
2012-07-08,6.5106664,6.7679477
2012-07-09,6.494163,6.768654
2012-07-10,6.478432,6.76936
2012-07-11,6.4635053,6.7700667
2012-07-12,6.449412,6.770773
2012-07-13,6.436179,6.771479
2012-07-14,6.423834,6.7721853
2012-07-15,6.4124002,6.7728915
2012-07-16,6.4019012,6.7735977
2012-07-17,6.3923564,6.774304
2012-07-18,6.383785,6.7750106
2012-07-19,6.3762026,6.775717
2012-07-20,6.3696227,6.776423
2012-07-21,6.3640566,6.777129
2012-07-22,6.3595138,6.777836
2012-07-23,6.356,6.778542
2012-07-24,6.353519,6.779248
2012-07-25,6.352072,6.779955
2012-07-26,6.351657,6.780661
2012-07-27,6.3522716,6.7813673
2012-07-28,6.3539095,6.782074
2012-07-29,6.356563,6.78278
2012-07-30,6.360222,6.783487
2012-07-31,6.3648744,6.784193
2012-08-01,6.370507,6.7848997
2012-08-02,6.377104,6.785606
2012-08-03,6.3846483,6.7863126
2012-08-04,6.3931212,6.787019
2012-08-05,6.4025025,6.7877254
2012-08-06,6.412771,6.788432
2012-08-07,6.423904,6.7891383
2012-08-08,6.4358773,6.789845
2012-08-09,6.4486666,6.7905517
2012-08-10,6.462245,6.791258
2012-08-11,6.476586,6.7919645
2012-08-12,6.4916615,6.792671
2012-08-13,6.507443,6.793378
2012-08-14,6.5239015,6.794084
2012-08-15,6.5410066,6.7947907
2012-08-16,6.558728,6.7954974
2012-08-17,6.577035,6.796204
2012-08-18,6.5958953,6.796911
2012-08-19,6.615278,6.7976174
2012-08-20,6.635149,6.798324
2012-08-21,6.655477,6.799031
2012-08-22,6.6762276,6.7997375
2012-08-23,6.697368,6.800444
2012-08-24,6.718865,6.801151
2012-08-25,6.740684,6.8018575
2012-08-26,6.7627916,6.802564
2012-08-27,6.7851543,6.803271
2012-08-28,6.8077374,6.8039775
2012-08-29,6.8305078,6.804684
2012-08-30,6.8534317,6.805391
2012-08-31,6.876476,6.8060975
2012-09-01,6.899606,6.8068047
2012-09-02,6.9227896,6.8075113
2012-09-03,6.9459934,6.808218
2012-09-04,6.969184,6.8089247
2012-09-05,6.992329,6.809632
2012-09-06,7.0153966,6.8103385
2012-09-07,7.0383544,6.811045
2012-09-08,7.0611706,6.8117523
2012-09-09,7.0838137,6.812459
2012-09-10,7.106253,6.8131657
2012-09-11,7.1284585,6.813873
2012-09-12,7.1504,6.8145795
2012-09-13,7.1720476,6.8152866
2012-09-14,7.1933727,6.8159933
2012-09-15,7.2143455,6.8167005
2012-09-16,7.234939,6.817407
2012-09-17,7.2551246,6.8181143
2012-09-18,7.2748756,6.818821
2012-09-19,7.2941656,6.819528
2012-09-20,7.3129687,6.820235
2012-09-21,7.3312607,6.820942
2012-09-22,7.349017,6.821649
2012-09-23,7.366215,6.8223557
2012-09-24,7.382833,6.823063
2012-09-25,7.3988495,6.82377
2012-09-26,7.4142447,6.824477
2012-09-27,7.4290004,6.825184
2012-09-28,7.443099,6.825891
2012-09-29,7.4565244,6.826598
2012-09-30,7.4692626,6.8273053
2012-10-01,7.4813,6.8280125
2012-10-02,7.4926248,6.8287196
2012-10-03,7.503227,6.8294263
2012-10-04,7.5130997,6.8301334
2012-10-05,7.522235,6.8308406
2012-10-06,7.530628,6.8315477
2012-10-07,7.538277,6.832255
2012-10-08,7.545181,6.832962
2012-10-09,7.55134,6.833669
2012-10-10,7.5567584,6.8343763
2012-10-11,7.5614414,6.8350835
2012-10-12,7.5653963,6.835791
2012-10-13,7.5686326,6.8364983
2012-10-14,7.571162,6.8372054
2012-10-15,7.5729985,6.8379126
2012-10-16,7.5741577,6.8386197
2012-10-17,7.5746574,6.839327
2012-10-18,7.5745173,6.8400345
2012-10-19,7.573758,6.8407416
2012-10-20,7.5724044,6.841449
2012-10-21,7.570481,6.842156
2012-10-22,7.568014,6.8428636
2012-10-23,7.565033,6.8435707
2012-10-24,7.5615673,6.844278
2012-10-25,7.5576477,6.8449855
2012-10-26,7.553307,6.8456926
2012-10-27,7.5485787,6.8464003
2012-10-28,7.5434966,6.8471074
2012-10-29,7.5380955,6.847815
2012-10-30,7.532412,6.848522
2012-10-31,7.5264826,6.84923
2012-11-01,7.5203433,6.849937
2012-11-02,7.514032,6.8506446
2012-11-03,7.5075865,6.8513517
2012-11-04,7.501044,6.8520594
2012-11-05,7.494443,6.8527665
2012-11-06,7.487821,6.853474
2012-11-07,7.4812174,6.854182
2012-11-08,7.474669,6.854889
2012-11-09,7.468214,6.8555965
2012-11-10,7.46189,6.856304
2012-11-11,7.4557347,6.857012
2012-11-12,7.449785,6.857719
2012-11-13,7.4440775,6.8584266
2012-11-14,7.438648,6.859134
2012-11-15,7.4335327,6.859842
2012-11-16,7.4287663,6.8605494
2012-11-17,7.424383,6.861257
2012-11-18,7.4204183,6.8619647
2012-11-19,7.4169035,6.862672
2012-11-20,7.4138727,6.8633795
2012-11-21,7.4113564,6.864087
2012-11-22,7.409387,6.8647947
2012-11-23,7.4079947,6.8655024
2012-11-24,7.407209,6.86621
2012-11-25,7.4070582,6.8669176
2012-11-26,7.4075713,6.8676257
2012-11-27,7.408776,6.8683333
2012-11-28,7.410697,6.869041
2012-11-29,7.4133606,6.8697486
2012-11-30,7.4167905,6.870456
2012-12-01,7.421011,6.871164
2012-12-02,7.426043,6.871872
2012-12-03,7.4319086,6.8725796
2012-12-04,7.4386272,6.873287
2012-12-05,7.4462175,6.873995
2012-12-06,7.454697,6.874703
2012-12-07,7.464082,6.8754106
2012-12-08,7.474386,6.876118
2012-12-09,7.485624,6.8768263
2012-12-10,7.497807,6.877534
2012-12-11,7.5109468,6.8782415
2012-12-12,7.525052,6.8789496
2012-12-13,7.5401316,6.8796573
2012-12-14,7.5561914,6.8803654
2012-12-15,7.5732374,6.881073
2012-12-16,7.591273,6.881781
2012-12-17,7.6103005,6.8824887
2012-12-18,7.6303215,6.883197
2012-12-19,7.6513357,6.883905
2012-12-20,7.6733413,6.8846126
2012-12-21,7.6963353,6.8853207
2012-12-22,7.7203135,6.8860283
2012-12-23,7.74527,6.8867364
2012-12-24,7.7711973,6.8874445
2012-12-25,7.798087,6.8881526
2012-12-26,7.8259296,6.88886
2012-12-27,7.854714,6.8895683
2012-12-28,7.8844285,6.8902764
2012-12-29,7.915059,6.8909845
2012-12-30,7.9465914,6.8916926
2012-12-31,7.97901,6.8924003
2013-01-01,8.012298,6.8931084
2013-01-02,8.046437,6.8938165
2013-01-03,8.081409,6.8945246
2013-01-04,8.117194,6.8952327
2013-01-05,8.1537695,6.895941
2013-01-06,8.191114,6.896649
2013-01-07,8.229204,6.897357
2013-01-08,8.268015,6.898065
2013-01-09,8.30752,6.898773
2013-01-10,8.347692,6.8994813
2013-01-11,8.388501,6.9001894
2013-01-12,8.429919,6.9008975
2013-01-13,8.471915,6.9016056
2013-01-14,8.514455,6.902314
2013-01-15,8.557506,6.9030223
2013-01-16,8.601032,6.9037304
2013-01-17,8.645,6.9044385
2013-01-18,8.689372,6.905147
2013-01-19,8.734109,6.905855
2013-01-20,8.779175,6.9065633
2013-01-21,8.82453,6.9072714
2013-01-22,8.870133,6.90798
2013-01-23,8.915946,6.908688
2013-01-24,8.961926,6.909396
2013-01-25,9.008034,6.9101048
2013-01-26,9.054225,6.910813
2013-01-27,9.10046,6.9115214
2013-01-28,9.146695,6.9122295
2013-01-29,9.192888,6.912938
2013-01-30,9.238997,6.913646
2013-01-31,9.284977,6.914355
2013-02-01,9.330787,6.915063
2013-02-02,9.376381,6.9157715
2013-02-03,9.421717,6.9164796
2013-02-04,9.466751,6.917188
2013-02-05,9.511438,6.9178967
2013-02-06,9.555737,6.918605
2013-02-07,9.599601,6.9193134
2013-02-08,9.642987,6.920022
2013-02-09,9.685851,6.9207306
2013-02-10,9.72815,6.9214387
2013-02-11,9.769839,6.9221473
2013-02-12,9.810877,6.922856
2013-02-13,9.851218,6.9235644
2013-02-14,9.890823,6.924273
2013-02-15,9.929648,6.924981
2013-02-16,9.967653,6.9256897
2013-02-17,10.004799,6.9263983
2013-02-18,10.041044,6.927107
2013-02-19,10.07635,6.9278154
2013-02-20,10.110682,6.928524
2013-02-21,10.143999,6.9292326
2013-02-22,10.176269,6.929941
2013-02-23,10.207455,6.9306498
2013-02-24,10.237525,6.9313583
2013-02-25,10.266446,6.932067
2013-02-26,10.294188,6.9327755
2013-02-27,10.32072,6.9334846
2013-02-28,10.346012,6.934193
2013-03-01,10.370038,6.9349017
2013-03-02,10.392772,6.9356103
2013-03-03,10.414188,6.936319
2013-03-04,10.434264,6.9370275
2013-03-05,10.452978,6.9377365
2013-03-06,10.470308,6.938445
2013-03-07,10.486236,6.9391537
2013-03-08,10.500743,6.9398627
2013-03-09,10.513815,6.9405713
2013-03-10,10.525436,6.94128
2013-03-11,10.535595,6.941989
2013-03-12,10.544279,6.9426975
2013-03-13,10.551478,6.9434066
2013-03-14,10.557187,6.944115
2013-03-15,10.561398,6.944824
2013-03-16,10.564106,6.945533
2013-03-17,10.565309,6.946242
2013-03-18,10.565004,6.9469504
2013-03-19,10.563193,6.9476595
2013-03-20,10.559877,6.948368
2013-03-21,10.5550585,6.949077
2013-03-22,10.548743,6.949786
2013-03-23,10.540937,6.950495
2013-03-24,10.531648,6.951204
2013-03-25,10.5208845,6.951913
2013-03-26,10.508657,6.9526215
2013-03-27,10.49498,6.9533305
2013-03-28,10.479864,6.9540396
2013-03-29,10.463325,6.9547486
2013-03-30,10.445377,6.955457
2013-03-31,10.42604,6.9561663
2013-04-01,10.405329,6.9568753
2013-04-02,10.383264,6.9575844
2013-04-03,10.359865,6.9582934
2013-04-04,10.335153,6.9590025
2013-04-05,10.309151,6.9597116
2013-04-06,10.28188,6.9604206
2013-04-07,10.253366,6.9611297
2013-04-08,10.223635,6.9618387
2013-04-09,10.192711,6.962548
2013-04-10,10.160624,6.963257
2013-04-11,10.127399,6.963966
2013-04-12,10.093069,6.964675
2013-04-13,10.057664,6.965384
2013-04-14,10.021214,6.966093
2013-04-15,9.983752,6.966802
2013-04-16,9.9453125,6.967511
2013-04-17,9.90593,6.9682207
2013-04-18,9.86564,6.96893
2013-04-19,9.824477,6.969639
2013-04-20,9.782482,6.970348
2013-04-21,9.739691,6.9710574
2013-04-22,9.696141,6.9717665
2013-04-23,9.651875,6.9724755
2013-04-24,9.606928,6.973185
2013-04-25,9.561344,6.973894
2013-04-26,9.5151615,6.9746037
2013-04-27,9.468423,6.9753127
2013-04-28,9.421169,6.976022
2013-04-29,9.373442,6.9767313
2013-04-30,9.325284,6.9774404
2013-05-01,9.276737,6.97815
2013-05-02,9.227845,6.978859
2013-05-03,9.17865,6.9795685
2013-05-04,9.129194,6.980278
2013-05-05,9.079522,6.980987
2013-05-06,9.029673,6.9816966
2013-05-07,8.97969,6.9824057
2013-05-08,8.929614,6.983115
2013-05-09,8.879484,6.9838247
2013-05-10,8.829341,6.984534
2013-05-11,8.779222,6.9852433
2013-05-12,8.729163,6.985953
2013-05-13,8.679203,6.9866624
2013-05-14,8.629374,6.987372
2013-05-15,8.57971,6.988081
2013-05-16,8.530244,6.9887905
2013-05-17,8.481006,6.9895
2013-05-18,8.432026,6.9902096
2013-05-19,8.383333,6.990919
2013-05-20,8.334954,6.9916286
2013-05-21,8.286917,6.992338
2013-05-22,8.239245,6.9930477
2013-05-23,8.191965,6.9937572
2013-05-24,8.145099,6.994467
2013-05-25,8.098669,6.9951763
2013-05-26,8.0527,6.995886
2013-05-27,8.007213,6.9965954
2013-05-28,7.9622283,6.997305
2013-05-29,7.917768,6.9980145
2013-05-30,7.873853,6.998724
2013-05-31,7.830504,6.9994335
2013-06-01,7.78774,7.0001435
2013-06-02,7.7455826,7.000853
2013-06-03,7.7040505,7.0015626
2013-06-04,7.6631637,7.002272
2013-06-05,7.622941,7.002982
2013-06-06,7.5834017,7.0036917
2013-06-07,7.544564,7.004401
2013-06-08,7.5064454,7.005111
2013-06-09,7.4690647,7.0058208
2013-06-10,7.432438,7.0065303
2013-06-11,7.396582,7.0072403
2013-06-12,7.3615127,7.00795
2013-06-13,7.3272457,7.00866
2013-06-14,7.293795,7.0093694
2013-06-15,7.2611756,7.0100794
2013-06-16,7.229399,7.010789
2013-06-17,7.198479,7.011499
2013-06-18,7.168426,7.0122085
2013-06-19,7.1392503,7.0129185
2013-06-20,7.1109624,7.013628
2013-06-21,7.0835695,7.014338
2013-06-22,7.0570803,7.015048
2013-06-23,7.031501,7.0157576
2013-06-24,7.0068364,7.0164676
2013-06-25,6.983091,7.0171776
2013-06-26,6.9602666,7.0178876
2013-06-27,6.938366,7.018597
2013-06-28,6.9173875,7.019307
2013-06-29,6.8973308,7.020017
2013-06-30,6.8781915,7.020727
2013-07-01,6.859966,7.021437
2013-07-02,6.842646,7.022147
2013-07-03,6.8262243,7.0228567
2013-07-04,6.810691,7.0235667
2013-07-05,6.7960334,7.0242767
2013-07-06,6.7822394,7.0249867
2013-07-07,6.769293,7.0256968
2013-07-08,6.757179,7.026407
2013-07-09,6.7458787,7.027117
2013-07-10,6.735375,7.027827
2013-07-11,6.725647,7.028537
2013-07-12,6.716675,7.029247
2013-07-13,6.7084365,7.0299573
2013-07-14,6.7009106,7.0306673
2013-07-15,6.6940746,7.0313773
2013-07-16,6.687906,7.0320873
2013-07-17,6.682381,7.0327973
2013-07-18,6.677477,7.033508
2013-07-19,6.67317,7.034218
2013-07-20,6.669437,7.034928
2013-07-21,6.666254,7.035638
2013-07-22,6.6635976,7.0363483
2013-07-23,6.661445,7.0370584
2013-07-24,6.659773,7.0377684
2013-07-25,6.658558,7.038479
2013-07-26,6.657777,7.039189
2013-07-27,6.6574073,7.0398993
2013-07-28,6.657425,7.0406094
2013-07-29,6.6578064,7.0413194
2013-07-30,6.6585283,7.04203
2013-07-31,6.6595654,7.04274
2013-08-01,6.660894,7.0434504
2013-08-02,6.662488,7.044161
2013-08-03,6.6643214,7.044871
2013-08-04,6.666369,7.0455813
2013-08-05,6.668602,7.0462914
2013-08-06,6.670994,7.047002
2013-08-07,6.673515,7.0477123
2013-08-08,6.6761374,7.0484223
2013-08-09,6.678831,7.049133
2013-08-10,6.681566,7.0498433
2013-08-11,6.684313,7.050554
2013-08-12,6.6870394,7.051264
2013-08-13,6.689716,7.0519743
2013-08-14,6.6923103,7.052685
2013-08-15,6.6947927,7.0533953
2013-08-16,6.697132,7.0541058
2013-08-17,6.6992984,7.054816
2013-08-18,6.7012615,7.0555263
2013-08-19,6.7029924,7.0562367
2013-08-20,6.704463,7.056947
2013-08-21,6.705646,7.0576577
2013-08-22,6.7065144,7.058368
2013-08-23,6.7070436,7.0590787
2013-08-24,6.7072096,7.059789
2013-08-25,6.706989,7.0604997
2013-08-26,6.7063603,7.06121
2013-08-27,6.7053046,7.061921
2013-08-28,6.703802,7.0626316
2013-08-29,6.7018356,7.063342
2013-08-30,6.69939,7.0640526
2013-08-31,6.6964498,7.064763
2013-09-01,6.6930027,7.0654736
2013-09-02,6.689036,7.0661845
2013-09-03,6.6845403,7.066895
2013-09-04,6.679506,7.0676055
2013-09-05,6.6739254,7.068316
2013-09-06,6.667793,7.069027
2013-09-07,6.661103,7.0697374
2013-09-08,6.6538525,7.0704484
2013-09-09,6.6460395,7.071159
2013-09-10,6.6376634,7.0718694
2013-09-11,6.628725,7.0725803
2013-09-12,6.6192274,7.073291
2013-09-13,6.609175,7.074002
2013-09-14,6.598573,7.0747123
2013-09-15,6.587429,7.0754232
2013-09-16,6.5757523,7.0761337
2013-09-17,6.5635524,7.0768447
2013-09-18,6.5508413,7.077555
2013-09-19,6.537633,7.078266
2013-09-20,6.523941,7.078977
2013-09-21,6.5097823,7.0796876
2013-09-22,6.4951725,7.0803986
2013-09-23,6.4801297,7.0811095
2013-09-24,6.4646726,7.08182
2013-09-25,6.4488196,7.082531
2013-09-26,6.4325914,7.083242
2013-09-27,6.416008,7.083953
2013-09-28,6.3990903,7.0846634
2013-09-29,6.381859,7.0853744
2013-09-30,6.3643355,7.0860853
2013-10-01,6.3465414,7.0867963
2013-10-02,6.3284984,7.0875072
2013-10-03,6.310228,7.088218
2013-10-04,6.291752,7.088929
2013-10-05,6.2730923,7.08964
2013-10-06,6.254271,7.090351
2013-10-07,6.235309,7.091062
2013-10-08,6.216228,7.091773
2013-10-09,6.1970496,7.092484
2013-10-10,6.177795,7.093195
2013-10-11,6.1584845,7.093906
2013-10-12,6.139139,7.094617
2013-10-13,6.1197796,7.095328
2013-10-14,6.1004252,7.096039
2013-10-15,6.0810966,7.0967503
2013-10-16,6.0618124,7.097461
2013-10-17,6.042592,7.098172
2013-10-18,6.023453,7.098883
2013-10-19,6.004414,7.0995946
2013-10-20,5.985492,7.1003056
2013-10-21,5.966704,7.1010165
2013-10-22,5.948065,7.1017275
2013-10-23,5.9295917,7.102439
2013-10-24,5.9112983,7.10315
2013-10-25,5.8932004,7.1038613
2013-10-26,5.875312,7.1045723
2013-10-27,5.8576465,7.1052833
2013-10-28,5.840218,7.1059947
2013-10-29,5.8230405,7.1067057
2013-10-30,5.8061275,7.107417
2013-10-31,5.7894917,7.108128
2013-11-01,5.773147,7.1088395
2013-11-02,5.7571073,7.109551
2013-11-03,5.7413855,7.110262
2013-11-04,5.725996,7.1109734
2013-11-05,5.7109523,7.1116843
2013-11-06,5.6962686,7.112396
2013-11-07,5.681959,7.113107
2013-11-08,5.668039,7.1138186
2013-11-09,5.654522,7.1145296
2013-11-10,5.6414237,7.115241
2013-11-11,5.628759,7.1159525
2013-11-12,5.6165423,7.116664
2013-11-13,5.6047897,7.117375
2013-11-14,5.593516,7.1180863
2013-11-15,5.5827355,7.118798
2013-11-16,5.572464,7.119509
2013-11-17,5.562715,7.1202207
2013-11-18,5.553503,7.120932
2013-11-19,5.5448422,7.1216435
2013-11-20,5.536745,7.122355
2013-11-21,5.529225,7.1230664
2013-11-22,5.5222936,7.123778
2013-11-23,5.515963,7.1244893
2013-11-24,5.510243,7.1252007
2013-11-25,5.5051436,7.125912
2013-11-26,5.500674,7.1266236
2013-11-27,5.4968414,7.127335
2013-11-28,5.4936543,7.1280465
2013-11-29,5.4911175,7.128758
2013-11-30,5.489237,7.12947
2013-12-01,5.4880166,7.1301813
2013-12-02,5.4874597,7.1308928
2013-12-03,5.487569,7.131604
2013-12-04,5.488344,7.132316
2013-12-05,5.489787,7.1330276
2013-12-06,5.491895,7.133739
2013-12-07,5.494667,7.134451
2013-12-08,5.4981,7.1351624
2013-12-09,5.5021887,7.135874
2013-12-10,5.506928,7.1365857
2013-12-11,5.512311,7.137297
2013-12-12,5.51833,7.138009
2013-12-13,5.524976,7.1387205
2013-12-14,5.532238,7.1394324
2013-12-15,5.540105,7.140144
2013-12-16,5.5485635,7.140856
2013-12-17,5.557601,7.141567
2013-12-18,5.5672016,7.142279
2013-12-19,5.5773497,7.1429906
2013-12-20,5.588028,7.1437025
2013-12-21,5.599219,7.1444144
2013-12-22,5.6109033,7.145126
2013-12-23,5.623061,7.145838
2013-12-24,5.635672,7.1465497
2013-12-25,5.6487155,7.1472616
2013-12-26,5.662168,7.147973
2013-12-27,5.6760077,7.148685
2013-12-28,5.6902113,7.149397
2013-12-29,5.7047544,7.150109
2013-12-30,5.719613,7.1508207
2013-12-31,5.7347627,7.151532
2014-01-01,5.7501783,7.152244
2014-01-02,5.7658343,7.152956
2014-01-03,5.7817054,7.153668
2014-01-04,5.797766,7.15438
2014-01-05,5.813991,7.155092
2014-01-06,5.8303537,7.1558037
2014-01-07,5.8468294,7.1565156
2014-01-08,5.863392,7.1572275
2014-01-09,5.880016,7.1579394
2014-01-10,5.896676,7.1586514
2014-01-11,5.9133477,7.1593637
2014-01-12,5.9300065,7.1600757
2014-01-13,5.9466276,7.1607876
2014-01-14,5.9631867,7.1614995
2014-01-15,5.9796615,7.1622114
2014-01-16,5.996028,7.1629233
2014-01-17,6.0122633,7.1636357
2014-01-18,6.028346,7.1643476
2014-01-19,6.044254,7.1650596
2014-01-20,6.059965,7.165772
2014-01-21,6.0754595,7.166484
2014-01-22,6.0907164,7.167196
2014-01-23,6.105716,7.167908
2014-01-24,6.1204405,7.16862
2014-01-25,6.1348696,7.169332
2014-01-26,6.1489863,7.1700444
2014-01-27,6.1627736,7.1707563
2014-01-28,6.1762147,7.1714687
2014-01-29,6.189294,7.1721807
2014-01-30,6.2019963,7.172893
2014-01-31,6.214308,7.173605
2014-02-01,6.226215,7.1743174
2014-02-02,6.237705,7.1750298
2014-02-03,6.2487674,7.1757417
2014-02-04,6.2593913,7.176454
2014-02-05,6.2695665,7.1771665
2014-02-06,6.279286,7.1778784
2014-02-07,6.288541,7.178591
2014-02-08,6.2973256,7.179303
2014-02-09,6.305635,7.180015
2014-02-10,6.313464,7.1807275
2014-02-11,6.32081,7.18144
2014-02-12,6.32767,7.1821523
2014-02-13,6.3340425,7.1828647
2014-02-14,6.3399267,7.1835766
2014-02-15,6.3453226,7.184289
2014-02-16,6.3502316,7.1850014
2014-02-17,6.3546553,7.185714
2014-02-18,6.3585963,7.186426
2014-02-19,6.362058,7.1871386
2014-02-20,6.3650446,7.187851
2014-02-21,6.367561,7.1885633
2014-02-22,6.369612,7.1892757
2014-02-23,6.371206,7.189988
2014-02-24,6.3723483,7.1907005
2014-02-25,6.3730483,7.191413
2014-02-26,6.373314,7.192126
2014-02-27,6.373155,7.192838
2014-02-28,6.3725815,7.1935506
2014-03-01,6.371604,7.194263
2014-03-02,6.370234,7.1949754
2014-03-03,6.3684835,7.195688
2014-03-04,6.3663654,7.1964006
2014-03-05,6.3638926,7.197113
2014-03-06,6.3610787,7.1978254
2014-03-07,6.3579383,7.1985383
2014-03-08,6.3544855,7.1992507
2014-03-09,6.350736,7.199963
2014-03-10,6.3467054,7.200676
2014-03-11,6.342409,7.2013884
2014-03-12,6.3378644,7.202101
2014-03-13,6.3330874,7.2028136
2014-03-14,6.328095,7.2035265
2014-03-15,6.3229046,7.204239
2014-03-16,6.3175344,7.204952
2014-03-17,6.3120027,7.205664
2014-03-18,6.306327,7.206377
2014-03-19,6.300527,7.2070894
2014-03-20,6.294622,7.2078023
2014-03-21,6.2886314,7.2085147
2014-03-22,6.282575,7.2092276
2014-03-23,6.2764735,7.2099404
2014-03-24,6.2703466,7.2106533
2014-03-25,6.2642164,7.2113657
2014-03-26,6.258104,7.2120786
2014-03-27,6.2520304,7.2127914
2014-03-28,6.2460184,7.2135043
2014-03-29,6.240091,7.2142167
2014-03-30,6.234271,7.2149296
2014-03-31,6.228583,7.2156425
2014-04-01,6.223051,7.2163553
2014-04-02,6.2176995,7.217068
2014-04-03,6.212554,7.217781
2014-04-04,6.207639,7.218494
2014-04-05,6.202981,7.219207
2014-04-06,6.1986046,7.2199197
2014-04-07,6.194535,7.2206326
2014-04-08,6.190797,7.2213454
2014-04-09,6.187415,7.2220583
2014-04-10,6.1844134,7.222771
2014-04-11,6.181815,7.223484
2014-04-12,6.1796427,7.224197
2014-04-13,6.1779175,7.22491
2014-04-14,6.17666,7.2256227
2014-04-15,6.1758904,7.2263355
2014-04-16,6.1756277,7.227049
2014-04-17,6.1758885,7.2277617
2014-04-18,6.1766896,7.2284746
2014-04-19,6.1780467,7.2291875
2014-04-20,6.1799746,7.229901
2014-04-21,6.1824865,7.2306137
2014-04-22,6.185595,7.2313266
2014-04-23,6.1893125,7.23204
2014-04-24,6.19365,7.232753
2014-04-25,6.1986175,7.2334657
2014-04-26,6.2042246,7.234179
2014-04-27,6.21048,7.234892
2014-04-28,6.217392,7.2356052
2014-04-29,6.224967,7.236318
2014-04-30,6.2332115,7.2370315
2014-05-01,6.242131,7.2377443
2014-05-02,6.2517314,7.2384577
2014-05-03,6.262015,7.2391706
2014-05-04,6.272986,7.239884
2014-05-05,6.284646,7.2405972
2014-05-06,6.2969966,7.24131
2014-05-07,6.3100395,7.2420235
2014-05-08,6.323774,7.242737
2014-05-09,6.338199,7.2434497
2014-05-10,6.3533134,7.244163
2014-05-11,6.3691154,7.2448764
2014-05-12,6.385601,7.2455897
2014-05-13,6.4027667,7.2463026
2014-05-14,6.4206085,7.247016
2014-05-15,6.4391203,7.2477293
2014-05-16,6.458296,7.2484426
2014-05-17,6.4781275,7.249156
2014-05-18,6.498608,7.2498693
2014-05-19,6.5197287,7.2505827
2014-05-20,6.541478,7.2512956
2014-05-21,6.5638466,7.252009
2014-05-22,6.586822,7.2527223
2014-05-23,6.6103916,7.2534356
2014-05-24,6.6345425,7.2541494
2014-05-25,6.6592593,7.254863
2014-05-26,6.6845274,7.255576
2014-05-27,6.7103305,7.2562895
2014-05-28,6.736651,7.257003
2014-05-29,6.7634706,7.257716
2014-05-30,6.7907705,7.2584295
2014-05-31,6.81853,7.259143
2014-06-01,6.8467293,7.2598567
2014-06-02,6.8753457,7.26057
2014-06-03,6.9043574,7.2612834
2014-06-04,6.9337406,7.2619967
2014-06-05,6.963472,7.2627106
2014-06-06,6.9935265,7.263424
2014-06-07,7.0238795,7.2641373
2014-06-08,7.054506,7.264851
2014-06-09,7.085379,7.2655644
2014-06-10,7.116473,7.266278
2014-06-11,7.147762,7.2669916
2014-06-12,7.1792192,7.267705
2014-06-13,7.2108183,7.268419
2014-06-14,7.2425327,7.269132
2014-06-15,7.2743363,7.269846
2014-06-16,7.3062034,7.2705593
2014-06-17,7.338108,7.271273
2014-06-18,7.3700247,7.271987
2014-06-19,7.401929,7.2727003
2014-06-20,7.4337964,7.273414
2014-06-21,7.465604,7.2741275
2014-06-22,7.497328,7.2748413
2014-06-23,7.528947,7.275555
2014-06-24,7.560439,7.276269
2014-06-25,7.591785,7.2769823
2014-06-26,7.622964,7.277696
2014-06-27,7.653959,7.27841
2014-06-28,7.6847515,7.279124
2014-06-29,7.7153263,7.279837
2014-06-30,7.745668,7.280551
2014-07-01,7.7757626,7.281265
2014-07-02,7.8055973,7.2819786
2014-07-03,7.8351607,7.2826924
2014-07-04,7.8644414,7.2834063
2014-07-05,7.8934307,7.28412
2014-07-06,7.922119,7.284834
2014-07-07,7.9504986,7.2855477
2014-07-08,7.978562,7.2862616
2014-07-09,8.006303,7.2869754
2014-07-10,8.033715,7.287689
2014-07-11,8.060794,7.288403
2014-07-12,8.087533,7.289117
2014-07-13,8.113929,7.2898307
2014-07-14,8.139977,7.2905445
2014-07-15,8.165674,7.291259
2014-07-16,8.191017,7.2919726
2014-07-17,8.2160015,7.2926865
2014-07-18,8.240625,7.2934003
2014-07-19,8.264887,7.2941146
2014-07-20,8.288783,7.2948284
2014-07-21,8.312313,7.2955422
2014-07-22,8.335475,7.2962565
2014-07-23,8.358267,7.2969704
2014-07-24,8.380688,7.297684
2014-07-25,8.402737,7.2983985
2014-07-26,8.424411,7.2991123
2014-07-27,8.44571,7.2998266
2014-07-28,8.466634,7.3005404
2014-07-29,8.487179,7.3012543
2014-07-30,8.507344,7.3019686
2014-07-31,8.527128,7.302683
2014-08-01,8.546528,7.3033967
2014-08-02,8.565541,7.304111
2014-08-03,8.584165,7.304825
2014-08-04,8.602395,7.305539
2014-08-05,8.620228,7.306253
2014-08-06,8.637661,7.3069673
2014-08-07,8.654688,7.3076816
2014-08-08,8.671305,7.308396
2014-08-09,8.687507,7.3091097
2014-08-10,8.703288,7.309824
2014-08-11,8.718643,7.3105383
2014-08-12,8.733568,7.3112526
2014-08-13,8.748057,7.3119664
2014-08-14,8.762106,7.3126807
2014-08-15,8.775708,7.313395
2014-08-16,8.788861,7.3141093
2014-08-17,8.80156,7.3148236
2014-08-18,8.813802,7.315538
2014-08-19,8.825582,7.316252
2014-08-20,8.836896,7.3169665
2014-08-21,8.847743,7.317681
2014-08-22,8.858117,7.318395
2014-08-23,8.868017,7.3191094
2014-08-24,8.877439,7.3198237
2014-08-25,8.886377,7.320538
2014-08-26,8.89483,7.3212523
2014-08-27,8.902791,7.3219666
2014-08-28,8.910256,7.322681
2014-08-29,8.917221,7.3233953
2014-08-30,8.923678,7.32411
2014-08-31,8.929624,7.3248243
2014-09-01,8.93505,7.3255386
2014-09-02,8.939952,7.326253
2014-09-03,8.944322,7.3269677
2014-09-04,8.948154,7.327682
2014-09-05,8.951442,7.3283963
2014-09-06,8.95418,7.329111
2014-09-07,8.956362,7.3298254
2014-09-08,8.957981,7.3305397
2014-09-09,8.959034,7.3312545
2014-09-10,8.959515,7.331969
2014-09-11,8.959417,7.3326836
2014-09-12,8.958739,7.333398
2014-09-13,8.957476,7.3341126
2014-09-14,8.955623,7.334827
2014-09-15,8.953177,7.3355417
2014-09-16,8.950135,7.336256
2014-09-17,8.946494,7.336971
2014-09-18,8.94225,7.337685
2014-09-19,8.9374,7.3384
2014-09-20,8.93194,7.3391147
2014-09-21,8.925867,7.339829
2014-09-22,8.919177,7.3405437
2014-09-23,8.911867,7.3412585
2014-09-24,8.903932,7.341973
2014-09-25,8.895368,7.3426876
2014-09-26,8.886171,7.3434024
2014-09-27,8.876338,7.344117
2014-09-28,8.865864,7.344832
2014-09-29,8.854744,7.3455467
2014-09-30,8.842976,7.346261
2014-10-01,8.830553,7.346976
2014-10-02,8.817474,7.3476906
2014-10-03,8.803734,7.3484054
2014-10-04,8.7893305,7.34912
2014-10-05,8.77426,7.349835
2014-10-06,8.758519,7.3505497
2014-10-07,8.742106,7.3512645
2014-10-08,8.72502,7.3519793
2014-10-09,8.707259,7.352694
2014-10-10,8.688824,7.353409
2014-10-11,8.669712,7.3541236
2014-10-12,8.649925,7.354839
2014-10-13,8.629464,7.3555536
2014-10-14,8.60833,7.3562684
2014-10-15,8.586525,7.356983
2014-10-16,8.564052,7.357698
2014-10-17,8.540913,7.358413
2014-10-18,8.517113,7.359128
2014-10-19,8.492656,7.359843
2014-10-20,8.467545,7.3605576
2014-10-21,8.441785,7.361273
2014-10-22,8.415383,7.3619876
2014-10-23,8.388343,7.3627024
2014-10-24,8.360671,7.3634176
2014-10-25,8.332372,7.3641324
2014-10-26,8.3034525,7.3648477
2014-10-27,8.273917,7.3655624
2014-10-28,8.2437725,7.3662777
2014-10-29,8.213023,7.3669925
2014-10-30,8.181674,7.3677077
2014-10-31,8.149729,7.3684225
2014-11-01,8.117194,7.369138
2014-11-02,8.084072,7.3698525
2014-11-03,8.050367,7.370568
2014-11-04,8.016082,7.371283
2014-11-05,7.981219,7.371998
2014-11-06,7.9457803,7.372713
2014-11-07,7.909769,7.3734283
2014-11-08,7.8731866,7.374143
2014-11-09,7.8360353,7.3748584
2014-11-10,7.7983155,7.3755736
2014-11-11,7.7600303,7.376289
2014-11-12,7.721181,7.377004
2014-11-13,7.68177,7.377719
2014-11-14,7.6417994,7.378434
2014-11-15,7.601272,7.3791494
2014-11-16,7.560191,7.3798647
2014-11-17,7.518562,7.38058
2014-11-18,7.476387,7.381295
2014-11-19,7.4336734,7.3820105
2014-11-20,7.390426,7.3827257
2014-11-21,7.3466516,7.383441
2014-11-22,7.302357,7.384156
2014-11-23,7.2575507,7.3848715
2014-11-24,7.212241,7.3855867
2014-11-25,7.166437,7.386302
2014-11-26,7.1201487,7.3870173
2014-11-27,7.073386,7.3877325
2014-11-28,7.026161,7.388448
2014-11-29,6.978485,7.3891635
2014-11-30,6.9303703,7.3898787
2014-12-01,6.88183,7.390594
2014-12-02,6.832878,7.3913097
2014-12-03,6.7835293,7.392025
2014-12-04,6.733798,7.3927402
2014-12-05,6.6837015,7.3934555
2014-12-06,6.6332555,7.394171
2014-12-07,6.5824776,7.3948865
2014-12-08,6.5313864,7.3956017
2014-12-09,6.48,7.3963175
2014-12-10,6.428338,7.3970327
2014-12-11,6.3764205,7.3977485
2014-12-12,6.324268,7.3984637
2014-12-13,6.2719016,7.3991795
2014-12-14,6.2193437,7.3998947
2014-12-15,6.1666155,7.4006104
2014-12-16,6.113741,7.4013257
2014-12-17,6.0607424,7.4020414
2014-12-18,6.007643,7.402757
2014-12-19,5.954468,7.4034724
2014-12-20,5.90124,7.404188
2014-12-21,5.847984,7.404904
2014-12-22,5.7947245,7.405619
2014-12-23,5.7414856,7.406335
2014-12-24,5.688293,7.4070506
2014-12-25,5.6351705,7.407766
2014-12-26,5.5821433,7.4084816
2014-12-27,5.5292363,7.4091973
2014-12-28,5.4764743,7.409913
2014-12-29,5.4238825,7.410629
2014-12-30,5.371485,7.4113445
2014-12-31,5.319308,7.41206
2015-01-01,5.267374,7.4127755
2015-01-02,5.2157097,7.4134912
2015-01-03,5.1643386,7.414207
2015-01-04,5.1132846,7.4149227
2015-01-05,5.0625725,7.4156384
2015-01-06,5.0122256,7.416354
2015-01-07,4.9622674,7.41707
2015-01-08,4.912721,7.4177856
2015-01-09,4.86361,7.4185014
2015-01-10,4.8149557,7.4192176
2015-01-11,4.766781,7.4199333
2015-01-12,4.7191076,7.420649
2015-01-13,4.6719565,7.421365
2015-01-14,4.6253486,7.4220805
2015-01-15,4.579304,7.4227962
2015-01-16,4.533843,7.4235125
2015-01-17,4.4889836,7.424228
2015-01-18,4.4447455,7.424944
2015-01-19,4.401146,7.42566
2015-01-20,4.3582025,7.426376
2015-01-21,4.3159323,7.4270916
2015-01-22,4.274351,7.427808
2015-01-23,4.2334747,7.4285235
2015-01-24,4.193318,7.4292393
2015-01-25,4.153895,7.4299555
2015-01-26,4.11522,7.430671
2015-01-27,4.077306,7.4313874
2015-01-28,4.040165,7.432103
2015-01-29,4.0038104,7.4328194
2015-01-30,3.968253,7.433535
2015-01-31,3.9335039,7.4342513
2015-02-01,3.8995736,7.4349675
2015-02-02,3.866472,7.4356833
2015-02-03,3.8342083,7.4363995
2015-02-04,3.802791,7.437115
2015-02-05,3.7722287,7.4378314
2015-02-06,3.7425287,7.4385476
2015-02-07,3.713698,7.439264
2015-02-08,3.6857429,7.4399796
2015-02-09,3.6586692,7.440696
2015-02-10,3.6324823,7.441412
2015-02-11,3.6071868,7.442128
2015-02-12,3.5827866,7.4428444
2015-02-13,3.5592852,7.44356
2015-02-14,3.5366852,7.4442763
2015-02-15,3.5149891,7.4449925
2015-02-16,3.4941988,7.4457088
2015-02-17,3.474315,7.446425
2015-02-18,3.4553382,7.447141
2015-02-19,3.4372685,7.4478574
2015-02-20,3.4201055,7.4485736
2015-02-21,3.4038482,7.44929
2015-02-22,3.388495,7.450006
2015-02-23,3.3740442,7.450722
2015-02-24,3.3604934,7.4514384
2015-02-25,3.3478403,7.4521546
2015-02-26,3.3360817,7.4528713
2015-02-27,3.3252149,7.4535875
2015-02-28,3.3152363,7.4543037
2015-03-01,3.3061423,7.45502
2015-03-02,3.2979293,7.455736
2015-03-03,3.290593,7.456453
2015-03-04,3.2841296,7.457169
2015-03-05,3.2785347,7.4578853
2015-03-06,3.2738037,7.4586015
2015-03-07,3.2699325,7.459318
2015-03-08,3.2669158,7.4600344
2015-03-09,3.2647488,7.460751
2015-03-10,3.2634263,7.4614673
2015-03-11,3.2629428,7.4621835
2015-03-12,3.2632923,7.4629
2015-03-13,3.264469,7.4636164
2015-03-14,3.2664669,7.464333
2015-03-15,3.269279,7.4650493
2015-03-16,3.2728987,7.465766
2015-03-17,3.2773187,7.466482
2015-03-18,3.2825315,7.467199
2015-03-19,3.2885296,7.4679155
2015-03-20,3.2953045,7.4686317
2015-03-21,3.3028483,7.4693484
2015-03-22,3.3111517,7.470065
2015-03-23,3.3202062,7.4707813
2015-03-24,3.3300023,7.471498
2015-03-25,3.3405304,7.4722147
2015-03-26,3.3517807,7.472931
2015-03-27,3.3637424,7.4736476
2015-03-28,3.3764055,7.4743643
2015-03-29,3.389759,7.475081
2015-03-30,3.403792,7.4757977
2015-03-31,3.418493,7.4765143
2015-04-01,3.433851,7.477231
2015-04-02,3.4498549,7.477947
2015-04-03,3.4664931,7.478664
2015-04-04,3.4837546,7.4793806
2015-04-05,3.5016277,7.4800973
2015-04-06,3.5201013,7.480814
2015-04-07,3.5391643,7.4815307
2015-04-08,3.5588055,7.4822474
2015-04-09,3.579014,7.482964
2015-04-10,3.599779,7.483681
2015-04-11,3.6210892,7.484398
2015-04-12,3.6429343,7.4851146
2015-04-13,3.665304,7.4858313
2015-04-14,3.6881874,7.486548
2015-04-15,3.711574,7.4872646
2015-04-16,3.7354536,7.487982
2015-04-17,3.7598157,7.4886985
2015-04-18,3.78465,7.489415
2015-04-19,3.809946,7.490132
2015-04-20,3.8356936,7.490849
2015-04-21,3.8618822,7.4915657
2015-04-22,3.8885012,7.4922824
2015-04-23,3.9155405,7.4929996
2015-04-24,3.9429898,7.4937162
2015-04-25,3.9708385,7.494433
2015-04-26,3.999077,7.49515
2015-04-27,4.027695,7.495867
2015-04-28,4.056683,7.496584
2015-04-29,4.086031,7.4973006
2015-04-30,4.11573,7.498018
2015-05-01,4.1457705,7.4987345
2015-05-02,4.176144,7.4994516
2015-05-03,4.2068424,7.500169
2015-05-04,4.2378573,7.5008855
2015-05-05,4.2691813,7.5016026
2015-05-06,4.3008075,7.50232
2015-05-07,4.33273,7.5030365
2015-05-08,4.364942,7.5037537
2015-05-09,4.397439,7.504471
2015-05-10,4.4302163,7.5051875
2015-05-11,4.463269,7.5059047
2015-05-12,4.4965944,7.506622
2015-05-13,4.5301886,7.507339
2015-05-14,4.5640492,7.508056
2015-05-15,4.598173,7.508773
2015-05-16,4.6325593,7.50949
2015-05-17,4.6672053,7.510207
2015-05-18,4.702109,7.5109243
2015-05-19,4.7372694,7.5116415
2015-05-20,4.772684,7.5123587
2015-05-21,4.808352,7.513076
2015-05-22,4.84427,7.513793
2015-05-23,4.8804374,7.51451
2015-05-24,4.9168506,7.5152273
2015-05-25,4.9535065,7.5159445
2015-05-26,4.990402,7.5166616
2015-05-27,5.0275335,7.517379
2015-05-28,5.064896,7.5180964
2015-05-29,5.102485,7.5188136
2015-05-30,5.140296,7.519531
2015-05-31,5.178323,7.520248
2015-06-01,5.21656,7.520965
2015-06-02,5.255001,7.5216827
2015-06-03,5.29364,7.5224
2015-06-04,5.3324704,7.523117
2015-06-05,5.3714848,7.5238347
2015-06-06,5.410676,7.524552
2015-06-07,5.450038,7.525269
2015-06-08,5.489562,7.5259867
2015-06-09,5.5292416,7.526704
2015-06-10,5.5690684,7.527421
2015-06-11,5.609035,7.5281386
2015-06-12,5.6491327,7.528856
2015-06-13,5.689354,7.5295734
2015-06-14,5.72969,7.5302906
2015-06-15,5.7701316,7.5310082
2015-06-16,5.8106704,7.5317254
2015-06-17,5.8512964,7.532443
2015-06-18,5.8920007,7.5331607
2015-06-19,5.932772,7.533878
2015-06-20,5.973601,7.5345955
2015-06-21,6.0144753,7.535313
2015-06-22,6.055383,7.5360303
2015-06-23,6.096314,7.536748
2015-06-24,6.137254,7.5374656
2015-06-25,6.1781917,7.538183
2015-06-26,6.2191133,7.5389004
2015-06-27,6.2600064,7.539618
2015-06-28,6.300858,7.5403357
2015-06-29,6.3416543,7.5410533
2015-06-30,6.382382,7.541771
2015-07-01,6.423028,7.5424886
2015-07-02,6.463578,7.5432057
2015-07-03,6.5040193,7.5439234
2015-07-04,6.5443373,7.544641
2015-07-05,6.5845175,7.5453587
2015-07-06,6.6245456,7.5460763
2015-07-07,6.6644073,7.546794
2015-07-08,6.7040863,7.5475116
2015-07-09,6.7435665,7.548229
2015-07-10,6.782832,7.5489473
2015-07-11,6.821865,7.549665
2015-07-12,6.8606486,7.5503826
2015-07-13,6.8991632,7.5511003
2015-07-14,6.937391,7.551818
2015-07-15,6.9753118,7.5525355
2015-07-16,7.0129056,7.5532537
2015-07-17,7.050153,7.5539713
2015-07-18,7.087033,7.554689
2015-07-19,7.123524,7.5554066
2015-07-20,7.1596074,7.5561247
2015-07-21,7.195261,7.5568423
2015-07-22,7.230466,7.55756
2015-07-23,7.2652025,7.558278
2015-07-24,7.2994514,7.5589957
2015-07-25,7.3331947,7.5597134
2015-07-26,7.3664145,7.5604315
2015-07-27,7.3990946,7.561149
2015-07-28,7.431218,7.561867
2015-07-29,7.462772,7.562585
2015-07-30,7.4937406,7.563303
2015-07-31,7.5241127,7.5640206
2015-08-01,7.553876,7.5647388
2015-08-02,7.58302,7.565457
2015-08-03,7.611535,7.5661745
2015-08-04,7.639412,7.5668926
2015-08-05,7.666643,7.5676107
2015-08-06,7.6932216,7.5683284
2015-08-07,7.7191405,7.5690465
2015-08-08,7.7443953,7.5697646
2015-08-09,7.7689795,7.5704823
2015-08-10,7.7928886,7.5712004
2015-08-11,7.816118,7.5719185
2015-08-12,7.8386617,7.5726366
2015-08-13,7.860515,7.5733547
2015-08-14,7.881673,7.5740724
2015-08-15,7.9021297,7.5747905
2015-08-16,7.92188,7.5755086
2015-08-17,7.9409165,7.5762267
2015-08-18,7.959234,7.576945
2015-08-19,7.976825,7.577663
2015-08-20,7.993684,7.578381
2015-08-21,8.009803,7.579099
2015-08-22,8.025176,7.5798173
2015-08-23,8.039798,7.5805354
2015-08-24,8.053663,7.5812535
2015-08-25,8.066766,7.5819716
2015-08-26,8.0791025,7.58269
2015-08-27,8.09067,7.5834084
2015-08-28,8.101466,7.5841265
2015-08-29,8.111489,7.5848446
2015-08-30,8.12074,7.5855627
2015-08-31,8.129218,7.586281
2015-09-01,8.136926,7.5869994
2015-09-02,8.143867,7.5877175
2015-09-03,8.1500435,7.5884356
2015-09-04,8.155461,7.589154
2015-09-05,8.160125,7.5898724
2015-09-06,8.16404,7.5905905
2015-09-07,8.167213,7.591309
2015-09-08,8.169653,7.592027
2015-09-09,8.171366,7.5927453
2015-09-10,8.17236,7.593464
2015-09-11,8.1726465,7.594182
2015-09-12,8.172232,7.5949006
2015-09-13,8.171127,7.5956187
2015-09-14,8.169344,7.5963373
2015-09-15,8.166894,7.5970554
2015-09-16,8.163787,7.597774
2015-09-17,8.160038,7.5984926
2015-09-18,8.15566,7.5992107
2015-09-19,8.150666,7.5999293
2015-09-20,8.145073,7.600648
2015-09-21,8.138896,7.601366
2015-09-22,8.1321535,7.6020846
2015-09-23,8.124863,7.602803
2015-09-24,8.1170435,7.6035213
2015-09-25,8.108716,7.60424
2015-09-26,8.099902,7.6049585
2015-09-27,8.090624,7.605677
2015-09-28,8.080905,7.6063957
2015-09-29,8.07077,7.6071143
2015-09-30,8.060245,7.6078324
2015-10-01,8.049355,7.608551
2015-10-02,8.038128,7.6092696
2015-10-03,8.026592,7.609988
2015-10-04,8.014775,7.610707
2015-10-05,8.002707,7.6114254
2015-10-06,7.990414,7.612144
2015-10-07,7.9779277,7.6128626
2015-10-08,7.9652767,7.613581
2015-10-09,7.9524894,7.6143
2015-10-10,7.9395947,7.615019
2015-10-11,7.9266205,7.6157374
2015-10-12,7.9135947,7.616456
2015-10-13,7.9005437,7.6171746
2015-10-14,7.887494,7.617893
2015-10-15,7.874471,7.618612
2015-10-16,7.8615,7.619331
2015-10-17,7.8486037,7.6200495
2015-10-18,7.835807,7.620768
2015-10-19,7.823132,7.621487
2015-10-20,7.8106017,7.6222057
2015-10-21,7.7982388,7.6229243
2015-10-22,7.786064,7.6236434
2015-10-23,7.7741,7.624362
2015-10-24,7.7623672,7.6250806
2015-10-25,7.750889,7.6257997
2015-10-26,7.739685,7.6265182
2015-10-27,7.728778,7.6272373
2015-10-28,7.7181892,7.627956
2015-10-29,7.707941,7.628675
2015-10-30,7.698055,7.6293936
2015-10-31,7.688553,7.6301126
2015-11-01,7.6794567,7.6308312
2015-11-02,7.670789,7.6315503
2015-11-03,7.6625695,7.6322694
2015-11-04,7.654821,7.632988
2015-11-05,7.647564,7.633707
2015-11-06,7.640818,7.634426
2015-11-07,7.6346035,7.635145
2015-11-08,7.6289387,7.635864
2015-11-09,7.6238403,7.636583
2015-11-10,7.619326,7.637302
2015-11-11,7.615411,7.638021
2015-11-12,7.612109,7.6387396
2015-11-13,7.6094337,7.6394587
2015-11-14,7.607396,7.6401777
2015-11-15,7.6060076,7.640897
2015-11-16,7.605277,7.641616
2015-11-17,7.6052127,7.642335
2015-11-18,7.60582,7.643054
2015-11-19,7.607106,7.643773
2015-11-20,7.6090746,7.644492
2015-11-21,7.611728,7.645211
2015-11-22,7.6150694,7.6459303
2015-11-23,7.619099,7.6466494
2015-11-24,7.623819,7.6473684
2015-11-25,7.629226,7.6480875
2015-11-26,7.635321,7.6488066
2015-11-27,7.642101,7.649526
2015-11-28,7.649562,7.650245
2015-11-29,7.6577005,7.6509643
2015-11-30,7.666512,7.6516833
2015-12-01,7.675991,7.6524024
2015-12-02,7.6861305,7.653122
2015-12-03,7.6969233,7.653841
2015-12-04,7.708361,7.65456
2015-12-05,7.7204356,7.6552796
2015-12-06,7.733136,7.6559987
2015-12-07,7.7464533,7.656718
2015-12-08,7.760375,7.6574373
2015-12-09,7.7748904,7.6581564
2015-12-10,7.789987,7.658876
2015-12-11,7.805652,7.659595
2015-12-12,7.821872,7.6603146
2015-12-13,7.838634,7.6610336
2015-12-14,7.855922,7.661753
2015-12-15,7.873723,7.6624722
2015-12-16,7.89202,7.663192
2015-12-17,7.9107985,7.663911
2015-12-18,7.930042,7.6646304
2015-12-19,7.9497323,7.66535
2015-12-20,7.969853,7.666069
2015-12-21,7.990386,7.6667886
2015-12-22,8.0113125,7.667508
2015-12-23,8.032615,7.6682277
2015-12-24,8.054272,7.6689467
2015-12-25,8.076264,7.6696663
2015-12-26,8.098573,7.670386
2015-12-27,8.121176,7.6711054
2015-12-28,8.144052,7.671825
2015-12-29,8.167178,7.672544
2015-12-30,8.190534,7.6732635
2015-12-31,8.214096,7.673983
2016-01-01,8.237842,7.6747026
2016-01-02,8.261747,7.675422
2016-01-03,8.2857895,7.6761417
2016-01-04,8.309944,7.6768613
2016-01-05,8.334189,7.677581
2016-01-06,8.358501,7.6783004
2016-01-07,8.382855,7.67902
2016-01-08,8.407229,7.6797395
2016-01-09,8.431601,7.680459
2016-01-10,8.455945,7.681179
2016-01-11,8.480242,7.6818986
2016-01-12,8.504468,7.682618
2016-01-13,8.528603,7.6833377
2016-01-14,8.552625,7.684057
2016-01-15,8.576513,7.6847773
2016-01-16,8.600248,7.685497
2016-01-17,8.623811,7.6862164
2016-01-18,8.647182,7.686936
2016-01-19,8.670344,7.687656
2016-01-20,8.693278,7.6883755
2016-01-21,8.715967,7.689095
2016-01-22,8.738395,7.689815
2016-01-23,8.760545,7.6905346
2016-01-24,8.782401,7.6912546
2016-01-25,8.803947,7.691974
2016-01-26,8.82517,7.692694
2016-01-27,8.846052,7.6934137
2016-01-28,8.866581,7.6941338
2016-01-29,8.886741,7.6948533
2016-01-30,8.906518,7.6955733
2016-01-31,8.9258995,7.696293
2016-02-01,8.944871,7.697013
2016-02-02,8.96342,7.697733
2016-02-03,8.981534,7.6984525
2016-02-04,8.999201,7.6991725
2016-02-05,9.016408,7.6998925
2016-02-06,9.033144,7.700612
2016-02-07,9.049399,7.701332
2016-02-08,9.065164,7.702052
2016-02-09,9.080426,7.702772
2016-02-10,9.095178,7.7034917
2016-02-11,9.109411,7.7042117
2016-02-12,9.123117,7.7049317
2016-02-13,9.1362915,7.7056518
2016-02-14,9.148927,7.706372
2016-02-15,9.161016,7.707092
2016-02-16,9.172559,7.707812
2016-02-17,9.183548,7.708532
2016-02-18,9.193982,7.709252
2016-02-19,9.203858,7.709972
2016-02-20,9.213176,7.710692
2016-02-21,9.221933,7.711412
2016-02-22,9.230132,7.712132
2016-02-23,9.23777,7.712852
2016-02-24,9.24485,7.713572
2016-02-25,9.251373,7.714292
2016-02-26,9.25734,7.715012
2016-02-27,9.262756,7.7157326
2016-02-28,9.267621,7.7164526
2016-02-29,9.27194,7.7171726
2016-03-01,9.275717,7.7178926
2016-03-02,9.2789545,7.718613
2016-03-03,9.281658,7.719333
2016-03-04,9.283832,7.720053
2016-03-05,9.285481,7.7207737
2016-03-06,9.286612,7.7214937
2016-03-07,9.287228,7.7222137
2016-03-08,9.287336,7.7229342
2016-03-09,9.286943,7.7236543
2016-03-10,9.2860565,7.724375
2016-03-11,9.284682,7.725095
2016-03-12,9.282827,7.725815
2016-03-13,9.280501,7.7265353
2016-03-14,9.277711,7.727256
2016-03-15,9.274465,7.727976
2016-03-16,9.270772,7.7286963
2016-03-17,9.266643,7.7294164
2016-03-18,9.262087,7.730137
2016-03-19,9.257113,7.7308574
2016-03-20,9.251733,7.7315774
2016-03-21,9.245956,7.732298
2016-03-22,9.239795,7.7330184
2016-03-23,9.23326,7.7337384
2016-03-24,9.226365,7.734459
2016-03-25,9.21912,7.7351794
2016-03-26,9.211539,7.7359
2016-03-27,9.203634,7.73662
2016-03-28,9.195419,7.7373405
2016-03-29,9.186908,7.738061
2016-03-30,9.178112,7.7387815
2016-03-31,9.169046,7.739502
2016-04-01,9.159724,7.7402225
2016-04-02,9.150158,7.740943
2016-04-03,9.140363,7.7416635
2016-04-04,9.13035,7.742384
2016-04-05,9.120135,7.7431045
2016-04-06,9.10973,7.743825
2016-04-07,9.099147,7.7445455
2016-04-08,9.088402,7.745266
2016-04-09,9.077506,7.7459865
2016-04-10,9.066473,7.746707
2016-04-11,9.055316,7.7474275
2016-04-12,9.044047,7.7481484
2016-04-13,9.0326805,7.748869
2016-04-14,9.021229,7.7495894
2016-04-15,9.009704,7.75031
2016-04-16,8.998117,7.751031
2016-04-17,8.986484,7.7517514
2016-04-18,8.9748125,7.752472
2016-04-19,8.963117,7.7531924
2016-04-20,8.9514065,7.7539134
2016-04-21,8.939694,7.754634
2016-04-22,8.92799,7.755355
2016-04-23,8.916304,7.7560754
2016-04-24,8.904645,7.756796
2016-04-25,8.8930235,7.757517
2016-04-26,8.881449,7.7582374
2016-04-27,8.869927,7.7589583
2016-04-28,8.858468,7.759679
2016-04-29,8.847078,7.7604
2016-04-30,8.835764,7.7611203
2016-05-01,8.824531,7.7618413
2016-05-02,8.813383,7.7625623
2016-05-03,8.802327,7.763283
2016-05-04,8.791365,7.7640038
2016-05-05,8.7805,7.7647247
2016-05-06,8.769735,7.765445
2016-05-07,8.759069,7.766166
2016-05-08,8.748506,7.766887
2016-05-09,8.738041,7.767608
2016-05-10,8.727675,7.7683287
2016-05-11,8.717407,7.7690496
2016-05-12,8.707232,7.7697706
2016-05-13,8.697149,7.7704916
2016-05-14,8.687155,7.7712126
2016-05-15,8.677243,7.7719336
2016-05-16,8.667412,7.7726545
2016-05-17,8.657657,7.7733755
2016-05-18,8.647973,7.774096
2016-05-19,8.638358,7.774817
2016-05-20,8.628807,7.775538
2016-05-21,8.619317,7.7762594
2016-05-22,8.609884,7.7769804
2016-05-23,8.600507,7.7777014
2016-05-24,8.59118,7.7784224
2016-05-25,8.581903,7.7791433
2016-05-26,8.572673,7.7798643
2016-05-27,8.563487,7.7805853
2016-05-28,8.554344,7.7813063
2016-05-29,8.545242,7.7820277
2016-05-30,8.536179,7.7827487
2016-05-31,8.527152,7.7834697
2016-06-01,8.51816,7.7841907
2016-06-02,8.509201,7.784912
2016-06-03,8.500275,7.785633
2016-06-04,8.491377,7.786354
2016-06-05,8.482509,7.7870755
2016-06-06,8.473667,7.7877965
2016-06-07,8.464851,7.7885175
2016-06-08,8.456062,7.789239
2016-06-09,8.447298,7.78996
2016-06-10,8.4385605,7.7906814
2016-06-11,8.429849,7.7914023
2016-06-12,8.421165,7.792124
2016-06-13,8.412511,7.792845
2016-06-14,8.403889,7.793566
2016-06-15,8.395301,7.794287
2016-06-16,8.38675,7.7950087
2016-06-17,8.378241,7.79573
2016-06-18,8.369777,7.796451
2016-06-19,8.361362,7.7971725
2016-06-20,8.353003,7.797894
2016-06-21,8.344702,7.798615
2016-06-22,8.336466,7.7993364
2016-06-23,8.328299,7.800058
2016-06-24,8.320208,7.8007793
2016-06-25,8.312196,7.8015003
2016-06-26,8.304271,7.802222
2016-06-27,8.296436,7.802943
2016-06-28,8.288698,7.8036647
2016-06-29,8.281063,7.804386
2016-06-30,8.273535,7.8051076
2016-07-01,8.266119,7.805829
2016-07-02,8.2588215,7.8065505
2016-07-03,8.251647,7.807272
2016-07-04,8.2446,7.8079934
2016-07-05,8.237686,7.808715
2016-07-06,8.230912,7.8094363
2016-07-07,8.22428,7.810158
2016-07-08,8.217798,7.810879
2016-07-09,8.211471,7.8116007
2016-07-10,8.205303,7.812322
2016-07-11,8.1993,7.8130436
2016-07-12,8.193467,7.813765
2016-07-13,8.187809,7.814487
2016-07-14,8.18233,7.8152084
2016-07-15,8.177037,7.81593
2016-07-16,8.171932,7.8166513
2016-07-17,8.16702,7.8173733
2016-07-18,8.162303,7.8180947
2016-07-19,8.157785,7.818816
2016-07-20,8.153469,7.8195376
2016-07-21,8.149355,7.8202596
2016-07-22,8.145446,7.820981
2016-07-23,8.141742,7.821703
2016-07-24,8.138242,7.8224244
2016-07-25,8.134945,7.8231463
2016-07-26,8.13185,7.823868
2016-07-27,8.128954,7.8245897
2016-07-28,8.126253,7.825311
2016-07-29,8.123742,7.826033
2016-07-30,8.121417,7.8267546
2016-07-31,8.11927,7.8274765
2016-08-01,8.117295,7.828198
2016-08-02,8.115484,7.82892
2016-08-03,8.113827,7.829642
2016-08-04,8.112314,7.8303633
2016-08-05,8.110935,7.831085
2016-08-06,8.109679,7.831807
2016-08-07,8.108534,7.832529
2016-08-08,8.107487,7.8332505
2016-08-09,8.106524,7.8339725
2016-08-10,8.105633,7.8346944
2016-08-11,8.104797,7.8354163
2016-08-12,8.104003,7.8361382
2016-08-13,8.103235,7.8368597
2016-08-14,8.102479,7.8375816
2016-08-15,8.101717,7.8383036
2016-08-16,8.100934,7.8390255
2016-08-17,8.100114,7.8397474
2016-08-18,8.09924,7.8404694
2016-08-19,8.098295,7.8411913
2016-08-20,8.097262,7.841913
2016-08-21,8.096125,7.842635
2016-08-22,8.094864,7.843357
2016-08-23,8.093462,7.844079
2016-08-24,8.091903,7.8448014
2016-08-25,8.090165,7.8455234
2016-08-26,8.088233,7.8462453
2016-08-27,8.086085,7.846967
2016-08-28,8.083704,7.847689
2016-08-29,8.081069,7.848411
2016-08-30,8.078161,7.8491335
2016-08-31,8.07496,7.8498554
2016-09-01,8.0714445,7.8505774
2016-09-02,8.0675955,7.8513
2016-09-03,8.063391,7.8520217
2016-09-04,8.05881,7.8527436
2016-09-05,8.053832,7.853466
2016-09-06,8.048436,7.854188
2016-09-07,8.0426,7.85491
2016-09-08,8.036304,7.8556323
2016-09-09,8.029527,7.856354
2016-09-10,8.022247,7.8570766
2016-09-11,8.014446,7.8577986
2016-09-12,8.006103,7.858521
2016-09-13,7.997198,7.859243
2016-09-14,7.9877124,7.8599653
2016-09-15,7.9776278,7.8606877
2016-09-16,7.9669266,7.8614097
2016-09-17,7.955591,7.862132
2016-09-18,7.9436054,7.8628545
2016-09-19,7.9309535,7.8635764
2016-09-20,7.9176207,7.864299
2016-09-21,7.9035926,7.865021
2016-09-22,7.888856,7.865743
2016-09-23,7.873398,7.8664656
2016-09-24,7.857207,7.867188
2016-09-25,7.840271,7.8679104
2016-09-26,7.822581,7.868633
2016-09-27,7.804126,7.869355
2016-09-28,7.7848983,7.870077
2016-09-29,7.7648892,7.8707995
2016-09-30,7.7440925,7.871522
2016-10-01,7.7225003,7.8722444
2016-10-02,7.7001085,7.872967
2016-10-03,7.676912,7.873689
2016-10-04,7.652907,7.8744116
2016-10-05,7.628091,7.875134
2016-10-06,7.602463,7.8758564
2016-10-07,7.576022,7.876579
2016-10-08,7.54877,7.8773017
2016-10-09,7.5207086,7.878024
2016-10-10,7.4918413,7.8787465
2016-10-11,7.4621725,7.879469
2016-10-12,7.4317083,7.8801913
2016-10-13,7.4004555,7.8809137
2016-10-14,7.368423,7.8816366
2016-10-15,7.3356194,7.882359
2016-10-16,7.3020563,7.8830814
2016-10-17,7.2677455,7.883804
2016-10-18,7.2327,7.8845267
2016-10-19,7.196933,7.885249
2016-10-20,7.1604605,7.8859715
2016-10-21,7.123298,7.8866944
2016-10-22,7.0854626,7.887417
2016-10-23,7.046972,7.8881397
2016-10-24,7.0078444,7.888862
2016-10-25,6.9681005,7.889585
2016-10-26,6.9277596,7.8903074
2016-10-27,6.886843,7.8910303
2016-10-28,6.845373,7.8917527
2016-10-29,6.803372,7.8924756
2016-10-30,6.760863,7.893198
2016-10-31,6.7178698,7.893921
2016-11-01,6.674418,7.894644
2016-11-02,6.630532,7.895366
2016-11-03,6.5862374,7.896089
2016-11-04,6.541562,7.896812
2016-11-05,6.496532,7.8975344
2016-11-06,6.451175,7.8982573
2016-11-07,6.4055195,7.89898
2016-11-08,6.3595934,7.899703
2016-11-09,6.3134255,7.9004254
2016-11-10,6.2670465,7.9011483
2016-11-11,6.220485,7.901871
2016-11-12,6.1737723,7.902594
2016-11-13,6.1269383,7.903317
2016-11-14,6.0800147,7.90404
2016-11-15,6.033032,7.9047627
2016-11-16,5.9860225,7.9054856
2016-11-17,5.9390182,7.9062085
2016-11-18,5.892051,7.9069314
2016-11-19,5.845155,7.9076543
2016-11-20,5.7983613,7.908377
2016-11-21,5.7517033,7.9091
2016-11-22,5.705215,7.909823
2016-11-23,5.6589284,7.910546
2016-11-24,5.612877,7.9112687
2016-11-25,5.5670943,7.9119916
2016-11-26,5.5216126,7.912715
2016-11-27,5.4764657,7.913438
2016-11-28,5.4316864,7.9141607
2016-11-29,5.3873076,7.9148836
2016-11-30,5.3433614,7.915607
2016-12-01,5.2998805,7.91633
2016-12-02,5.256897,7.9170527
2016-12-03,5.214443,7.9177756
2016-12-04,5.1725507,7.918499
2016-12-05,5.1312504,7.919222
2016-12-06,5.0905733,7.9199452
2016-12-07,5.05055,7.920668
2016-12-08,5.0112104,7.921391
2016-12-09,4.9725842,7.9221144
2016-12-10,4.9347,7.9228373
2016-12-11,4.897587,7.9235606
2016-12-12,4.861272,7.9242835
2016-12-13,4.825783,7.925007
2016-12-14,4.7911463,7.92573
2016-12-15,4.7573886,7.926453
2016-12-16,4.724534,7.9271765
2016-12-17,4.6926084,7.9278994
2016-12-18,4.661635,7.9286227
2016-12-19,4.631636,7.929346
2016-12-20,4.602635,7.9300694
2016-12-21,4.5746517,7.9307923
2016-12-22,4.547707,7.9315157
2016-12-23,4.52182,7.932239
2016-12-24,4.497009,7.9329624
2016-12-25,4.4732904,7.9336853
2016-12-26,4.4506817,7.9344087
2016-12-27,4.4291973,7.935132
2016-12-28,4.408851,7.9358554
2016-12-29,4.389656,7.9365788
2016-12-30,4.371624,7.937302
2016-12-31,4.3547654,7.9380255
2017-01-01,4.3390894,7.938749
2017-01-02,4.324605,7.939472
2017-01-03,4.3113184,7.9401956
2017-01-04,4.2992353,7.940919
2017-01-05,4.2883615,7.9416423
2017-01-06,4.2787,7.9423656
2017-01-07,4.2702527,7.943089
2017-01-08,4.2630215,7.9438124
2017-01-09,4.257006,7.9445357
2017-01-10,4.252206,7.9452596
2017-01-11,4.248619,7.945983
2017-01-12,4.246242,7.9467063
2017-01-13,4.2450714,7.9474297
2017-01-14,4.2451015,7.948153
2017-01-15,4.2463264,7.948877
2017-01-16,4.2487383,7.9496
2017-01-17,4.25233,7.9503236
2017-01-18,4.2570915,7.9510474
2017-01-19,4.263013,7.951771
2017-01-20,4.2700834,7.952494
2017-01-21,4.278291,7.953218
2017-01-22,4.287624,7.9539413
2017-01-23,4.298068,7.954665
2017-01-24,4.3096094,7.9553885
2017-01-25,4.3222337,7.9561124
2017-01-26,4.335925,7.9568357
2017-01-27,4.350669,7.9575596
2017-01-28,4.366448,7.958283
2017-01-29,4.3832455,7.959007
2017-01-30,4.401045,7.9597306
2017-01-31,4.4198275,7.960454
2017-02-01,4.4395757,7.961178
2017-02-02,4.46027,7.9619017
2017-02-03,4.481891,7.962625
2017-02-04,4.50442,7.963349
2017-02-05,4.527835,7.9640727
2017-02-06,4.5521154,7.964796
2017-02-07,4.577241,7.96552
2017-02-08,4.603189,7.9662437
2017-02-09,4.6299376,7.9669676
2017-02-10,4.6574645,7.9676914
2017-02-11,4.6857457,7.9684153
2017-02-12,4.714759,7.9691386
2017-02-13,4.744479,7.9698625
2017-02-14,4.774884,7.9705863
2017-02-15,4.8059487,7.97131
2017-02-16,4.837649,7.972034
2017-02-17,4.869961,7.972758
2017-02-18,4.9028606,7.9734817
2017-02-19,4.9363236,7.9742055
2017-02-20,4.970326,7.9749293
2017-02-21,5.0048447,7.9756536
2017-02-22,5.0398555,7.9763775
2017-02-23,5.0753355,7.9771013
2017-02-24,5.111262,7.977825
2017-02-25,5.147612,7.978549
2017-02-26,5.184364,7.979273
2017-02-27,5.2214956,7.979997
2017-02-28,5.258985,7.980721
2017-03-01,5.2968116,7.981445
2017-03-02,5.3349547,7.9821687
2017-03-03,5.3733945,7.982893
2017-03-04,5.4121113,7.983617
2017-03-05,5.4510856,7.9843407
2017-03-06,5.4902987,7.985065
2017-03-07,5.5297337,7.985789
2017-03-08,5.5693717,7.986513
2017-03-09,5.6091957,7.987237
2017-03-10,5.6491895,7.987961
2017-03-11,5.689337,7.988685
2017-03-12,5.7296214,7.989409
2017-03-13,5.7700286,7.9901333
2017-03-14,5.810543,7.9908576
2017-03-15,5.85115,7.9915814
2017-03-16,5.8918357,7.9923058
2017-03-17,5.9325867,7.9930296
2017-03-18,5.973389,7.993754
2017-03-19,6.0142307,7.994478
2017-03-20,6.055099,7.995202
2017-03-21,6.095982,7.9959264
2017-03-22,6.1368685,7.9966507
2017-03-23,6.1777477,7.997375
2017-03-24,6.218608,7.998099
2017-03-25,6.2594395,7.998823
2017-03-26,6.300233,7.9995475
2017-03-27,6.3409777,8.000272
2017-03-28,6.381665,8.000996
2017-03-29,6.422287,8.00172
2017-03-30,6.4628344,8.002444
2017-03-31,6.503299,8.003169
2017-04-01,6.543675,8.003893
2017-04-02,6.5839534,8.004618
2017-04-03,6.624129,8.005342
2017-04-04,6.664195,8.006066
2017-04-05,6.704146,8.00679
2017-04-06,6.743976,8.007515
2017-04-07,6.7836814,8.008239
2017-04-08,6.823257,8.008964
2017-04-09,6.8626986,8.009687
2017-04-10,6.9020023,8.010412
2017-04-11,6.941166,8.011136
2017-04-12,6.980186,8.011861
2017-04-13,7.019061,8.012586
2017-04-14,7.057789,8.0133095
2017-04-15,7.0963693,8.014034
2017-04-16,7.1348004,8.014759
2017-04-17,7.173082,8.015483
2017-04-18,7.211214,8.016208
2017-04-19,7.249197,8.0169325
2017-04-20,7.28703,8.017656
2017-04-21,7.3247147,8.018381
2017-04-22,7.362251,8.019106
2017-04-23,7.399639,8.01983
2017-04-24,7.4368796,8.020555
2017-04-25,7.4739738,8.021279
2017-04-26,7.510922,8.022004
2017-04-27,7.547724,8.022728
2017-04-28,7.5843806,8.023453
2017-04-29,7.6208925,8.024178
2017-04-30,7.6572595,8.024902
2017-05-01,7.693482,8.025627
2017-05-02,7.72956,8.026351
2017-05-03,7.765493,8.027076
2017-05-04,7.801282,8.027801
2017-05-05,7.8369265,8.028525
2017-05-06,7.8724265,8.02925
2017-05-07,7.9077826,8.029975
2017-05-08,7.942995,8.030699
2017-05-09,7.978063,8.031424
2017-05-10,8.012987,8.032148
2017-05-11,8.047767,8.032873
2017-05-12,8.082402,8.033598
2017-05-13,8.116892,8.034323
2017-05-14,8.151236,8.035048
2017-05-15,8.1854315,8.035772
2017-05-16,8.219478,8.036497
2017-05-17,8.253371,8.037222
2017-05-18,8.28711,8.037947
2017-05-19,8.32069,8.0386715
2017-05-20,8.354106,8.039396
2017-05-21,8.387352,8.040121
2017-05-22,8.4204235,8.040846
2017-05-23,8.453314,8.041571
2017-05-24,8.486013,8.042295
2017-05-25,8.518516,8.04302
2017-05-26,8.550811,8.043745
2017-05-27,8.5828905,8.04447
2017-05-28,8.614744,8.045195
2017-05-29,8.646361,8.045919
2017-05-30,8.6777315,8.046645
2017-05-31,8.708843,8.04737
2017-06-01,8.739685,8.048095
2017-06-02,8.770244,8.04882
2017-06-03,8.8005085,8.049544
2017-06-04,8.830464,8.050269
2017-06-05,8.8601,8.050995
2017-06-06,8.8894,8.05172
2017-06-07,8.918349,8.052444
2017-06-08,8.946935,8.053169
2017-06-09,8.975141,8.053894
2017-06-10,9.002951,8.05462
2017-06-11,9.030348,8.055345
2017-06-12,9.057317,8.056069
2017-06-13,9.083839,8.056794
2017-06-14,9.109899,8.05752
2017-06-15,9.135477,8.058245
2017-06-16,9.160557,8.0589695
2017-06-17,9.18512,8.059695
2017-06-18,9.209147,8.06042
2017-06-19,9.232624,8.061145
2017-06-20,9.25553,8.061871
2017-06-21,9.27785,8.062595
2017-06-22,9.299565,8.06332
2017-06-23,9.32066,8.064046
2017-06-24,9.341118,8.064771
2017-06-25,9.360922,8.065496
2017-06-26,9.380057,8.066221
2017-06-27,9.39851,8.066947
2017-06-28,9.416263,8.067672
2017-06-29,9.433302,8.068397
2017-06-30,9.449614,8.069122
2017-07-01,9.465183,8.069847
2017-07-02,9.479999,8.070573
2017-07-03,9.494045,8.071298
2017-07-04,9.507311,8.072023
2017-07-05,9.519783,8.072748
2017-07-06,9.53145,8.073474
2017-07-07,9.542301,8.074199
2017-07-08,9.552325,8.074924
2017-07-09,9.561513,8.07565
2017-07-10,9.569854,8.076375
2017-07-11,9.577339,8.077101
2017-07-12,9.583962,8.077826
2017-07-13,9.589714,8.078551
2017-07-14,9.59459,8.079277
2017-07-15,9.598582,8.080002
2017-07-16,9.6016865,8.080728
2017-07-17,9.603898,8.081452
2017-07-18,9.605214,8.082178
2017-07-19,9.605631,8.082904
2017-07-20,9.605146,8.083629
2017-07-21,9.603758,8.084354
2017-07-22,9.601465,8.08508
2017-07-23,9.598268,8.085806
2017-07-24,9.594165,8.086531
2017-07-25,9.589158,8.087256
2017-07-26,9.583249,8.087982
2017-07-27,9.57644,8.088708
2017-07-28,9.568734,8.089433
2017-07-29,9.560136,8.090158
2017-07-30,9.550651,8.090884
2017-07-31,9.540284,8.09161
2017-08-01,9.529044,8.092336
2017-08-02,9.516937,8.0930605
2017-08-03,9.503975,8.093786
2017-08-04,9.490167,8.094512
2017-08-05,9.475523,8.095238
2017-08-06,9.460056,8.0959635
2017-08-07,9.443779,8.096689
2017-08-08,9.426705,8.097415
2017-08-09,9.40885,8.09814
2017-08-10,9.390226,8.0988655
2017-08-11,9.3708515,8.099591
2017-08-12,9.350741,8.100317
2017-08-13,9.329911,8.101043
2017-08-14,9.308378,8.1017685
2017-08-15,9.2861595,8.102494
2017-08-16,9.26327,8.10322
2017-08-17,9.239729,8.103946
2017-08-18,9.215549,8.1046715
2017-08-19,9.19075,8.105397
2017-08-20,9.165345,8.106123
2017-08-21,9.13935,8.106849
2017-08-22,9.112782,8.107574
2017-08-23,9.085652,8.1083
2017-08-24,9.057978,8.109026
2017-08-25,9.029773,8.109752
2017-08-26,9.001051,8.110477
2017-08-27,8.971825,8.111204
2017-08-28,8.942108,8.11193
2017-08-29,8.911913,8.112656
2017-08-30,8.881252,8.113381
2017-08-31,8.850139,8.114107
2017-09-01,8.818582,8.114833
2017-09-02,8.786594,8.115559
2017-09-03,8.754187,8.116285
2017-09-04,8.721369,8.117011
2017-09-05,8.688151,8.117737
2017-09-06,8.654545,8.118463
2017-09-07,8.620557,8.119188
2017-09-08,8.586199,8.119915
2017-09-09,8.551478,8.120641
2017-09-10,8.516405,8.1213665
2017-09-11,8.480987,8.122092
2017-09-12,8.445232,8.122819
2017-09-13,8.409151,8.123545
2017-09-14,8.37275,8.12427
2017-09-15,8.336039,8.124997
2017-09-16,8.299025,8.125723
2017-09-17,8.261717,8.126449
2017-09-18,8.224124,8.127175
2017-09-19,8.1862545,8.127901
2017-09-20,8.148118,8.128627
2017-09-21,8.109723,8.129354
2017-09-22,8.07108,8.130079
2017-09-23,8.0322,8.130805
2017-09-24,7.993093,8.131532
2017-09-25,7.9537697,8.132257
2017-09-26,7.914242,8.132984
2017-09-27,7.8745217,8.13371
2017-09-28,7.834622,8.134437
2017-09-29,7.7945557,8.135162
2017-09-30,7.754337,8.135889
2017-10-01,7.7139797,8.136615
2017-10-02,7.6734996,8.1373415
2017-10-03,7.6329126,8.138067
2017-10-04,7.5922346,8.138794
2017-10-05,7.5514836,8.13952
2017-10-06,7.510677,8.140246
2017-10-07,7.4698343,8.140972
2017-10-08,7.428974,8.141699
2017-10-09,7.388118,8.142425
2017-10-10,7.3472867,8.143151
2017-10-11,7.306503,8.143877
2017-10-12,7.26579,8.144604
2017-10-13,7.225172,8.14533
2017-10-14,7.1846743,8.146056
2017-10-15,7.1443233,8.146783
2017-10-16,7.104146,8.14751
2017-10-17,7.064172,8.148235
2017-10-18,7.024429,8.148962
2017-10-19,6.984948,8.149689
2017-10-20,6.945761,8.150414
2017-10-21,6.9069,8.151141
2017-10-22,6.868398,8.151868
2017-10-23,6.8302903,8.152594
2017-10-24,6.7926106,8.15332
2017-10-25,6.755395,8.154047
2017-10-26,6.718681,8.154774
2017-10-27,6.682504,8.155499
2017-10-28,6.646904,8.156226
2017-10-29,6.611918,8.156953
2017-10-30,6.5775847,8.15768
2017-10-31,6.5439444,8.158406
2017-11-01,6.511036,8.159132
2017-11-02,6.478899,8.159859
2017-11-03,6.4475746,8.160585
2017-11-04,6.417102,8.161312
2017-11-05,6.3875217,8.162039
2017-11-06,6.358875,8.1627655
2017-11-07,6.3312016,8.163492
2017-11-08,6.304542,8.164219
2017-11-09,6.278937,8.164946
2017-11-10,6.2544265,8.165671
2017-11-11,6.2310514,8.166398
2017-11-12,6.208851,8.167125
2017-11-13,6.187865,8.167851
2017-11-14,6.168132,8.168578
2017-11-15,6.149691,8.169305
2017-11-16,6.1325803,8.170032
2017-11-17,6.1168375,8.170758
2017-11-18,6.1024985,8.171485
2017-11-19,6.0896,8.172212
2017-11-20,6.0781765,8.172938
2017-11-21,6.0682626,8.173665
2017-11-22,6.0598907,8.174392
2017-11-23,6.0530934,8.175118
2017-11-24,6.047901,8.175846
2017-11-25,6.0443435,8.176573
2017-11-26,6.0424485,8.1772995
2017-11-27,6.042244,8.178026
2017-11-28,6.0437546,8.178753
2017-11-29,6.047005,8.17948
2017-11-30,6.0520186,8.180206
2017-12-01,6.058816,8.180933
2017-12-02,6.067417,8.181661
2017-12-03,6.077841,8.182387
2017-12-04,6.090104,8.183114
2017-12-05,6.1042223,8.183841
2017-12-06,6.120209,8.184567
2017-12-07,6.1380777,8.185295
2017-12-08,6.1578383,8.186022
2017-12-09,6.1795,8.1867485
2017-12-10,6.203071,8.187475
2017-12-11,6.228556,8.188203
2017-12-12,6.2559605,8.18893
2017-12-13,6.2852855,8.189656
2017-12-14,6.3165326,8.190383
2017-12-15,6.3497,8.191111
2017-12-16,6.384785,8.191837
2017-12-17,6.421784,8.192564
2017-12-18,6.460689,8.193292
2017-12-19,6.5014935,8.194018
2017-12-20,6.5441866,8.194745
2017-12-21,6.5887575,8.195473
2017-12-22,6.635193,8.196199
2017-12-23,6.6834774,8.196927
2017-12-24,6.733595,8.197654
2017-12-25,6.7855268,8.19838
2017-12-26,6.8392525,8.199108
2017-12-27,6.89475,8.199835
2017-12-28,6.951996,8.2005625
2017-12-29,7.0109644,8.201289
2017-12-30,7.071627,8.202017
2017-12-31,7.1339555,8.202744
2018-01-01,7.197917,8.203471
2018-01-02,7.2634783,8.204198
2018-01-03,7.330604,8.204926
2018-01-04,7.399256,8.205652
2018-01-05,7.4693956,8.20638
2018-01-06,7.54098,8.207107
2018-01-07,7.6139655,8.207834
2018-01-08,7.6883063,8.208561
2018-01-09,7.7639546,8.209289
2018-01-10,7.840861,8.210016
2018-01-11,7.9189725,8.210743
2018-01-12,7.9982367,8.211471
2018-01-13,8.078598,8.212197
2018-01-14,8.159999,8.212925
2018-01-15,8.242382,8.213653
2018-01-16,8.3256855,8.214379
2018-01-17,8.409849,8.215107
2018-01-18,8.494809,8.215835
2018-01-19,8.580502,8.216561
2018-01-20,8.6668625,8.217289
2018-01-21,8.753825,8.218017
2018-01-22,8.841323,8.218744
2018-01-23,8.929287,8.219471
2018-01-24,9.017649,8.220199
2018-01-25,9.10634,8.220926
2018-01-26,9.195291,8.221654
2018-01-27,9.2844305,8.222381
2018-01-28,9.373688,8.223108
2018-01-29,9.462992,8.223836
2018-01-30,9.552272,8.224564
2018-01-31,9.641455,8.225291
2018-02-01,9.730471,8.226018
2018-02-02,9.819245,8.226746
2018-02-03,9.907707,8.227473
2018-02-04,9.995784,8.228201
2018-02-05,10.083404,8.228929
2018-02-06,10.170495,8.229656
2018-02-07,10.256985,8.230384
2018-02-08,10.342801,8.231112
2018-02-09,10.427874,8.231839
2018-02-10,10.512132,8.232566
2018-02-11,10.595505,8.233294
2018-02-12,10.677923,8.234021
2018-02-13,10.759318,8.234749
2018-02-14,10.839622,8.2354765
2018-02-15,10.918767,8.236204
2018-02-16,10.996687,8.236932
2018-02-17,11.0733185,8.237659
2018-02-18,11.148596,8.238387
2018-02-19,11.222457,8.239115
2018-02-20,11.29484,8.239842
2018-02-21,11.365686,8.24057
2018-02-22,11.434937,8.241299
2018-02-23,11.502535,8.242026
2018-02-24,11.568425,8.242754
2018-02-25,11.632554,8.243482
2018-02-26,11.694873,8.244209
2018-02-27,11.75533,8.244937
2018-02-28,11.813879,8.245665
2018-03-01,11.870476,8.246392
2018-03-02,11.925077,8.24712
2018-03-03,11.977643,8.2478485
2018-03-04,12.028135,8.248576
2018-03-05,12.076518,8.249304
2018-03-06,12.122757,8.250031
2018-03-07,12.166823,8.250759
2018-03-08,12.208688,8.251488
2018-03-09,12.248323,8.252215
2018-03-10,12.285708,8.252943
2018-03-11,12.320822,8.253671
2018-03-12,12.353644,8.254399
2018-03-13,12.384163,8.255127
2018-03-14,12.412362,8.255855
2018-03-15,12.438233,8.256583
2018-03-16,12.461769,8.257311
2018-03-17,12.482963,8.2580385
2018-03-18,12.501814,8.258766
2018-03-19,12.51832,8.259495
2018-03-20,12.532486,8.260222
2018-03-21,12.544314,8.260951
2018-03-22,12.553814,8.261679
2018-03-23,12.560993,8.262406
2018-03-24,12.5658655,8.263135
2018-03-25,12.568444,8.263863
2018-03-26,12.568747,8.264591
2018-03-27,12.5667925,8.265319
2018-03-28,12.562603,8.266047
2018-03-29,12.556203,8.266775
2018-03-30,12.547617,8.267503
2018-03-31,12.536875,8.268231
2018-04-01,12.524007,8.268959
2018-04-02,12.509045,8.269688
2018-04-03,12.492024,8.270415
2018-04-04,12.472983,8.271144
2018-04-05,12.451961,8.271872
2018-04-06,12.428997,8.2726
2018-04-07,12.404137,8.273328
2018-04-08,12.377425,8.274056
2018-04-09,12.348909,8.274785
2018-04-10,12.31864,8.275513
2018-04-11,12.286668,8.276241
2018-04-12,12.253046,8.276969
2018-04-13,12.21783,8.277698
2018-04-14,12.181074,8.278426
2018-04-15,12.142839,8.279154
2018-04-16,12.103183,8.279882
2018-04-17,12.062166,8.28061
2018-04-18,12.019852,8.281339
2018-04-19,11.976303,8.282067
2018-04-20,11.931583,8.282796
2018-04-21,11.885757,8.283524
2018-04-22,11.838893,8.284252
2018-04-23,11.791055,8.284981
2018-04-24,11.742311,8.285708
2018-04-25,11.692727,8.286437
2018-04-26,11.642371,8.287166
2018-04-27,11.5913105,8.287894
2018-04-28,11.539613,8.288622
2018-04-29,11.487343,8.2893505
2018-04-30,11.434567,8.290079
2018-05-01,11.381352,8.290808
2018-05-02,11.327764,8.291536
2018-05-03,11.273863,8.292265
2018-05-04,11.219716,8.292993
2018-05-05,11.165384,8.293721
2018-05-06,11.11093,8.29445
2018-05-07,11.056415,8.295178
2018-05-08,11.001896,8.295907
2018-05-09,10.947435,8.296636
2018-05-10,10.893089,8.297364
2018-05-11,10.838916,8.298093
2018-05-12,10.784971,8.298821
2018-05-13,10.731311,8.29955
2018-05-14,10.677988,8.300278
2018-05-15,10.625058,8.301006
2018-05-16,10.572574,8.301735
2018-05-17,10.520585,8.302464
2018-05-18,10.469144,8.303192
2018-05-19,10.418299,8.303921
2018-05-20,10.368099,8.304649
2018-05-21,10.31859,8.305378
2018-05-22,10.269819,8.3061075
2018-05-23,10.221829,8.306836
2018-05-24,10.174662,8.307565
2018-05-25,10.128358,8.308293
2018-05-26,10.082955,8.309022
2018-05-27,10.038491,8.309751
2018-05-28,9.995,8.310479
2018-05-29,9.952512,8.311208
2018-05-30,9.911059,8.311936
2018-05-31,9.870669,8.312665
2018-06-01,9.8313675,8.313395
2018-06-02,9.793178,8.314123
2018-06-03,9.756119,8.314852
2018-06-04,9.720212,8.31558
2018-06-05,9.6854725,8.316309
2018-06-06,9.651914,8.317038
2018-06-07,9.619548,8.317767
2018-06-08,9.588385,8.318496
2018-06-09,9.558432,8.319224
2018-06-10,9.529695,8.319953
2018-06-11,9.502175,8.320683
2018-06-12,9.475876,8.321411
2018-06-13,9.450795,8.32214
2018-06-14,9.42693,8.322869
2018-06-15,9.404277,8.323598
2018-06-16,9.38283,8.3243265
2018-06-17,9.362578,8.325056
2018-06-18,9.343514,8.325785
2018-06-19,9.325626,8.326513
2018-06-20,9.3089,8.327243
2018-06-21,9.293322,8.327971
2018-06-22,9.278874,8.3287
2018-06-23,9.265541,8.32943
2018-06-24,9.253304,8.330158
2018-06-25,9.242141,8.330888
2018-06-26,9.232032,8.331616
2018-06-27,9.222958,8.332345
2018-06-28,9.214892,8.333075
2018-06-29,9.207816,8.333803
2018-06-30,9.201704,8.334533
2018-07-01,9.196532,8.335261
2018-07-02,9.192278,8.335991
2018-07-03,9.188915,8.3367195
2018-07-04,9.186421,8.337449
2018-07-05,9.184772,8.338178
2018-07-06,9.183941,8.338907
2018-07-07,9.183905,8.339636
2018-07-08,9.184638,8.340365
2018-07-09,9.186116,8.341095
2018-07-10,9.1883135,8.341824
2018-07-11,9.191204,8.342553
2018-07-12,9.194761,8.343282
2018-07-13,9.198958,8.344011
2018-07-14,9.203768,8.344741
2018-07-15,9.209162,8.345469
2018-07-16,9.215112,8.346199
2018-07-17,9.221587,8.346929
2018-07-18,9.228559,8.347657
2018-07-19,9.235995,8.348387
2018-07-20,9.243866,8.349116
2018-07-21,9.252139,8.349845
2018-07-22,9.260781,8.3505745
2018-07-23,9.269759,8.351304
2018-07-24,9.279041,8.352033
2018-07-25,9.288592,8.352762
2018-07-26,9.298378,8.353492
2018-07-27,9.308364,8.354221
2018-07-28,9.318516,8.354951
2018-07-29,9.328797,8.3556795
2018-07-30,9.339173,8.356409
2018-07-31,9.349608,8.357139
2018-08-01,9.360066,8.357868
2018-08-02,9.370511,8.358598
2018-08-03,9.380908,8.359326
2018-08-04,9.391221,8.360056
2018-08-05,9.401414,8.3607855
2018-08-06,9.411454,8.361515
2018-08-07,9.421307,8.362245
2018-08-08,9.430939,8.362974
2018-08-09,9.440317,8.363704
2018-08-10,9.449411,8.364433
2018-08-11,9.458191,8.365163
2018-08-12,9.466629,8.365892
2018-08-13,9.474698,8.366622
2018-08-14,9.482373,8.367351
2018-08-15,9.489632,8.36808
2018-08-16,9.496451,8.36881
2018-08-17,9.502814,8.369539
2018-08-18,9.508702,8.370269
2018-08-19,9.514101,8.370998
2018-08-20,9.518997,8.371729
2018-08-21,9.523379,8.372458
2018-08-22,9.527239,8.373188
2018-08-23,9.530569,8.373918
2018-08-24,9.533363,8.374647
2018-08-25,9.53562,8.375377
2018-08-26,9.537335,8.376106
2018-08-27,9.538511,8.376836
2018-08-28,9.539148,8.377565
2018-08-29,9.53925,8.378295
2018-08-30,9.538822,8.3790245
2018-08-31,9.537869,8.379755
2018-09-01,9.536401,8.380485
2018-09-02,9.534424,8.381214
2018-09-03,9.531948,8.381944
2018-09-04,9.528985,8.382673
2018-09-05,9.525546,8.383404
2018-09-06,9.521643,8.384133
2018-09-07,9.51729,8.384863
2018-09-08,9.512501,8.385592
2018-09-09,9.50729,8.386322
2018-09-10,9.501673,8.387053
2018-09-11,9.495664,8.387782
2018-09-12,9.489281,8.388512
2018-09-13,9.482538,8.389242
2018-09-14,9.475454,8.389972
2018-09-15,9.468045,8.390701
2018-09-16,9.460328,8.391432
2018-09-17,9.45232,8.392161
2018-09-18,9.444039,8.392891
2018-09-19,9.435503,8.393621
2018-09-20,9.426728,8.394351
2018-09-21,9.417733,8.395081
2018-09-22,9.408536,8.395811
2018-09-23,9.399154,8.396541
2018-09-24,9.3896055,8.397271
2018-09-25,9.379909,8.398001
2018-09-26,9.370081,8.39873
2018-09-27,9.360141,8.399461
2018-09-28,9.350104,8.40019
2018-09-29,9.339991,8.400921
2018-09-30,9.329816,8.40165
2018-10-01,9.319596,8.402381
2018-10-02,9.30935,8.4031105
2018-10-03,9.29909,8.403841
2018-10-04,9.288835,8.404571
2018-10-05,9.278595,8.405301
2018-10-06,9.268385,8.406031
2018-10-07,9.258219,8.406761
2018-10-08,9.248105,8.407492
2018-10-09,9.238057,8.408221
2018-10-10,9.228082,8.408952
2018-10-11,9.218188,8.409681
2018-10-12,9.208385,8.410412
2018-10-13,9.198678,8.411142
2018-10-14,9.189073,8.411872
2018-10-15,9.179575,8.412602
2018-10-16,9.170189,8.413333
2018-10-17,9.160919,8.4140625
2018-10-18,9.151769,8.414793
2018-10-19,9.14274,8.415524
2018-10-20,9.133837,8.416253
2018-10-21,9.125061,8.416984
2018-10-22,9.116413,8.417714
2018-10-23,9.107897,8.418444
2018-10-24,9.099511,8.419174
2018-10-25,9.091257,8.419905
2018-10-26,9.083137,8.420635
2018-10-27,9.075149,8.421366
2018-10-28,9.067293,8.422095
2018-10-29,9.05957,8.422826
2018-10-30,9.051979,8.423556
2018-10-31,9.0445175,8.424287
2018-11-01,9.037186,8.425017
2018-11-02,9.029981,8.425747
2018-11-03,9.022902,8.426477
2018-11-04,9.015945,8.427208
2018-11-05,9.00911,8.427938
2018-11-06,9.002394,8.428669
2018-11-07,8.995791,8.4293995
2018-11-08,8.989302,8.43013
2018-11-09,8.982921,8.4308605
2018-11-10,8.9766445,8.431591
2018-11-11,8.9704685,8.432322
2018-11-12,8.96439,8.433052
2018-11-13,8.958403,8.433782
2018-11-14,8.952503,8.434512
2018-11-15,8.946686,8.435243
2018-11-16,8.940946,8.435973
2018-11-17,8.935277,8.436704
2018-11-18,8.929673,8.437434
2018-11-19,8.924128,8.438166
2018-11-20,8.918635,8.438896
2018-11-21,8.913189,8.439627
2018-11-22,8.907782,8.440357
2018-11-23,8.902407,8.441088
2018-11-24,8.897057,8.441818
2018-11-25,8.891726,8.442549
2018-11-26,8.886406,8.443279
2018-11-27,8.881092,8.44401
2018-11-28,8.875775,8.44474
2018-11-29,8.87045,8.445471
2018-11-30,8.8651085,8.446202
2018-12-01,8.859746,8.446933
2018-12-02,8.854355,8.447663
2018-12-03,8.848929,8.448394
2018-12-04,8.843462,8.449124
2018-12-05,8.837947,8.449856
2018-12-06,8.832377,8.450586
2018-12-07,8.826749,8.451317
2018-12-08,8.821053,8.452047
2018-12-09,8.815283,8.452778
2018-12-10,8.809434,8.453509
2018-12-11,8.803499,8.45424
2018-12-12,8.797473,8.45497
2018-12-13,8.7913475,8.455702
2018-12-14,8.785118,8.456432
2018-12-15,8.778777,8.457163
2018-12-16,8.77232,8.457894
2018-12-17,8.765739,8.458625
2018-12-18,8.759029,8.459355
2018-12-19,8.752185,8.460087
2018-12-20,8.745198,8.460817
2018-12-21,8.738064,8.461548
2018-12-22,8.730775,8.462279
2018-12-23,8.723326,8.46301
2018-12-24,8.715709,8.463741
2018-12-25,8.707918,8.464472
2018-12-26,8.699946,8.465202
2018-12-27,8.691788,8.465934
2018-12-28,8.683434,8.466664
2018-12-29,8.674879,8.467396
2018-12-30,8.666117,8.468126
2018-12-31,8.657141,8.468858
2019-01-01,8.6479435,8.469588
2019-01-02,8.63852,8.47032
2019-01-03,8.628865,8.47105
2019-01-04,8.618972,8.471782
2019-01-05,8.608837,8.472512
2019-01-06,8.5984535,8.473244
2019-01-07,8.587819,8.473975
2019-01-08,8.57693,8.474706
2019-01-09,8.565782,8.475437
2019-01-10,8.554371,8.476168
2019-01-11,8.542696,8.476899
2019-01-12,8.530755,8.477631
2019-01-13,8.518545,8.478361
2019-01-14,8.506065,8.479093
2019-01-15,8.493315,8.479824
2019-01-16,8.480292,8.480555
2019-01-17,8.466998,8.481286
2019-01-18,8.453431,8.4820175
2019-01-19,8.439594,8.482748
2019-01-20,8.425487,8.4834795
2019-01-21,8.41111,8.484211
2019-01-22,8.396466,8.4849415
2019-01-23,8.381558,8.485673
2019-01-24,8.366389,8.486404
2019-01-25,8.350962,8.487136
2019-01-26,8.33528,8.487867
2019-01-27,8.319349,8.488598
2019-01-28,8.303174,8.489329
2019-01-29,8.286758,8.490061
2019-01-30,8.270109,8.490792
2019-01-31,8.253232,8.491524
2019-02-01,8.236135,8.492254
2019-02-02,8.2188225,8.492986
2019-02-03,8.2013035,8.493717
2019-02-04,8.183588,8.494449
2019-02-05,8.165682,8.49518
2019-02-06,8.147595,8.495912
2019-02-07,8.129338,8.496643
2019-02-08,8.11092,8.497375
2019-02-09,8.09235,8.498106
2019-02-10,8.073641,8.498837
2019-02-11,8.054802,8.499568
2019-02-12,8.035846,8.500299
2019-02-13,8.016782,8.501031
2019-02-14,7.997625,8.501762
2019-02-15,7.978386,8.502494
2019-02-16,7.9590774,8.503225
2019-02-17,7.939712,8.503957
2019-02-18,7.9203043,8.504688
2019-02-19,7.900867,8.505421
2019-02-20,7.8814144,8.506152
2019-02-21,7.861961,8.506884
2019-02-22,7.8425207,8.507615
2019-02-23,7.823108,8.508347
2019-02-24,7.8037386,8.509078
2019-02-25,7.7844267,8.5098095
2019-02-26,7.7651877,8.510541
2019-02-27,7.746036,8.511272
2019-02-28,7.7269874,8.512004
2019-03-01,7.7080564,8.512736
2019-03-02,7.689258,8.513468
2019-03-03,7.670607,8.514199
2019-03-04,7.652118,8.514931
2019-03-05,7.6338067,8.515662
2019-03-06,7.6156864,8.516394
2019-03-07,7.5977726,8.517126
2019-03-08,7.5800796,8.517858
2019-03-09,7.562621,8.518589
2019-03-10,7.5454125,8.5193205
2019-03-11,7.528468,8.520053
2019-03-12,7.5118017,8.520784
2019-03-13,7.4954286,8.521516
2019-03-14,7.4793625,8.522248
2019-03-15,7.4636183,8.52298
2019-03-16,7.448211,8.523711
2019-03-17,7.433156,8.524444
2019-03-18,7.4184685,8.525175
2019-03-19,7.404164,8.525907
2019-03-20,7.3902583,8.526639
2019-03-21,7.3767676,8.52737
2019-03-22,7.363707,8.528102
2019-03-23,7.351093,8.528834
2019-03-24,7.33894,8.529566
2019-03-25,7.327264,8.530298
2019-03-26,7.3160787,8.53103
2019-03-27,7.305399,8.531761
2019-03-28,7.2952385,8.532494
2019-03-29,7.2856107,8.533225
2019-03-30,7.2765274,8.5339575
2019-03-31,7.2680006,8.534689
2019-04-01,7.2600417,8.535421
2019-04-02,7.252661,8.536153
2019-04-03,7.2458677,8.536885
2019-04-04,7.2396703,8.537617
2019-04-05,7.2340765,8.538349
2019-04-06,7.2290936,8.539081
2019-04-07,7.2247267,8.539813
2019-04-08,7.2209806,8.540545
2019-04-09,7.2178607,8.541277
2019-04-10,7.2153687,8.542009
2019-04-11,7.213507,8.542741
2019-04-12,7.212278,8.543473
2019-04-13,7.2116814,8.544206
2019-04-14,7.211717,8.544937
2019-04-15,7.212384,8.54567
2019-04-16,7.213681,8.546401
2019-04-17,7.2156053,8.547133
2019-04-18,7.218153,8.547866
2019-04-19,7.2213197,8.548598
2019-04-20,7.2251015,8.54933
2019-04-21,7.229492,8.550062
2019-04-22,7.2344856,8.550795
2019-04-23,7.240075,8.551526
2019-04-24,7.246254,8.5522585
2019-04-25,7.2530136,8.552991
2019-04-26,7.2603464,8.553723
2019-04-27,7.2682443,8.554455
2019-04-28,7.276698,8.555187
2019-04-29,7.2856994,8.55592
2019-04-30,7.2952375,8.556652
2019-05-01,7.305304,8.5573845
2019-05-02,7.315888,8.558117
2019-05-03,7.326978,8.558848
2019-05-04,7.338564,8.559581
2019-05-05,7.3506327,8.560313
2019-05-06,7.3631716,8.561046
2019-05-07,7.376167,8.561778
2019-05-08,7.389605,8.5625105
2019-05-09,7.40347,8.563243
2019-05-10,7.4177456,8.563975
2019-05-11,7.4324155,8.564708
2019-05-12,7.4474607,8.565439
2019-05-13,7.462862,8.566172
2019-05-14,7.4786,8.566904
2019-05-15,7.4946527,8.5676365
2019-05-16,7.5109982,8.568369
2019-05-17,7.5276136,8.569101
2019-05-18,7.544475,8.569834
2019-05-19,7.5615582,8.570566
2019-05-20,7.5788374,8.571299
2019-05-21,7.596288,8.572031
2019-05-22,7.6138844,8.572764
2019-05-23,7.631601,8.573497
2019-05-24,7.6494117,8.574229
2019-05-25,7.667291,8.574962
2019-05-26,7.685214,8.575694
2019-05-27,7.703156,8.5764265
2019-05-28,7.7210917,8.577159
2019-05-29,7.738997,8.577891
2019-05-30,7.7568474,8.578624
2019-05-31,7.7746205,8.579356
2019-06-01,7.792293,8.58009
2019-06-02,7.809842,8.580822
2019-06-03,7.8272467,8.581554
2019-06-04,7.8444853,8.582287
2019-06-05,7.8615384,8.583019
2019-06-06,7.8783855,8.583753
2019-06-07,7.895009,8.584485
2019-06-08,7.911391,8.585217
2019-06-09,7.927513,8.58595
2019-06-10,7.9433603,8.586683
2019-06-11,7.958916,8.587416
2019-06-12,7.9741654,8.588148
2019-06-13,7.9890943,8.588881
2019-06-14,8.003688,8.589614
2019-06-15,8.017935,8.590346
2019-06-16,8.03182,8.591079
2019-06-17,8.045335,8.591812
2019-06-18,8.058465,8.592545
2019-06-19,8.071201,8.593277
2019-06-20,8.083533,8.59401
2019-06-21,8.09545,8.594743
2019-06-22,8.106944,8.595476
2019-06-23,8.118004,8.596209
2019-06-24,8.128624,8.596941
2019-06-25,8.138794,8.597674
2019-06-26,8.148507,8.598407
2019-06-27,8.157757,8.59914
2019-06-28,8.166536,8.599873
2019-06-29,8.174839,8.600606
2019-06-30,8.18266,8.601338
2019-07-01,8.189996,8.602072
2019-07-02,8.19684,8.602804
2019-07-03,8.203193,8.603538
2019-07-04,8.20905,8.60427
2019-07-05,8.214414,8.605003
2019-07-06,8.219281,8.605736
2019-07-07,8.223657,8.606469
2019-07-08,8.227543,8.607202
2019-07-09,8.230946,8.607935
2019-07-10,8.23387,8.608668
2019-07-11,8.236325,8.609401
2019-07-12,8.238322,8.610134
2019-07-13,8.239873,8.610867
2019-07-14,8.24099,8.6116
2019-07-15,8.24169,8.612333
2019-07-16,8.241989,8.613066
2019-07-17,8.241907,8.613799
2019-07-18,8.241466,8.614532
2019-07-19,8.240685,8.615265
2019-07-20,8.239591,8.615998
2019-07-21,8.238207,8.616732
2019-07-22,8.23656,8.617465
2019-07-23,8.234677,8.618197
2019-07-24,8.232588,8.618931
2019-07-25,8.230322,8.619664
2019-07-26,8.227908,8.620398
2019-07-27,8.22538,8.62113
2019-07-28,8.222769,8.621863
2019-07-29,8.220106,8.622597
2019-07-30,8.217426,8.62333
2019-07-31,8.214763,8.6240635
2019-08-01,8.21215,8.624796
2019-08-02,8.209621,8.625529
2019-08-03,8.207212,8.626263
2019-08-04,8.204957,8.626996
2019-08-05,8.202889,8.627729
2019-08-06,8.201045,8.628463
2019-08-07,8.199456,8.629196
2019-08-08,8.198157,8.62993
2019-08-09,8.19718,8.630662
2019-08-10,8.196556,8.631395
2019-08-11,8.196318,8.632129
2019-08-12,8.196492,8.632862
2019-08-13,8.197109,8.633595
2019-08-14,8.198195,8.634329
2019-08-15,8.199776,8.635062
2019-08-16,8.201874,8.635796
2019-08-17,8.2045145,8.636529
2019-08-18,8.207717,8.637262
2019-08-19,8.211503,8.637996
2019-08-20,8.215891,8.638729
2019-08-21,8.220897,8.639462
2019-08-22,8.226538,8.640196
2019-08-23,8.232828,8.64093
2019-08-24,8.239782,8.641664
2019-08-25,8.247411,8.642397
2019-08-26,8.255726,8.64313
2019-08-27,8.264737,8.643864
2019-08-28,8.274453,8.644597
2019-08-29,8.284883,8.64533
2019-08-30,8.296031,8.646064
2019-08-31,8.307903,8.646798
2019-09-01,8.320505,8.6475315
2019-09-02,8.333839,8.648265
2019-09-03,8.347908,8.648998
2019-09-04,8.362712,8.649732
2019-09-05,8.37825,8.650466
2019-09-06,8.394522,8.651199
2019-09-07,8.411522,8.651933
2019-09-08,8.429248,8.652666
2019-09-09,8.447691,8.6534
2019-09-10,8.4668455,8.654134
2019-09-11,8.4867,8.654867
2019-09-12,8.507245,8.655601
2019-09-13,8.528468,8.656335
2019-09-14,8.550354,8.657068
2019-09-15,8.57289,8.657802
2019-09-16,8.59606,8.658536
2019-09-17,8.619844,8.659269
2019-09-18,8.644228,8.660003
2019-09-19,8.669189,8.660737
2019-09-20,8.69471,8.66147
2019-09-21,8.720768,8.662205
2019-09-22,8.747341,8.662938
2019-09-23,8.774406,8.6636715
2019-09-24,8.801942,8.664406
2019-09-25,8.829922,8.665139
2019-09-26,8.85832,8.665874
2019-09-27,8.887113,8.666607
2019-09-28,8.916271,8.667341
2019-09-29,8.945768,8.668075
2019-09-30,8.9755745,8.668809
2019-10-01,9.005661,8.669542
2019-10-02,9.035997,8.670277
2019-10-03,9.066552,8.67101
2019-10-04,9.097295,8.671744
2019-10-05,9.128193,8.672478
2019-10-06,9.159214,8.673212
2019-10-07,9.190325,8.673945
2019-10-08,9.221494,8.67468
2019-10-09,9.252687,8.675413
2019-10-10,9.283873,8.676147
2019-10-11,9.315018,8.676882
2019-10-12,9.346088,8.677615
2019-10-13,9.377053,8.6783495
2019-10-14,9.407879,8.679084
2019-10-15,9.438532,8.679817
2019-10-16,9.468982,8.680552
2019-10-17,9.499194,8.681286
2019-10-18,9.529136,8.682019
2019-10-19,9.558775,8.682754
2019-10-20,9.588077,8.683488
2019-10-21,9.617008,8.684221
2019-10-22,9.645536,8.684956
2019-10-23,9.673625,8.68569
2019-10-24,9.7012415,8.686424
2019-10-25,9.72835,8.687158
2019-10-26,9.754915,8.687892
2019-10-27,9.780903,8.688626
2019-10-28,9.806278,8.689361
2019-10-29,9.831007,8.690095
2019-10-30,9.855054,8.690828
2019-10-31,9.878385,8.691563
2019-11-01,9.900966,8.692297
2019-11-02,9.922766,8.693031
2019-11-03,9.943751,8.693766
2019-11-04,9.963891,8.6945
2019-11-05,9.983156,8.695234
2019-11-06,10.001516,8.695969
2019-11-07,10.018944,8.696702
2019-11-08,10.035412,8.697436
2019-11-09,10.050895,8.698171
2019-11-10,10.065367,8.698905
2019-11-11,10.078805,8.699639
2019-11-12,10.091187,8.700374
2019-11-13,10.102491,8.701108
2019-11-14,10.112699,8.701842
2019-11-15,10.12179,8.702577
2019-11-16,10.129748,8.703311
2019-11-17,10.136558,8.704045
2019-11-18,10.142203,8.70478
2019-11-19,10.146671,8.705514
2019-11-20,10.149951,8.706248
2019-11-21,10.152032,8.706983
2019-11-22,10.1529045,8.707717
2019-11-23,10.152564,8.708451
2019-11-24,10.151005,8.709187
2019-11-25,10.148223,8.709921
2019-11-26,10.1442175,8.710655
2019-11-27,10.138988,8.71139
2019-11-28,10.132537,8.712124
2019-11-29,10.124867,8.712858
2019-11-30,10.115985,8.713593
2019-12-01,10.105896,8.714328
2019-12-02,10.094609,8.715062
2019-12-03,10.082134,8.715796
2019-12-04,10.068481,8.716531
2019-12-05,10.053663,8.717265
2019-12-06,10.037693,8.718
2019-12-07,10.020585,8.718735
2019-12-08,10.002353,8.719469
2019-12-09,9.983014,8.720203
2019-12-10,9.962585,8.720939
2019-12-11,9.941086,8.721673
2019-12-12,9.918531,8.722407
2019-12-13,9.894943,8.723143
2019-12-14,9.870342,8.723877
2019-12-15,9.8447485,8.724611
2019-12-16,9.818185,8.725346
2019-12-17,9.790675,8.726081
2019-12-18,9.762242,8.726815
2019-12-19,9.732914,8.7275505
2019-12-20,9.702715,8.728285
2019-12-21,9.671675,8.729019
2019-12-22,9.639822,8.729754
2019-12-23,9.607188,8.730489
2019-12-24,9.573804,8.731224
2019-12-25,9.539702,8.731958
2019-12-26,9.504919,8.732693
2019-12-27,9.469489,8.733428
2019-12-28,9.433449,8.734162
2019-12-29,9.396836,8.734898
2019-12-30,9.359691,8.735632
2019-12-31,9.32205,8.736367
2020-01-01,9.283957,8.737102
2020-01-02,9.24545,8.737837
2020-01-03,9.206572,8.738571
2020-01-04,9.167364,8.739306
2020-01-05,9.12787,8.740042
2020-01-06,9.088132,8.740776
2020-01-07,9.048194,8.741511
2020-01-08,9.008099,8.742246
2020-01-09,8.967891,8.742981
2020-01-10,8.927613,8.743716
2020-01-11,8.887312,8.744451
2020-01-12,8.847029,8.745186
2020-01-13,8.806809,8.74592
2020-01-14,8.766698,8.746655
2020-01-15,8.726738,8.747391
2020-01-16,8.686973,8.748125
2020-01-17,8.647447,8.74886
2020-01-18,8.608203,8.749596
2020-01-19,8.569284,8.750331
2020-01-20,8.530732,8.751065
2020-01-21,8.492588,8.751801
2020-01-22,8.454893,8.752536
2020-01-23,8.417687,8.753271
2020-01-24,8.381009,8.754005
2020-01-25,8.344898,8.754741
2020-01-26,8.30939,8.755476
2020-01-27,8.274523,8.756211
2020-01-28,8.240331,8.756946
2020-01-29,8.206849,8.757681
2020-01-30,8.17411,8.758416
2020-01-31,8.142149,8.759151
2020-02-01,8.110995,8.759887
2020-02-02,8.08068,8.760622
2020-02-03,8.051231,8.761357
2020-02-04,8.022679,8.762092
2020-02-05,7.995051,8.762827
2020-02-06,7.9683714,8.763562
2020-02-07,7.9426675,8.7642975
2020-02-08,7.917962,8.765033
2020-02-09,7.8942785,8.765768
2020-02-10,7.8716393,8.766503
2020-02-11,7.8500648,8.767239
2020-02-12,7.829574,8.767974
2020-02-13,7.8101864,8.768709
2020-02-14,7.7919188,8.769444
2020-02-15,7.774787,8.77018
2020-02-16,7.7588058,8.770915
2020-02-17,7.7439885,8.77165
2020-02-18,7.730347,8.772386
2020-02-19,7.7178936,8.773121
2020-02-20,7.7066364,8.773856
2020-02-21,7.6965847,8.774591
2020-02-22,7.687746,8.775327
2020-02-23,7.6801257,8.776062
2020-02-24,7.6737294,8.776798
2020-02-25,7.6685605,8.777534
2020-02-26,7.6646214,8.778269
2020-02-27,7.6619143,8.779004
2020-02-28,7.6604395,8.779739
2020-02-29,7.6601963,8.780475
2020-03-01,7.6611824,8.78121
2020-03-02,7.6633964,8.781946
2020-03-03,7.666834,8.782681
2020-03-04,7.6714897,8.783417
2020-03-05,7.677359,8.784152
2020-03-06,7.6844354,8.784887
2020-03-07,7.6927104,8.785624
2020-03-08,7.7021756,8.786359
2020-03-09,7.712822,8.787094
2020-03-10,7.7246394,8.787829
2020-03-11,7.737615,8.788566
2020-03-12,7.7517376,8.789301
2020-03-13,7.766993,8.790036
2020-03-14,7.783367,8.790772
2020-03-15,7.8008432,8.791508
2020-03-16,7.8194056,8.792243
2020-03-17,7.839036,8.792979
2020-03-18,7.859716,8.793715
2020-03-19,7.881426,8.79445
2020-03-20,7.904144,8.795186
2020-03-21,7.92785,8.795921
2020-03-22,7.95252,8.796658
2020-03-23,7.9781322,8.797393
2020-03-24,8.004662,8.798128
2020-03-25,8.032084,8.798864
2020-03-26,8.060375,8.7996
2020-03-27,8.089508,8.800336
2020-03-28,8.119456,8.801071
2020-03-29,8.150194,8.801807
2020-03-30,8.181693,8.802543
2020-03-31,8.213926,8.803279
2020-04-01,8.246865,8.804014
2020-04-02,8.280483,8.80475
2020-04-03,8.314752,8.805486
2020-04-04,8.349641,8.806222
2020-04-05,8.385122,8.806957
2020-04-06,8.421167,8.8076935
2020-04-07,8.4577465,8.80843
2020-04-08,8.49483,8.809165
2020-04-09,8.53239,8.809901
2020-04-10,8.5703945,8.8106365
2020-04-11,8.608816,8.811373
2020-04-12,8.647623,8.812109
2020-04-13,8.686788,8.812844
2020-04-14,8.726278,8.8135805
2020-04-15,8.7660675,8.814317
2020-04-16,8.806123,8.815052
2020-04-17,8.846417,8.815788
2020-04-18,8.88692,8.8165245
2020-04-19,8.927602,8.81726
2020-04-20,8.968434,8.817996
2020-04-21,9.009387,8.818732
2020-04-22,9.050431,8.8194685
2020-04-23,9.091539,8.820204
2020-04-24,9.132681,8.82094
2020-04-25,9.173828,8.821676
2020-04-26,9.2149515,8.8224125
2020-04-27,9.256025,8.823148
2020-04-28,9.297019,8.823884
2020-04-29,9.337907,8.82462
2020-04-30,9.378661,8.8253565
2020-05-01,9.419255,8.826093
2020-05-02,9.459663,8.826829
2020-05-03,9.499861,8.827564
2020-05-04,9.539822,8.8283
2020-05-05,9.579523,8.829037
2020-05-06,9.618941,8.829773
2020-05-07,9.658056,8.830509
2020-05-08,9.696845,8.831245
2020-05-09,9.735289,8.831982
2020-05-10,9.773367,8.832718
2020-05-11,9.811063,8.833454
2020-05-12,9.848358,8.83419
2020-05-13,9.885237,8.834927
2020-05-14,9.921681,8.835663
2020-05-15,9.957679,8.836399
2020-05-16,9.993213,8.837135
2020-05-17,10.02827,8.837872
2020-05-18,10.062836,8.838608
2020-05-19,10.096899,8.839344
2020-05-20,10.1304455,8.84008
2020-05-21,10.163464,8.8408165
2020-05-22,10.19594,8.841553
2020-05-23,10.227864,8.842289
2020-05-24,10.259223,8.843025
2020-05-25,10.290006,8.843761
2020-05-26,10.320199,8.844498
2020-05-27,10.349793,8.845235
2020-05-28,10.378777,8.845971
2020-05-29,10.407138,8.846707
2020-05-30,10.434865,8.847444
2020-05-31,10.4619465,8.84818
2020-06-01,10.488373,8.848916
2020-06-02,10.514131,8.849653
2020-06-03,10.539208,8.8503895
2020-06-04,10.563596,8.851126
2020-06-05,10.58728,8.851862
2020-06-06,10.610249,8.852598
2020-06-07,10.632488,8.853335
2020-06-08,10.653988,8.854072
2020-06-09,10.674734,8.854808
2020-06-10,10.694715,8.855545
2020-06-11,10.713916,8.856281
2020-06-12,10.732327,8.8570175
2020-06-13,10.749937,8.857754
2020-06-14,10.766734,8.858491
2020-06-15,10.782708,8.859227
2020-06-16,10.797851,8.859963
2020-06-17,10.812151,8.860701
2020-06-18,10.825605,8.861437
2020-06-19,10.838205,8.862174
2020-06-20,10.849949,8.86291
2020-06-21,10.860831,8.8636465
2020-06-22,10.870852,8.864384
2020-06-23,10.880012,8.86512
2020-06-24,10.88831,8.865857
2020-06-25,10.895753,8.866593
2020-06-26,10.902343,8.867331
2020-06-27,10.908085,8.868067
2020-06-28,10.912986,8.868803
2020-06-29,10.917053,8.86954
2020-06-30,10.920295,8.870276
2020-07-01,10.922719,8.871014
2020-07-02,10.924335,8.871751
2020-07-03,10.925151,8.872487
2020-07-04,10.925177,8.873224
2020-07-05,10.924422,8.8739605
2020-07-06,10.922895,8.874698
2020-07-07,10.920607,8.875434
2020-07-08,10.917565,8.876171
2020-07-09,10.913779,8.876907
2020-07-10,10.909259,8.877645
2020-07-11,10.904012,8.878382
2020-07-12,10.898048,8.879118
2020-07-13,10.891377,8.879855
2020-07-14,10.884008,8.880592
2020-07-15,10.875952,8.881329
2020-07-16,10.867218,8.882066
2020-07-17,10.857818,8.882803
2020-07-18,10.847762,8.883539
2020-07-19,10.837065,8.884276
2020-07-20,10.825738,8.885014
2020-07-21,10.813795,8.885751
2020-07-22,10.801251,8.886487
2020-07-23,10.78812,8.887224
2020-07-24,10.774419,8.887961
2020-07-25,10.760163,8.888699
2020-07-26,10.74537,8.889435
2020-07-27,10.730057,8.890172
2020-07-28,10.714242,8.890909
2020-07-29,10.697945,8.891646
2020-07-30,10.681183,8.892384
2020-07-31,10.663978,8.893121
2020-08-01,10.646347,8.893857
2020-08-02,10.628312,8.894594
2020-08-03,10.609893,8.895331
2020-08-04,10.59111,8.896069
2020-08-05,10.571983,8.896806
2020-08-06,10.552535,8.897543
2020-08-07,10.532784,8.89828
2020-08-08,10.512753,8.899017
2020-08-09,10.492461,8.899755
2020-08-10,10.4719305,8.900492
2020-08-11,10.451183,8.901229
2020-08-12,10.43024,8.901965
2020-08-13,10.409122,8.902702
2020-08-14,10.387853,8.9034395
2020-08-15,10.366453,8.904177
2020-08-16,10.344945,8.904914
2020-08-17,10.323351,8.905652
2020-08-18,10.301693,8.906389
2020-08-19,10.279995,8.907126
2020-08-20,10.258279,8.907864
2020-08-21,10.236568,8.908601
2020-08-22,10.214888,8.909338
2020-08-23,10.193259,8.910075
2020-08-24,10.171709,8.910812
2020-08-25,10.150261,8.91155
2020-08-26,10.1289425,8.912287
2020-08-27,10.107779,8.913024
2020-08-28,10.086797,8.913762
2020-08-29,10.066025,8.914499
2020-08-30,10.045492,8.915236
2020-08-31,10.025227,8.915974
2020-09-01,10.005259,8.916711
2020-09-02,9.98562,8.917448
2020-09-03,9.966339,8.918186
2020-09-04,9.947449,8.918923
2020-09-05,9.928981,8.919661
2020-09-06,9.910968,8.920398
2020-09-07,9.893441,8.921136
2020-09-08,9.876432,8.921873
2020-09-09,9.859974,8.92261
2020-09-10,9.844097,8.923348
2020-09-11,9.828832,8.924086
2020-09-12,9.814209,8.924823
2020-09-13,9.800258,8.92556
2020-09-14,9.7870035,8.926298
2020-09-15,9.774475,8.927035
2020-09-16,9.762695,8.927773
2020-09-17,9.751689,8.928511
2020-09-18,9.741477,8.929248
2020-09-19,9.73208,8.929986
2020-09-20,9.723517,8.930723
2020-09-21,9.715805,8.93146
2020-09-22,9.708961,8.932199
2020-09-23,9.702998,8.932936
2020-09-24,9.697931,8.933674
2020-09-25,9.693772,8.934411
2020-09-26,9.690533,8.935149
2020-09-27,9.688223,8.935886
2020-09-28,9.686852,8.936625
2020-09-29,9.686431,8.937362
2020-09-30,9.686965,8.9381
2020-10-01,9.688464,8.938837
2020-10-02,9.690934,8.939575
2020-10-03,9.694381,8.940312
2020-10-04,9.698811,8.941051
2020-10-05,9.7042265,8.941788
2020-10-06,9.710634,8.942526
2020-10-07,9.718036,8.943264
2020-10-08,9.726432,8.944001
2020-10-09,9.735824,8.944739
2020-10-10,9.74621,8.945477
2020-10-11,9.757589,8.946215
2020-10-12,9.7699585,8.946953
2020-10-13,9.783311,8.94769
2020-10-14,9.797642,8.948428
2020-10-15,9.812942,8.949166
2020-10-16,9.829203,8.9499035
2020-10-17,9.846414,8.950642
2020-10-18,9.864562,8.95138
2020-10-19,9.883635,8.952118
2020-10-20,9.903618,8.952855
2020-10-21,9.924497,8.953593
2020-10-22,9.946253,8.954331
2020-10-23,9.96887,8.95507
2020-10-24,9.99233,8.955807
2020-10-25,10.016611,8.956545
2020-10-26,10.041695,8.957283
2020-10-27,10.067557,8.958021
2020-10-28,10.094176,8.958759
2020-10-29,10.121527,8.9594965
2020-10-30,10.149585,8.960235
2020-10-31,10.178324,8.960973
2020-11-01,10.207715,8.961711
2020-11-02,10.237731,8.962449
2020-11-03,10.268342,8.963187
2020-11-04,10.299517,8.963925
2020-11-05,10.3312235,8.9646635
2020-11-06,10.363429,8.965401
2020-11-07,10.396101,8.966139
2020-11-08,10.429204,8.966877
2020-11-09,10.462703,8.967615
2020-11-10,10.496561,8.968353
2020-11-11,10.530742,8.969091
2020-11-12,10.5652075,8.96983
2020-11-13,10.599921,8.970568
2020-11-14,10.634842,8.971306
2020-11-15,10.669932,8.972044
2020-11-16,10.705153,8.972782
2020-11-17,10.740463,8.97352
2020-11-18,10.775822,8.974258
2020-11-19,10.811188,8.974997
2020-11-20,10.84652,8.975735
2020-11-21,10.881778,8.976474
2020-11-22,10.916916,8.977212
2020-11-23,10.951893,8.97795
2020-11-24,10.986666,8.978688
2020-11-25,11.021192,8.979426
2020-11-26,11.055426,8.980165
2020-11-27,11.089324,8.980903
2020-11-28,11.122845,8.981641
2020-11-29,11.155943,8.98238
2020-11-30,11.188575,8.983118
2020-12-01,11.220698,8.983856
2020-12-02,11.252271,8.984594
2020-12-03,11.283248,8.9853325
2020-12-04,11.313591,8.986072
2020-12-05,11.343257,8.98681
2020-12-06,11.372208,8.987548
2020-12-07,11.400402,8.988286
2020-12-08,11.427804,8.989025
2020-12-09,11.454375,8.989763
2020-12-10,11.480079,8.990501
2020-12-11,11.50488,8.9912405
2020-12-12,11.528744,8.991979
2020-12-13,11.551638,8.992717
2020-12-14,11.573527,8.993456
2020-12-15,11.594381,8.994194
2020-12-16,11.614168,8.994932
2020-12-17,11.632857,8.995671
2020-12-18,11.650418,8.996409
2020-12-19,11.6668215,8.997148
2020-12-20,11.682037,8.997887
2020-12-21,11.696039,8.998625
2020-12-22,11.708799,8.999364
2020-12-23,11.720289,9.000102
2020-12-24,11.730484,9.00084
2020-12-25,11.739358,9.001579
2020-12-26,11.746887,9.002317
2020-12-27,11.753048,9.003057
2020-12-28,11.757819,9.003795
2020-12-29,11.76118,9.004534
2020-12-30,11.763111,9.005272
2020-12-31,11.763596,9.006011
2021-01-01,11.762616,9.006749
2021-01-02,11.76016,9.007488
2021-01-03,11.756214,9.008227
2021-01-04,11.750769,9.0089655
2021-01-05,11.743813,9.009705
2021-01-06,11.735341,9.010443
2021-01-07,11.7253475,9.011182
2021-01-08,11.713828,9.011921
2021-01-09,11.700781,9.012659
2021-01-10,11.686207,9.013398
2021-01-11,11.670105,9.014136
2021-01-12,11.65248,9.014875
2021-01-13,11.633336,9.0156145
2021-01-14,11.6126795,9.016353
2021-01-15,11.590516,9.017092
2021-01-16,11.566857,9.017831
2021-01-17,11.541712,9.01857
2021-01-18,11.515092,9.019308
2021-01-19,11.487011,9.020047
2021-01-20,11.457485,9.020786
2021-01-21,11.42653,9.021524
2021-01-22,11.394164,9.022264
2021-01-23,11.360406,9.023003
2021-01-24,11.325276,9.023742
2021-01-25,11.288799,9.024481
2021-01-26,11.250998,9.025219
2021-01-27,11.211896,9.025958
2021-01-28,11.171521,9.026697
2021-01-29,11.129901,9.027436
2021-01-30,11.087067,9.028175
2021-01-31,11.043047,9.028914
2021-02-01,10.997875,9.029653
2021-02-02,10.951586,9.030392
2021-02-03,10.904212,9.031131
2021-02-04,10.855792,9.03187
2021-02-05,10.806361,9.032609
2021-02-06,10.7559595,9.033348
2021-02-07,10.704626,9.034087
2021-02-08,10.652403,9.034826
2021-02-09,10.599331,9.035565
2021-02-10,10.545453,9.036304
2021-02-11,10.490815,9.037044
2021-02-12,10.435461,9.037783
2021-02-13,10.379438,9.038522
2021-02-14,10.322792,9.039261
2021-02-15,10.265572,9.04
2021-02-16,10.207826,9.040739
2021-02-17,10.149603,9.041478
2021-02-18,10.090954,9.042217
2021-02-19,10.031928,9.042956
2021-02-20,9.972578,9.043695
2021-02-21,9.912955,9.044435
2021-02-22,9.85311,9.045174
2021-02-23,9.793095,9.045914
2021-02-24,9.732962,9.046653
2021-02-25,9.672763,9.047392
2021-02-26,9.612551,9.048131
2021-02-27,9.552376,9.04887
2021-02-28,9.49229,9.049609
2021-03-01,9.432345,9.050348
2021-03-02,9.372592,9.051088
2021-03-03,9.31308,9.051827
2021-03-04,9.25386,9.052567
2021-03-05,9.194983,9.053306
2021-03-06,9.136494,9.054046
2021-03-07,9.078444,9.054785
2021-03-08,9.020879,9.055524
2021-03-09,8.963846,9.056263
2021-03-10,8.907393,9.057003
2021-03-11,8.851564,9.057742
2021-03-12,8.796405,9.058481
2021-03-13,8.741959,9.059221
2021-03-14,8.688269,9.05996
2021-03-15,8.635377,9.060699
2021-03-16,8.583325,9.0614395
2021-03-17,8.532154,9.062179
2021-03-18,8.481903,9.062918
2021-03-19,8.43261,9.063658
2021-03-20,8.384313,9.064397
2021-03-21,8.337047,9.065136
2021-03-22,8.290849,9.065876
2021-03-23,8.245752,9.066615
2021-03-24,8.201791,9.067355
2021-03-25,8.158997,9.068094
2021-03-26,8.117402,9.068834
2021-03-27,8.077035,9.069573
2021-03-28,8.037927,9.070313
2021-03-29,8.000104,9.071053
2021-03-30,7.9635944,9.071793
2021-03-31,7.9284234,9.072532
2021-04-01,7.894615,9.073272
2021-04-02,7.8621936,9.074011
2021-04-03,7.83118,9.074751
2021-04-04,7.801596,9.07549
2021-04-05,7.773461,9.07623
2021-04-06,7.7467923,9.076969
2021-04-07,7.721607,9.077709
2021-04-08,7.6979213,9.078449
2021-04-09,7.675748,9.079188
2021-04-10,7.655099,9.079928
2021-04-11,7.6359854,9.0806675
2021-04-12,7.6184163,9.081408
2021-04-13,7.6023984,9.082148
2021-04-14,7.5879374,9.082887
2021-04-15,7.5750375,9.083627
2021-04-16,7.5637007,9.084367
2021-04-17,7.5539274,9.085106
2021-04-18,7.5457177,9.085846
2021-04-19,7.5390677,9.086586
2021-04-20,7.533974,9.087326
2021-04-21,7.530431,9.088065
2021-04-22,7.52843,9.088805
2021-04-23,7.527963,9.089545
2021-04-24,7.52902,9.090285
2021-04-25,7.5315876,9.091024
2021-04-26,7.5356526,9.091764
2021-04-27,7.5412,9.0925045
2021-04-28,7.5482135,9.093245
2021-04-29,7.5566745,9.093985
2021-04-30,7.566562,9.094725
2021-05-01,7.5778556,9.095464
2021-05-02,7.5905313,9.096204
2021-05-03,7.604564,9.096944
2021-05-04,7.6199274,9.097684
2021-05-05,7.6365933,9.098424
2021-05-06,7.6545324,9.099164
2021-05-07,7.6737127,9.099904
2021-05-08,7.6941023,9.100644
2021-05-09,7.7156672,9.101384
2021-05-10,7.7383723,9.102124
2021-05-11,7.7621818,9.102864
2021-05-12,7.7870593,9.103604
2021-05-13,7.8129663,9.104343
2021-05-14,7.839866,9.105083
2021-05-15,7.867719,9.1058235
2021-05-16,7.8964868,9.1065645
2021-05-17,7.92613,9.107305
2021-05-18,7.9566092,9.108045
2021-05-19,7.9878855,9.108785
2021-05-20,8.019918,9.109525
2021-05-21,8.05267,9.110265
2021-05-22,8.086099,9.111005
2021-05-23,8.120165,9.111745
2021-05-24,8.15483,9.112485
2021-05-25,8.190052,9.113225
2021-05-26,8.22579,9.113965
2021-05-27,8.262004,9.114705
2021-05-28,8.298652,9.115446
2021-05-29,8.335691,9.116186
2021-05-30,8.373078,9.116926
2021-05-31,8.410772,9.117666
2021-06-01,8.448727,9.118406
2021-06-02,8.486899,9.119146
2021-06-03,8.525246,9.119887
2021-06-04,8.563721,9.120627
2021-06-05,8.60228,9.121367
2021-06-06,8.64088,9.1221075
2021-06-07,8.679475,9.1228485
2021-06-08,8.718021,9.123589
2021-06-09,8.756476,9.124329
2021-06-10,8.794795,9.12507
2021-06-11,8.832936,9.12581
2021-06-12,8.870857,9.12655
2021-06-13,8.908515,9.12729
2021-06-14,8.94587,9.128031
2021-06-15,8.982883,9.128771
2021-06-16,9.019513,9.129512
2021-06-17,9.055721,9.130252
2021-06-18,9.09147,9.130992
2021-06-19,9.126721,9.131733
2021-06-20,9.161441,9.132473
2021-06-21,9.195591,9.133213
2021-06-22,9.229137,9.133954
2021-06-23,9.262045,9.134694
2021-06-24,9.294281,9.135435
2021-06-25,9.325812,9.136175
2021-06-26,9.356607,9.136916
2021-06-27,9.386633,9.137656
2021-06-28,9.41586,9.138397
2021-06-29,9.44426,9.139137
2021-06-30,9.471802,9.139878
2021-07-01,9.498461,9.140618
2021-07-02,9.524209,9.141359
2021-07-03,9.549023,9.142099
2021-07-04,9.572878,9.14284
2021-07-05,9.595753,9.14358
2021-07-06,9.617627,9.144321
2021-07-07,9.638481,9.145062
2021-07-08,9.6582985,9.1458025
2021-07-09,9.677063,9.1465435
2021-07-10,9.694761,9.147284
2021-07-11,9.711382,9.148025
2021-07-12,9.726913,9.148766
2021-07-13,9.741348,9.149506
2021-07-14,9.754679,9.150247
2021-07-15,9.766899,9.150988
2021-07-16,9.778006,9.151728
2021-07-17,9.787996,9.152469
2021-07-18,9.79687,9.15321
2021-07-19,9.804629,9.153951
2021-07-20,9.811274,9.154691
2021-07-21,9.81681,9.155432
2021-07-22,9.821241,9.156173
2021-07-23,9.824577,9.156913
2021-07-24,9.826826,9.157654
2021-07-25,9.827998,9.158395
2021-07-26,9.828105,9.159136
2021-07-27,9.827163,9.159877
2021-07-28,9.825185,9.160617
2021-07-29,9.822188,9.161358
2021-07-30,9.818193,9.162099
2021-07-31,9.813219,9.16284
2021-08-01,9.807286,9.163581
2021-08-02,9.80042,9.164322
2021-08-03,9.792643,9.165063
2021-08-04,9.783979,9.165804
2021-08-05,9.774458,9.166544
2021-08-06,9.764104,9.167285
2021-08-07,9.752947,9.168026
2021-08-08,9.7410145,9.168767
2021-08-09,9.728337,9.169508
2021-08-10,9.714944,9.170249
2021-08-11,9.700866,9.17099
2021-08-12,9.686132,9.171731
2021-08-13,9.670775,9.172472
2021-08-14,9.654825,9.173213
2021-08-15,9.638312,9.173954
2021-08-16,9.621267,9.174695
2021-08-17,9.603721,9.175436
2021-08-18,9.585702,9.176177
2021-08-19,9.567243,9.176918
2021-08-20,9.548371,9.177659
2021-08-21,9.529117,9.1784
2021-08-22,9.509508,9.179142
2021-08-23,9.4895735,9.179883
2021-08-24,9.469341,9.180624
2021-08-25,9.448838,9.181365
2021-08-26,9.428092,9.182106
2021-08-27,9.407126,9.182847
2021-08-28,9.385969,9.183588
2021-08-29,9.364644,9.18433
2021-08-30,9.343175,9.185071
2021-08-31,9.321587,9.185812
2021-09-01,9.299903,9.186553
2021-09-02,9.278145,9.187294
2021-09-03,9.256337,9.188036
2021-09-04,9.234502,9.188777
2021-09-05,9.212659,9.189518
2021-09-06,9.190833,9.190259
2021-09-07,9.169044,9.191001
2021-09-08,9.147312,9.191742
2021-09-09,9.12566,9.192483
2021-09-10,9.104108,9.193224
2021-09-11,9.082677,9.193966
2021-09-12,9.061388,9.194707
2021-09-13,9.040261,9.195448
2021-09-14,9.019319,9.19619
2021-09-15,8.998581,9.196931
2021-09-16,8.978069,9.197672
2021-09-17,8.957806,9.198414
2021-09-18,8.937812,9.199155
2021-09-19,8.918109,9.199897
2021-09-20,8.898719,9.200638
2021-09-21,8.879663,9.201379
2021-09-22,8.860964,9.202121
2021-09-23,8.842641,9.202862
2021-09-24,8.824716,9.203604
2021-09-25,8.807208,9.204345
2021-09-26,8.790137,9.205087
2021-09-27,8.77352,9.205828
2021-09-28,8.757377,9.20657
2021-09-29,8.741719,9.207311
2021-09-30,8.726564,9.208053
2021-10-01,8.7119255,9.208794
2021-10-02,8.697812,9.209536
2021-10-03,8.684236,9.210277
2021-10-04,8.671203,9.211019
2021-10-05,8.65872,9.2117605
2021-10-06,8.646793,9.212502
2021-10-07,8.635424,9.2132435
2021-10-08,8.624613,9.2139845
2021-10-09,8.614362,9.214726
2021-10-10,8.604669,9.215468
2021-10-11,8.59553,9.216209
2021-10-12,8.586941,9.216951
2021-10-13,8.5788965,9.217693
2021-10-14,8.57139,9.218434
2021-10-15,8.564413,9.219176
2021-10-16,8.557958,9.219918
2021-10-17,8.552012,9.220659
2021-10-18,8.546566,9.221401
2021-10-19,8.541606,9.222143
2021-10-20,8.537118,9.222885
2021-10-21,8.533088,9.223626
2021-10-22,8.529498,9.224368
2021-10-23,8.526331,9.22511
2021-10-24,8.523567,9.225852
2021-10-25,8.521189,9.226593
2021-10-26,8.519172,9.227335
2021-10-27,8.517495,9.228077
2021-10-28,8.516135,9.228819
2021-10-29,8.515067,9.229561
2021-10-30,8.514266,9.230303
2021-10-31,8.513705,9.231044
2021-11-01,8.513356,9.231786
2021-11-02,8.513192,9.232528
2021-11-03,8.513184,9.23327
2021-11-04,8.5133,9.234012
2021-11-05,8.513512,9.234754
2021-11-06,8.513785,9.235496
2021-11-07,8.5140915,9.236238
2021-11-08,8.514396,9.2369795
2021-11-09,8.514666,9.237721
2021-11-10,8.514868,9.238463
2021-11-11,8.514969,9.239205
2021-11-12,8.514935,9.239947
2021-11-13,8.5147295,9.240689
2021-11-14,8.51432,9.241431
2021-11-15,8.51367,9.242173
2021-11-16,8.512744,9.242915
2021-11-17,8.511508,9.243657
2021-11-18,8.509925,9.244399
2021-11-19,8.507959,9.245141
2021-11-20,8.505577,9.245883
2021-11-21,8.502742,9.246625
2021-11-22,8.499419,9.247367
2021-11-23,8.495574,9.248109
2021-11-24,8.491172,9.248851
2021-11-25,8.486178,9.249594
2021-11-26,8.480559,9.250336
2021-11-27,8.474282,9.251078
2021-11-28,8.467315,9.25182
2021-11-29,8.459622,9.252562
2021-11-30,8.451176,9.253304
2021-12-01,8.441944,9.254046
2021-12-02,8.431896,9.254788
2021-12-03,8.421005,9.25553
2021-12-04,8.409242,9.256272
2021-12-05,8.396582,9.257015
2021-12-06,8.3829975,9.257757
2021-12-07,8.368467,9.258499
2021-12-08,8.352968,9.259241
2021-12-09,8.336479,9.259984
2021-12-10,8.318982,9.260726
2021-12-11,8.300458,9.261468
2021-12-12,8.280892,9.262211
2021-12-13,8.26027,9.262953
2021-12-14,8.23858,9.263695
2021-12-15,8.21581,9.264438
2021-12-16,8.191954,9.26518
2021-12-17,8.167003,9.265922
2021-12-18,8.140953,9.2666645
2021-12-19,8.113801,9.267406
2021-12-20,8.085544,9.268149
2021-12-21,8.056183,9.268891
2021-12-22,8.025721,9.269633
2021-12-23,7.9941587,9.270376
2021-12-24,7.961503,9.271118
2021-12-25,7.92776,9.271861
2021-12-26,7.892938,9.272603
2021-12-27,7.857046,9.273346
2021-12-28,7.820096,9.274088
2021-12-29,7.7820992,9.274831
2021-12-30,7.743071,9.275573
2021-12-31,7.7030263,9.276316
2022-01-01,7.661983,9.277058
2022-01-02,7.619959,9.277801
2022-01-03,7.5769753,9.278543
2022-01-04,7.533054,9.279285
2022-01-05,7.488218,9.280028
2022-01-06,7.4424934,9.28077
2022-01-07,7.395907,9.281513
2022-01-08,7.3484883,9.282256
2022-01-09,7.3002677,9.282998
2022-01-10,7.2512784,9.283741
2022-01-11,7.2015543,9.284483
2022-01-12,7.1511316,9.285226
2022-01-13,7.100048,9.285969
2022-01-14,7.048344,9.286711
2022-01-15,6.996061,9.287454
2022-01-16,6.9432406,9.288197
2022-01-17,6.8899274,9.288939
2022-01-18,6.8361673,9.289681
2022-01-19,6.7820067,9.290424
2022-01-20,6.727493,9.291167
2022-01-21,6.6726747,9.29191
2022-01-22,6.6176023,9.292652
2022-01-23,6.562325,9.293395
2022-01-24,6.5068946,9.294138
2022-01-25,6.451363,9.294881
2022-01-26,6.3957815,9.295624
2022-01-27,6.340204,9.296366
2022-01-28,6.2846823,9.297109
2022-01-29,6.2292705,9.297852
2022-01-30,6.1740227,9.298594
2022-01-31,6.118993,9.299337
2022-02-01,6.064234,9.30008
2022-02-02,6.0098004,9.300823
2022-02-03,5.9557467,9.301566
2022-02-04,5.902126,9.302308
2022-02-05,5.8489923,9.303051
2022-02-06,5.796398,9.303794
2022-02-07,5.7443976,9.304537
2022-02-08,5.693043,9.30528
2022-02-09,5.642387,9.306023
2022-02-10,5.5924807,9.306766
2022-02-11,5.543375,9.307508
2022-02-12,5.495121,9.308251
2022-02-13,5.4477673,9.308994
2022-02-14,5.4013634,9.309737
2022-02-15,5.355957,9.31048
2022-02-16,5.311594,9.311223
2022-02-17,5.268321,9.311966
2022-02-18,5.2261825,9.312709
2022-02-19,5.185221,9.313453
2022-02-20,5.14548,9.314196
2022-02-21,5.107,9.314939
2022-02-22,5.069821,9.315681
2022-02-23,5.033981,9.316424
2022-02-24,4.9995174,9.317167
2022-02-25,4.966467,9.31791
2022-02-26,4.934864,9.318653
2022-02-27,4.9047422,9.319397
2022-02-28,4.876134,9.32014
2022-03-01,4.8490696,9.320883
2022-03-02,4.823579,9.321626
2022-03-03,4.79969,9.322369
2022-03-04,4.777429,9.3231125
2022-03-05,4.7568216,9.323855
2022-03-06,4.7378907,9.324598
2022-03-07,4.720659,9.325341
2022-03-08,4.705146,9.326085
2022-03-09,4.69137,9.326828
2022-03-10,4.679348,9.327571
2022-03-11,4.6690946,9.328314
2022-03-12,4.660623,9.329058
2022-03-13,4.653944,9.329801
2022-03-14,4.6490674,9.3305435
2022-03-15,4.646,9.331287
2022-03-16,4.6447473,9.33203
2022-03-17,4.645313,9.332774
2022-03-18,4.6476974,9.333517
2022-03-19,4.651901,9.33426
2022-03-20,4.65792,9.335004
2022-03-21,4.66575,9.335747
2022-03-22,4.6753845,9.336491
2022-03-23,4.686815,9.337234
2022-03-24,4.7000294,9.337976
2022-03-25,4.715015,9.33872
2022-03-26,4.731756,9.339463
2022-03-27,4.750236,9.340207
2022-03-28,4.7704344,9.34095
2022-03-29,4.79233,9.341694
2022-03-30,4.815898,9.342437
2022-03-31,4.841114,9.343181
2022-04-01,4.8679504,9.343924
2022-04-02,4.8963776,9.344667
2022-04-03,4.926365,9.34541
2022-04-04,4.95788,9.346154
2022-04-05,4.990888,9.346898
2022-04-06,5.0253544,9.347641
2022-04-07,5.0612426,9.348385
2022-04-08,5.098514,9.349128
2022-04-09,5.137131,9.349872
2022-04-10,5.1770535,9.3506155
2022-04-11,5.2182403,9.351358
2022-04-12,5.2606497,9.352102
2022-04-13,5.30424,9.352846
2022-04-14,5.3489685,9.353589
2022-04-15,5.3947906,9.354333
2022-04-16,5.4416623,9.355077
2022-04-17,5.489539,9.35582
2022-04-18,5.5383744,9.356564
2022-04-19,5.588123,9.357307
2022-04-20,5.6387377,9.358051
2022-04-21,5.6901712,9.358794
2022-04-22,5.7423763,9.359538
2022-04-23,5.795304,9.360282
2022-04-24,5.848906,9.361026
2022-04-25,5.903133,9.361769
2022-04-26,5.957936,9.362513
2022-04-27,6.0132647,9.363256
2022-04-28,6.0690694,9.364
2022-04-29,6.1253014,9.364744
2022-04-30,6.18191,9.365488
2022-05-01,6.2388463,9.366231
2022-05-02,6.2960615,9.366975
2022-05-03,6.3535066,9.367719
2022-05-04,6.4111333,9.368463
2022-05-05,6.468894,9.369206
2022-05-06,6.5267406,9.36995
2022-05-07,6.5846267,9.370694
2022-05-08,6.642505,9.371438
2022-05-09,6.7003307,9.372182
2022-05-10,6.758057,9.372926
2022-05-11,6.81564,9.37367
2022-05-12,6.8730354,9.3744135
2022-05-13,6.930199,9.375157
2022-05-14,6.9870887,9.375901
2022-05-15,7.0436616,9.376645
2022-05-16,7.0998755,9.377389
2022-05-17,7.155689,9.378133
2022-05-18,7.211061,9.378877
2022-05-19,7.265952,9.379621
2022-05-20,7.3203225,9.380364
2022-05-21,7.3741336,9.381108
2022-05-22,7.4273477,9.381852
2022-05-23,7.4799285,9.382596
2022-05-24,7.53184,9.38334
2022-05-25,7.5830483,9.384084
2022-05-26,7.6335216,9.384829
2022-05-27,7.6832275,9.385572
2022-05-28,7.732139,9.386316
2022-05-29,7.7802277,9.38706
2022-05-30,7.827469,9.387804
2022-05-31,7.8738394,9.388548
2022-06-01,7.919318,9.389293
2022-06-02,7.963886,9.390037
2022-06-03,8.007525,9.39078
2022-06-04,8.0502205,9.391524
2022-06-05,8.091959,9.392269
2022-06-06,8.132728,9.393013
2022-06-07,8.172517,9.393757
2022-06-08,8.211317,9.394501
2022-06-09,8.249121,9.395246
2022-06-10,8.285921,9.395989
2022-06-11,8.3217125,9.396733
2022-06-12,8.35649,9.397478
2022-06-13,8.390249,9.398222
2022-06-14,8.422987,9.398966
2022-06-15,8.4547,9.399711
2022-06-16,8.485385,9.4004545
2022-06-17,8.515039,9.401198
2022-06-18,8.543662,9.401943
2022-06-19,8.571252,9.402687
2022-06-20,8.597806,9.403432
2022-06-21,8.623326,9.404176
2022-06-22,8.647812,9.40492
2022-06-23,8.671265,9.405664
2022-06-24,8.693687,9.406408
2022-06-25,8.715082,9.407153
2022-06-26,8.7354555,9.407897
2022-06-27,8.754812,9.408642
2022-06-28,8.773161,9.409386
2022-06-29,8.790511,9.4101305
2022-06-30,8.806871,9.410874
2022-07-01,8.822257,9.411619
2022-07-02,8.836681,9.412363
2022-07-03,8.85016,9.413108
2022-07-04,8.862711,9.413853
2022-07-05,8.874354,9.414597
2022-07-06,8.88511,9.415341
2022-07-07,8.895001,9.416085
2022-07-08,8.904052,9.41683
2022-07-09,8.912285,9.417575
2022-07-10,8.919727,9.418319
2022-07-11,8.926405,9.419064
2022-07-12,8.932344,9.419807
2022-07-13,8.937575,9.420552
2022-07-14,8.942125,9.421297
2022-07-15,8.946024,9.422041
2022-07-16,8.949301,9.422786
2022-07-17,8.951986,9.423531
2022-07-18,8.95411,9.424275
2022-07-19,8.955703,9.425019
2022-07-20,8.956796,9.425764
2022-07-21,8.95742,9.426509
2022-07-22,8.957607,9.427254
2022-07-23,8.957389,9.427998
2022-07-24,8.956797,9.428742
2022-07-25,8.955862,9.429487
2022-07-26,8.9546175,9.430232
2022-07-27,8.953095,9.430977
2022-07-28,8.95133,9.431721
2022-07-29,8.949353,9.432466
2022-07-30,8.947199,9.43321
2022-07-31,8.9449005,9.433955
2022-08-01,8.942494,9.4347
2022-08-02,8.940015,9.435445
2022-08-03,8.937496,9.43619
2022-08-04,8.934977,9.4369335
2022-08-05,8.932492,9.437678
2022-08-06,8.930081,9.438423
2022-08-07,8.927782,9.439168
2022-08-08,8.9256315,9.439913
2022-08-09,8.923672,9.440658
2022-08-10,8.921942,9.441402
2022-08-11,8.920483,9.442147
2022-08-12,8.919335,9.442892
2022-08-13,8.918541,9.443637
2022-08-14,8.918142,9.444382
2022-08-15,8.9181795,9.445127
2022-08-16,8.918695,9.445871
2022-08-17,8.919731,9.446616
2022-08-18,8.921329,9.447361
2022-08-19,8.923528,9.448106
2022-08-20,8.926369,9.448851
2022-08-21,8.929892,9.449596
2022-08-22,8.9341345,9.450341
2022-08-23,8.939136,9.451086
2022-08-24,8.944929,9.451831
2022-08-25,8.95155,9.452576
2022-08-26,8.95903,9.4533205
2022-08-27,8.967401,9.454065
2022-08-28,8.976689,9.454811
2022-08-29,8.986922,9.455556
2022-08-30,8.998123,9.456301
2022-08-31,9.010313,9.457046
2022-09-01,9.023512,9.45779
2022-09-02,9.037735,9.458536
2022-09-03,9.052998,9.459281
2022-09-04,9.069311,9.460026
2022-09-05,9.086683,9.460771
2022-09-06,9.105123,9.461516
2022-09-07,9.124633,9.462261
2022-09-08,9.145216,9.463006
2022-09-09,9.166872,9.463751
2022-09-10,9.189598,9.464497
2022-09-11,9.213389,9.465241
2022-09-12,9.238239,9.465986
2022-09-13,9.264139,9.466732
2022-09-14,9.291077,9.467477
2022-09-15,9.319039,9.468222
2022-09-16,9.348011,9.468967
2022-09-17,9.377975,9.469712
2022-09-18,9.408913,9.470458
2022-09-19,9.440803,9.471203
2022-09-20,9.473621,9.471948
2022-09-21,9.507344,9.472693
2022-09-22,9.541946,9.473438
2022-09-23,9.577399,9.474184
2022-09-24,9.613674,9.474929
2022-09-25,9.650742,9.475675
2022-09-26,9.68857,9.476419
2022-09-27,9.727127,9.477165
2022-09-28,9.766379,9.47791
2022-09-29,9.806295,9.478656
2022-09-30,9.84684,9.479401
2022-10-01,9.887978,9.480146
2022-10-02,9.929675,9.480891
2022-10-03,9.971895,9.481637
2022-10-04,10.014602,9.482383
2022-10-05,10.057759,9.483128
2022-10-06,10.101331,9.483873
2022-10-07,10.145278,9.484618
2022-10-08,10.189564,9.485364
2022-10-09,10.23415,9.48611
2022-10-10,10.278998,9.486855
2022-10-11,10.324068,9.4876
2022-10-12,10.36932,9.488346
2022-10-13,10.414713,9.489091
2022-10-14,10.460205,9.489837
2022-10-15,10.505756,9.490582
2022-10-16,10.551323,9.491327
2022-10-17,10.596862,9.492073
2022-10-18,10.64233,9.492819
2022-10-19,10.687683,9.493564
2022-10-20,10.732878,9.494309
2022-10-21,10.777868,9.495055
2022-10-22,10.822611,9.495801
2022-10-23,10.867061,9.496547
2022-10-24,10.911174,9.497292
2022-10-25,10.9549055,9.498037
2022-10-26,10.998212,9.498783
2022-10-27,11.041048,9.499529
2022-10-28,11.08337,9.500275
2022-10-29,11.125134,9.5010195
2022-10-30,11.166297,9.501765
2022-10-31,11.206815,9.502511
2022-11-01,11.246646,9.503257
2022-11-02,11.285747,9.504003
2022-11-03,11.324076,9.504748
2022-11-04,11.361591,9.505494
2022-11-05,11.398255,9.50624
2022-11-06,11.434027,9.506986
2022-11-07,11.468866,9.507731
2022-11-08,11.502737,9.508477
2022-11-09,11.535602,9.509223
2022-11-10,11.567423,9.509969
2022-11-11,11.598166,9.510715
2022-11-12,11.627799,9.51146
2022-11-13,11.656287,9.512206
2022-11-14,11.683599,9.512952
2022-11-15,11.709706,9.513698
2022-11-16,11.734579,9.514443
2022-11-17,11.758191,9.515189
2022-11-18,11.780517,9.515935
2022-11-19,11.801533,9.516681
2022-11-20,11.821218,9.5174265
2022-11-21,11.839549,9.518172
2022-11-22,11.856509,9.518918
2022-11-23,11.872081,9.519664
2022-11-24,11.886249,9.52041
2022-11-25,11.898996,9.521156
2022-11-26,11.910315,9.521902
2022-11-27,11.920191,9.522648
2022-11-28,11.9286175,9.523394
2022-11-29,11.935587,9.524139
2022-11-30,11.941093,9.524886
2022-12-01,11.945135,9.525632
2022-12-02,11.947709,9.526378
2022-12-03,11.948814,9.527123
2022-12-04,11.948454,9.527869
2022-12-05,11.9466305,9.528616
2022-12-06,11.943347,9.529362
2022-12-07,11.938612,9.5301075
2022-12-08,11.932431,9.530854
2022-12-09,11.924816,9.5316
2022-12-10,11.915777,9.532346
2022-12-11,11.905329,9.533092
2022-12-12,11.893486,9.533838
2022-12-13,11.880265,9.534584
2022-12-14,11.865685,9.53533
2022-12-15,11.849766,9.536077
2022-12-16,11.832528,9.536822
2022-12-17,11.813995,9.537569
2022-12-18,11.794192,9.538315
2022-12-19,11.773145,9.539061
2022-12-20,11.750882,9.539807
2022-12-21,11.727433,9.540553
2022-12-22,11.702828,9.5413
2022-12-23,11.677101,9.542046
2022-12-24,11.650286,9.542792
2022-12-25,11.6224165,9.543538
2022-12-26,11.593533,9.544285
2022-12-27,11.563671,9.545031
2022-12-28,11.532872,9.545777
2022-12-29,11.501177,9.546523
2022-12-30,11.468626,9.54727
2022-12-31,11.435264,9.548016
2023-01-01,11.401133,9.548762
2023-01-02,11.366278,9.549508
2023-01-03,11.330745,9.550255
2023-01-04,11.294579,9.551002
2023-01-05,11.257828,9.551747
2023-01-06,11.220539,9.552494
2023-01-07,11.182759,9.55324
2023-01-08,11.144537,9.553987
2023-01-09,11.10592,9.554733
2023-01-10,11.066957,9.555479
2023-01-11,11.027698,9.556226
2023-01-12,10.988191,9.5569725
2023-01-13,10.948484,9.557718
2023-01-14,10.908628,9.558465
2023-01-15,10.868672,9.559212
2023-01-16,10.828665,9.5599575
2023-01-17,10.788654,9.560704
2023-01-18,10.748692,9.561451
2023-01-19,10.708825,9.562198
2023-01-20,10.669103,9.562943
2023-01-21,10.629574,9.56369
2023-01-22,10.590285,9.564437
2023-01-23,10.551286,9.565184
2023-01-24,10.512622,9.56593
2023-01-25,10.47434,9.566676
2023-01-26,10.436487,9.567423
2023-01-27,10.399107,9.56817
2023-01-28,10.362243,9.568916
2023-01-29,10.325939,9.569663
2023-01-30,10.2902355,9.57041
2023-01-31,10.255175,9.5711565
2023-02-01,10.220794,9.571902
2023-02-02,10.187131,9.572649
2023-02-03,10.154223,9.573396
2023-02-04,10.122106,9.574142
2023-02-05,10.090809,9.574889
2023-02-06,10.060367,9.575636
2023-02-07,10.0308075,9.576383
2023-02-08,10.002159,9.577129
2023-02-09,9.974447,9.577876
2023-02-10,9.947698,9.578623
2023-02-11,9.921931,9.57937
2023-02-12,9.897168,9.580116
2023-02-13,9.873427,9.580863
2023-02-14,9.850726,9.58161
2023-02-15,9.82908,9.582356
2023-02-16,9.808499,9.583103
2023-02-17,9.788999,9.58385
2023-02-18,9.770586,9.584597
2023-02-19,9.75327,9.585343
2023-02-20,9.737056,9.58609
2023-02-21,9.72195,9.586838
2023-02-22,9.707954,9.5875845
2023-02-23,9.695069,9.588331
2023-02-24,9.683297,9.589078
2023-02-25,9.672633,9.589825
2023-02-26,9.663076,9.590571
2023-02-27,9.65462,9.591318
2023-02-28,9.647261,9.592066
2023-03-01,9.640988,9.592813
2023-03-02,9.635796,9.593559
2023-03-03,9.631672,9.594306
2023-03-04,9.628606,9.595054
2023-03-05,9.626585,9.5958
2023-03-06,9.625596,9.596547
2023-03-07,9.625625,9.597294
2023-03-08,9.626655,9.598042
2023-03-09,9.628669,9.598788
2023-03-10,9.631649,9.599535
2023-03-11,9.635578,9.600283
2023-03-12,9.640436,9.601029
2023-03-13,9.646203,9.601776
2023-03-14,9.652858,9.602524
2023-03-15,9.660378,9.603271
2023-03-16,9.668744,9.604017
2023-03-17,9.677932,9.604765
2023-03-18,9.687919,9.605512
2023-03-19,9.698682,9.606258
2023-03-20,9.710197,9.607006
2023-03-21,9.722442,9.607753
2023-03-22,9.735391,9.6085005
2023-03-23,9.749021,9.609247
2023-03-24,9.763308,9.609995
2023-03-25,9.778226,9.610742
2023-03-26,9.793754,9.611489
2023-03-27,9.809866,9.612236
2023-03-28,9.826538,9.612983
2023-03-29,9.843747,9.61373
2023-03-30,9.861469,9.614478
2023-03-31,9.87968,9.615225
2023-04-01,9.898357,9.6159725
2023-04-02,9.917477,9.616719
2023-04-03,9.937015,9.617467
2023-04-04,9.956949,9.618214
2023-04-05,9.977256,9.618961
2023-04-06,9.997912,9.619708
2023-04-07,10.018895,9.620456
2023-04-08,10.040182,9.621203
2023-04-09,10.061749,9.62195
2023-04-10,10.083574,9.622698
2023-04-11,10.105635,9.6234455
2023-04-12,10.127908,9.624192
2023-04-13,10.150372,9.62494
2023-04-14,10.173003,9.625688
2023-04-15,10.195781,9.626434
2023-04-16,10.218682,9.627182
2023-04-17,10.241687,9.62793
2023-04-18,10.264773,9.628676
2023-04-19,10.28792,9.629424
2023-04-20,10.311108,9.630172
2023-04-21,10.334315,9.630919
2023-04-22,10.357525,9.631667
2023-04-23,10.380716,9.632414
2023-04-24,10.403873,9.633162
2023-04-25,10.426977,9.633909
2023-04-26,10.450011,9.634657
2023-04-27,10.4729595,9.635405
2023-04-28,10.495806,9.636151
2023-04-29,10.518535,9.636899
2023-04-30,10.541133,9.637647
2023-05-01,10.563584,9.638394
2023-05-02,10.585877,9.639142
2023-05-03,10.607997,9.63989
2023-05-04,10.629931,9.640637
2023-05-05,10.651668,9.641385
2023-05-06,10.673193,9.642132
2023-05-07,10.694498,9.6428795
2023-05-08,10.7155695,9.643627
2023-05-09,10.736399,9.644375
2023-05-10,10.756972,9.645123
2023-05-11,10.777283,9.64587
2023-05-12,10.797318,9.646618
2023-05-13,10.817069,9.647366
2023-05-14,10.836527,9.648113
2023-05-15,10.85568,9.648861
2023-05-16,10.874522,9.649609
2023-05-17,10.893043,9.650356
2023-05-18,10.911235,9.651104
2023-05-19,10.92909,9.651853
2023-05-20,10.9466,9.6526
2023-05-21,10.963759,9.653348
2023-05-22,10.980562,9.654096
2023-05-23,10.997001,9.654843
2023-05-24,11.013071,9.655591
2023-05-25,11.028767,9.656339
2023-05-26,11.044085,9.657086
2023-05-27,11.05902,9.657834
2023-05-28,11.073567,9.658583
2023-05-29,11.087724,9.65933
2023-05-30,11.101485,9.660078
2023-05-31,11.114848,9.660826
2023-06-01,11.127808,9.661573
2023-06-02,11.140362,9.662322
2023-06-03,11.152506,9.66307
2023-06-04,11.164236,9.663817
2023-06-05,11.175549,9.664565
2023-06-06,11.1864395,9.665314
2023-06-07,11.196904,9.666061
